Season,Team1,Team2,Target,GameType,WinPct_Diff,AvgPointsFor_Diff,AvgPointsAgainst_Diff,AvgMargin_Diff,eFG_Off_Diff,TORate_Off_Diff,ORBRate_Off_Diff,FTRate_Off_Diff,Elo_RegSeason_Diff,SeedNum_Diff,IsSeeded_Diff,ConfStrength_Rank_Diff,Last15WinPct_Diff,Last15AvgMargin_Diff,ConfTourneyChamp_Diff
2010,3124,3201,1,Tournament,-0.09943181818181823,-1.3607954545454533,-3.732007575757578,2.3712121212121247,-0.002196563459719969,0.0276236677478294,0.01580675274592591,0.1120390787458917,-33.1834885837136,-9.0,0.0,-10.0,-0.33333333333333326,-12.400000000000002,0.0
2010,3173,3395,1,Tournament,0.04086021505376347,-0.7193548387096769,-1.6548387096774206,0.9354838709677367,-0.004659253876227398,0.0026273759119110063,0.036972215647517626,-0.013053934198317296,27.698940358212894,-1.0,0.0,3.0,0.06666666666666665,3.7333333333333307,0.0
2010,3181,3214,1,Tournament,0.19858870967741937,8.626008064516128,0.8689516129032242,7.757056451612904,0.010361128747522652,0.009707152106162187,0.08873264390359858,-0.033029214566597714,116.58697349634735,-13.0,0.0,-27.0,-0.1333333333333332,-6.933333333333332,0.0
2010,3199,3256,1,Tournament,0.09677419354838712,0.48387096774192173,-4.903225806451616,5.387096774193536,-5.237257736473433e-05,0.026185307912444195,0.03038431753464821,-0.02304651436183941,48.6839584958916,-11.0,0.0,-9.0,0.06666666666666676,8.133333333333333,-1.0
2010,3207,3265,1,Tournament,0.0121212121212122,-0.14848484848485555,0.45757575757576063,-0.6060606060606162,-0.05323265355832718,0.006594051970140097,0.11435888082281681,-0.034324890582783485,39.57327628691405,-7.0,0.0,-18.0,-0.06666666666666676,-5.8,-1.0
2010,3208,3408,1,Tournament,-0.07056451612903225,-6.938508064516128,-5.670362903225808,-1.2681451612903203,-0.04585781997448041,-0.018305528528406084,0.04289597656155897,-0.03470635625598989,-68.89726925705008,-7.0,0.0,-3.0,-0.4,-7.133333333333333,-1.0
2010,3211,3314,1,Tournament,0.23763440860215057,4.435483870967744,-9.021505376344095,13.456989247311832,0.05779996961662437,-0.013517580658989198,-0.05644718297573342,-0.0318943310734294,115.22386030034886,-3.0,0.0,11.0,0.6,32.0,1.0
2010,3234,3353,1,Tournament,0.03125,12.65625,10.09375,2.5625,0.061925449340258676,-0.01851536360317349,-0.028301475571661017,0.004382123641231889,17.531311587012624,-1.0,0.0,1.0,0.19999999999999996,5.6,0.0
2010,3246,3251,1,Tournament,-0.05745967741935487,7.680443548387103,9.060483870967744,-1.3800403225806406,-0.041256068939200696,-0.05788068018859652,-0.11068508506890012,0.026292120686840836,-27.639920402609505,-9.0,0.0,-12.0,-0.19999999999999996,-8.933333333333334,-1.0
2010,3216,3261,0,Tournament,0.18131256952169073,-6.379310344827587,-2.008898776418242,-4.370411568409345,-0.016788370945563236,0.045744819297705075,-0.034177078323888,-0.011735569191064998,63.029259681767144,3.0,0.0,10.0,0.46666666666666656,10.599999999999998,0.0
2010,3132,3277,0,Tournament,0.10850439882697949,6.307917888563054,0.7663734115347083,5.541544477028344,0.038714462816322626,-0.017212224863716985,-0.026973919632770682,-0.0008237563773522139,-6.507412680310836,7.0,0.0,12.0,0.13333333333333341,5.999999999999998,1.0
2010,3151,3329,0,Tournament,0.05303030303030298,-5.476325757575751,-5.405303030303031,-0.07102272727272041,-0.004894481380010696,0.043202665594551604,-0.03306122467174061,0.022770019697598287,3.245272320807544,9.0,0.0,17.0,0.33333333333333337,12.466666666666667,1.0
2010,3343,3385,0,Tournament,0.12857142857142856,1.0047619047619065,-5.802380952380943,6.807142857142855,-0.0035033937936545523,0.0116550477958543,0.007944588673709563,-0.0029941579430055043,10.455768829770932,5.0,0.0,16.0,0.2666666666666667,12.73333333333333,0.0
2010,3390,3415,1,Tournament,0.4375,13.78125,-9.03125,22.8125,0.046549198818303106,-0.027524027023998088,-0.0012952571623836007,-0.00944818266512401,185.13655110264426,-15.0,0.0,-21.0,0.19999999999999996,18.4,0.0
2010,3122,3397,0,Tournament,-0.46875,-7.90625,15.09375,-23.0,-0.027360833341657564,0.006791341040754878,-0.031034783941467192,0.11599753743778163,-205.94275937595717,15.0,0.0,23.0,-0.2666666666666666,-13.466666666666667,0.0
2010,3340,3401,0,Tournament,-0.24791666666666667,-7.474999999999994,6.279166666666669,-13.754166666666663,-0.005457316932352407,0.004171515559205974,-0.020464801458083437,-0.005385076046654891,-185.96182357216662,13.0,0.0,22.0,-0.06666666666666665,-4.066666666666666,0.0
2010,3114,3210,1,Tournament,0.09375,0.625,-5.25,5.875,0.04533444203461279,-0.05420535711607272,-0.07318472942008702,-0.0825444514513041,29.9890798749625,5.0,0.0,12.0,0.33333333333333326,15.933333333333334,0.0
2010,3163,3380,1,Tournament,0.2666666666666667,22.881818181818183,-6.309090909090912,29.190909090909095,0.1819274974324187,-0.0634476936226254,0.027970704361807597,0.02277106706786569,238.03244137736397,-15.0,0.0,-28.0,0.1333333333333333,19.466666666666665,0.0
2010,3235,3250,1,Tournament,-0.14762931034482762,0.1875,-0.9827586206896584,1.1702586206896584,0.04567857961579602,0.0037487475953000005,0.068899587768953,-0.017332185374138998,-30.631132108001566,-9.0,0.0,-25.0,-0.2666666666666667,-7.2,-1.0
2010,3280,3292,1,Tournament,-0.22043010752688175,-11.109677419354838,-4.002150537634407,-7.10752688172043,-0.03719335201803098,-0.02394745264390899,0.020053284210478528,0.004481980142132802,-102.55104586260336,-3.0,0.0,-9.0,-0.4666666666666667,-23.400000000000002,-1.0
2010,3304,3320,1,Tournament,0.4505376344086023,9.75483870967743,-7.403225806451616,17.15806451612905,0.00707834232561072,-0.02729793887800841,-0.004145922363083809,0.05197404130521033,140.89525588981746,-15.0,0.0,-11.0,0.2666666666666666,7.133333333333334,-1.0
2010,3156,3323,0,Tournament,-0.2631048387096774,-10.198588709677423,1.3508064516128968,-11.549395161290327,0.013826680966295635,0.01896702209510609,0.015916608916723363,0.027513566477013585,-100.36549840361317,13.0,0.0,17.0,-0.06666666666666665,-1.4000000000000004,1.0
2010,3326,3384,1,Tournament,0.33396584440227706,8.885199240986722,-4.596774193548384,13.481973434535107,0.018752729309631122,-0.007339993523241883,-0.02045194100293457,0.06722182502525922,120.64182693909243,-13.0,0.0,-18.0,0.13333333333333341,3.733333333333335,0.0
2010,3328,3355,1,Tournament,0.019550342130987386,-2.690127077223849,4.27956989247312,-6.969696969696969,-0.08948431721681255,-0.049638206998061374,0.03210062807828501,-0.0824794571753252,90.72864162756309,-11.0,0.0,-29.0,-0.2666666666666667,-20.0,-1.0
2010,3361,3400,1,Tournament,-0.01008064516129037,-8.394153225806448,-6.47782258064516,-1.9163306451612883,0.013984889499347175,0.03398727749152522,0.0484628074394316,-0.08718029212577919,2.2738113815680663,5.0,0.0,6.0,0.0,0.5333333333333341,1.0
2010,3241,3396,0,Tournament,0.0625,9.3125,6.09375,3.21875,0.004133073492945394,-0.02324027038258558,0.010133795367692378,0.04183094788313091,17.208639013929997,1.0,0.0,-1.0,0.0,3.1333333333333346,1.0
2010,3301,3417,0,Tournament,-0.14393939393939392,-2.745265151515156,5.641098484848477,-8.38636363636364,-0.01848629215121933,0.01556869450242801,-0.043880066950063856,0.056085133352831995,-30.10770165306758,1.0,0.0,-4.0,-0.2666666666666667,-12.933333333333334,0.0
2010,3177,3435,0,Tournament,-0.03125,-1.40625,1.375,-2.78125,-0.038628625109838,0.0038575927235726948,0.019182109876617892,-0.01488740608263181,7.4760586864015295,5.0,0.0,-2.0,0.0,-1.1333333333333333,0.0
2010,3436,3458,1,Tournament,0.13508064516129037,4.202620967741936,-0.5927419354838719,4.795362903225808,-0.05869147393352958,-0.03457019716652768,0.03130308022148226,0.02218464801312231,52.57504563554244,3.0,0.0,11.0,0.20000000000000007,7.733333333333333,1.0
2010,3249,3452,0,Tournament,-0.07429130009775176,11.146627565982406,15.341153470185724,-4.194525904203317,0.029474687024256097,-0.024364017824024697,-0.03315141873577632,-0.016413410223161812,-89.61807307747472,11.0,0.0,22.0,0.06666666666666676,5.933333333333333,1.0
2010,3438,3453,0,Tournament,-0.16666666666666674,-2.799999999999997,5.866666666666674,-8.666666666666664,-0.09049762898026059,-0.02055971809724569,-2.3925273805625036e-05,-0.024709706511683915,7.161002388932047,-7.0,0.0,-18.0,-0.06666666666666665,-5.866666666666666,0.0
2010,3190,3462,0,Tournament,-0.15806451612903227,5.676344086021501,14.399999999999999,-8.723655913978497,-0.014536698124454406,-0.009398368599294493,0.03172123228158236,0.024796263371523103,-94.15806457556141,11.0,0.0,14.0,-0.06666666666666676,-4.266666666666666,0.0
2010,3124,3207,1,Tournament,-0.08125000000000004,4.060416666666669,-1.5229166666666671,5.583333333333336,0.03694114842465179,0.009530491030885907,-0.07191780836814571,0.0819720329114258,-27.693894892471462,-1.0,0.0,-2.0,-0.1333333333333333,-0.9333333333333336,0.0
2010,3181,3261,1,Tournament,0.15409482758620685,2.214439655172413,2.9245689655172384,-0.7101293103448256,-0.019898881110314737,0.05009614539858928,0.07946769460307701,-0.048349041665806,109.74804559838935,-5.0,0.0,-3.0,0.33333333333333337,1.4000000000000004,1.0
2010,3199,3385,1,Tournament,0.03870967741935483,4.175268817204298,1.652688172043014,2.522580645161284,0.009454605815218509,0.0329220722623588,0.03202688942615589,0.008101609552082889,14.720378806585131,-3.0,0.0,-1.0,0.06666666666666676,4.799999999999999,0.0
2010,3208,3329,1,Tournament,0.04496578690127073,-9.789833822091879,-12.481915933528839,2.6920821114369593,-0.031927221632958025,0.04449709913817751,0.019247103649066177,-0.0124700951419289,-51.291977382258665,1.0,0.0,4.0,-0.06666666666666665,2.8666666666666667,0.0
2010,3211,3401,1,Tournament,0.08971774193548387,5.560483870967744,-2.5423387096774235,8.10282258064516,0.02227766820473759,0.01025209833605048,-0.01693160205336941,0.022096247639466604,-26.332113960582774,5.0,0.0,12.0,0.33333333333333337,22.0,0.0
2010,3246,3277,1,Tournament,0.07157258064516125,6.48689516129032,-1.2298387096774164,7.716733870967737,-0.012408378803295372,-0.023291918517337307,-0.025403184408190393,0.0362983336363627,-22.20955862911228,-1.0,0.0,1.0,0.0,0.33333333333333304,0.0
2010,3234,3390,0,Tournament,-0.375,-7.6875,12.125,-19.8125,-0.03694353234032105,0.014503654834860602,0.02455186134910331,0.007342675568749291,-114.56812532026629,7.0,0.0,-2.0,-0.2666666666666667,-19.799999999999997,-1.0
2010,3173,3397,0,Tournament,-0.16330645161290325,-2.5131048387096797,1.9576612903225765,-4.470766129032263,-0.009410472502402678,-0.003334962322334517,-0.022861542414135294,0.0412583721004266,-114.07233188679083,7.0,0.0,5.0,-0.19999999999999996,-1.2666666666666693,-1.0
2010,3163,3396,1,Tournament,0.25,19.452651515151516,-8.211174242424242,27.663825757575758,0.13825888951336102,-0.032663089038054094,0.009221659041375396,0.027365615035606,171.52730313260327,-7.0,0.0,-7.0,0.19999999999999996,21.066666666666666,1.0
2010,3235,3453,1,Tournament,-0.10804597701149432,-6.566666666666663,-3.2160919540229855,-3.3505747126436702,-0.00998336590662946,-0.0028005223970321014,-0.004189957704900493,-0.06317910105727684,17.146212875261654,-8.0,0.0,-19.0,0.0,-4.933333333333333,0.0
2010,3280,3326,1,Tournament,-0.26944971537001894,-7.562618595825427,-1.4354838709677438,-6.127134724857681,-0.024277681045618393,-0.003848378545994402,0.016869234566857405,-0.09026150221563112,-125.80804788973501,5.0,0.0,1.0,-0.2666666666666667,-6.066666666666668,-1.0
2010,3304,3417,1,Tournament,0.21666666666666679,9.806250000000006,1.65625,8.15000000000001,0.03355950302377919,-0.03462322614468061,-0.08961954359563407,0.12319362042407672,80.59497464942137,-7.0,0.0,-5.0,0.06666666666666654,3.466666666666667,0.0
2010,3323,3436,1,Tournament,0.03125,10.125,6.5,3.625,0.028792477904549363,0.01521666168832439,0.02659602449217624,-0.0037846257736394995,31.629722957822423,-8.0,0.0,-12.0,-0.06666666666666676,-4.533333333333333,-1.0
2010,3114,3328,0,Tournament,0.11553030303030298,-4.853219696969703,-14.260416666666671,9.407196969696969,0.012956999832068772,-0.01744808215893512,-0.004822716204951505,-0.025964314504975494,-25.309480033353566,8.0,0.0,13.0,0.33333333333333326,16.866666666666667,0.0
2010,3361,3452,1,Tournament,-0.17106549364613888,2.1143695014662782,5.921798631476051,-3.8074291300097727,0.0531181977088519,0.02042728678196362,0.03819063776757259,-0.03169783766317161,-62.71363088219482,8.0,0.0,4.0,-0.06666666666666665,4.466666666666668,1.0
2010,3435,3462,0,Tournament,-0.21250000000000002,-2.5645833333333314,6.243749999999999,-8.80833333333333,0.03146772547127796,0.006620539299303507,-0.007038942502902712,-0.002036079310744482,-100.57812024997565,3.0,0.0,-5.0,-0.4,-16.266666666666666,-1.0
2010,3124,3397,1,Tournament,-0.21875,-2.0,0.15625,-2.15625,-0.003308787985479178,-0.0010996438588241064,-0.05076620934059062,0.1287221730949259,-113.08726243217984,3.0,0.0,-4.0,-0.33333333333333326,-9.600000000000001,-1.0
2010,3181,3361,1,Tournament,0.16633064516129037,6.206653225806448,-2.64717741935484,8.853830645161288,-0.05697144288910572,-0.031223971168941517,0.0331439807413455,0.0262843509212575,79.26929744120889,-9.0,0.0,-5.0,0.13333333333333341,2.0,0.0
2010,3208,3390,0,Tournament,-0.22681451612903225,-14.157258064516128,0.5796370967741922,-14.73689516129032,-0.09608971557991336,0.003628317585636809,0.06797472026839341,-0.012460133186129096,-162.1603113993683,4.0,0.0,-1.0,-0.5333333333333333,-25.53333333333333,-1.0
2010,3211,3462,0,Tournament,-0.029032258064516148,8.902150537634412,1.045161290322575,7.85698924731183,0.02954059086969607,-0.009868782484405508,-0.004325810712316025,-0.021582707921383698,-31.71408770275866,4.0,0.0,3.0,0.0,14.600000000000001,0.0
2010,3163,3235,1,Tournament,0.24137931034482762,15.515151515151516,-6.759665621734584,22.2748171368861,0.07205190596435118,-0.02299755432390979,0.03841536000516799,0.0031118471273249015,175.57217084438275,-3.0,0.0,2.0,0.2666666666666667,22.133333333333333,1.0
2010,3199,3280,1,Tournament,0.22580645161290325,4.451612903225794,-0.6451612903225765,5.096774193548367,-0.0005401582451888265,0.02831785118180058,0.026754630028237802,0.0554244164700215,100.69182235400626,-4.0,0.0,-3.0,0.2666666666666667,10.2,0.0
2010,3246,3304,1,Tournament,-0.18541666666666679,-3.4937500000000057,-0.375,-3.1187500000000092,-0.0449385324943502,0.013178372374091002,0.019988314947817665,-0.032379995723965604,-107.03124505548362,3.0,0.0,4.0,-0.19999999999999996,-6.533333333333334,0.0
2010,3323,3328,0,Tournament,0.14678030303030298,5.146780303030297,-4.791666666666671,9.938446969696969,0.002041739819334365,-0.005124937828096809,0.002805395843933134,0.006502832968385414,13.198441981038513,-1.0,0.0,2.0,0.1333333333333333,8.133333333333333,0.0
2010,3124,3181,1,Tournament,-0.125,0.5,1.78125,-1.28125,0.03584949299711143,-0.0025170008607967864,-0.10050991355772582,0.1044472546792572,-77.9076100780112,2.0,0.0,-1.0,-0.20000000000000007,-6.066666666666667,-1.0
2010,3390,3462,1,Tournament,0.06874999999999998,5.091666666666669,-2.6312500000000014,7.72291666666667,0.05739498453439962,-0.011375493488263,-0.05318907892411845,0.0034195696976573042,28.304234488810835,-2.0,0.0,-4.0,0.0,9.2,0.0
2010,3163,3199,1,Tournament,0.16129032258064513,6.773216031280555,-12.661779081133922,19.434995112414477,0.11468608657524021,-0.04020824731278019,0.014749336818883185,-0.0118190436588681,129.07074648030812,-2.0,0.0,1.0,0.19999999999999996,15.666666666666666,1.0
2010,3246,3328,0,Tournament,0.08428030303030298,2.2092803030302974,-8.541666666666671,10.750946969696969,-0.015507487404583797,-0.004848886004781422,-0.003791065773122604,0.07234539610909732,-39.25203701513442,1.0,0.0,4.0,0.1333333333333333,7.6,0.0
2010,3124,3163,0,Tournament,-0.28125,-9.421401515151516,10.086174242424242,-19.507575757575758,-0.11130359387870159,0.02302324456339161,-0.06636867636700261,0.0778154998102279,-175.2756921011578,3.0,0.0,-2.0,-0.4,-25.066666666666666,-1.0
2010,3328,3390,0,Tournament,-0.271780303030303,-5.428030303030297,12.697916666666671,-18.12594696969697,-0.07254453813812672,-0.0019319254703069888,0.040116719901252706,-0.010764275370715809,-73.89521897045574,2.0,0.0,-5.0,-0.4,-25.0,-1.0
2010,3163,3390,1,Tournament,0.03125,4.390151515151516,-7.211174242424242,11.601325757575758,0.043990319256223764,-0.016349995939829304,0.10560791119941032,0.0031797298049648925,62.21801610235957,0.0,0.0,-3.0,0.0,4.0,0.0
2011,3177,3298,1,Tournament,0.1730205278592376,16.327468230694038,6.2375366568915,10.089931573802538,0.017312569524889965,-0.010905026360132908,-0.007130112557071688,0.0338924931555564,108.58661649676901,-11.0,0.0,-16.0,0.0,2.466666666666666,-1.0
2011,3181,3404,1,Tournament,0.22883064516129037,-2.414314516129039,-13.058467741935488,10.644153225806448,-0.04047763484333172,0.002038650726890995,0.06776654259052772,-0.04928857455254229,130.0911231104185,-13.0,0.0,-24.0,0.0,4.399999999999999,0.0
2011,3132,3210,0,Tournament,0.17803030303030298,6.069128787878782,0.6704545454545467,5.398674242424237,0.00929015327561461,-0.040118925585325815,-0.06465117318429747,0.042247712781854296,30.66959821590217,7.0,0.0,7.0,0.2666666666666667,6.266666666666666,1.0
2011,3211,3234,1,Tournament,0.1376344086021506,14.66129032258064,-1.4193548387096797,16.08064516129032,0.02493471140777659,-0.031831483316197284,0.0408745920932152,-0.07885580185852528,68.66846901814142,5.0,0.0,8.0,0.33333333333333337,23.133333333333333,1.0
2011,3214,3246,0,Tournament,0.056451612903225756,-5.451612903225808,-8.53125,3.079637096774192,0.006673826869383004,0.004607404182472907,0.004470046460214816,-0.026294819903858097,-32.9026036703101,9.0,0.0,24.0,0.19999999999999996,16.266666666666666,1.0
2011,3235,3265,0,Tournament,-0.25,-1.65625,5.8125,-7.46875,0.08275143909963112,0.06436482904428828,0.06164538622744231,0.0805817001360262,-91.27609502615883,-3.0,0.0,-23.0,-0.4,-11.600000000000001,-1.0
2011,3266,3400,1,Tournament,0.14818548387096775,-10.46370967741936,-9.79032258064516,-0.6733870967741993,-7.921090673074227e-05,0.022804527535575686,-0.04496656646805419,-0.019109410972566188,27.686780683939105,-1.0,0.0,2.0,0.1333333333333333,2.666666666666667,0.0
2011,3201,3314,0,Tournament,0.016544117647058876,-1.786764705882348,4.086397058823529,-5.873161764705877,0.019814197340526307,-0.0008116719436744857,-0.000786841437916519,0.015526307628176195,2.9993691805359504,7.0,0.0,12.0,0.33333333333333326,12.133333333333333,1.0
2011,3323,3428,1,Tournament,0.28787878787878785,21.037878787878782,-1.0397727272727266,22.07765151515151,0.0430408691300766,-0.005261411370043101,0.10936605600762239,0.0773970241784554,136.21971676993667,-13.0,0.0,-9.0,0.2666666666666667,12.733333333333333,-1.0
2011,3326,3416,1,Tournament,0.032258064516129115,5.8709677419354875,3.3870967741935445,2.483870967741943,0.04821627316566118,-0.009010341486825696,-0.09080537147807727,0.018509062104874408,59.40157217379988,-9.0,0.0,-3.0,0.0,2.5333333333333323,0.0
2011,3173,3336,0,Tournament,-0.07102272727272729,-2.6534090909090935,-0.5804924242424221,-2.0729166666666714,-0.03851028208987001,-0.003141862444922816,0.002807215055598722,0.015072001442940602,7.690591445783184,5.0,0.0,2.0,0.06666666666666665,2.4666666666666663,0.0
2011,3385,3403,1,Tournament,-0.01008064516129037,-2.61592741935484,0.19254032258064768,-2.8084677419354875,-0.0212533487588229,0.0014017775306282843,-0.0021986680474390674,0.02112718780436329,-2.9738490887018543,1.0,0.0,2.0,0.19999999999999996,1.3333333333333333,0.0
2011,3390,3413,1,Tournament,0.185483870967742,11.122983870967744,-4.56653225806452,15.689516129032263,0.055612123582046924,-0.023209462995243985,0.03752951959856271,-0.015670779813030805,165.6624894102456,-15.0,0.0,-14.0,0.2666666666666667,19.400000000000002,0.0
2011,3113,3396,0,Tournament,-0.07526881720430112,-7.360215053763433,2.331182795698922,-9.691397849462353,-0.061199268230954895,0.0354364600107778,0.013092170235342482,0.0592762857534648,-58.26154943037773,-3.0,0.0,-1.0,-0.2666666666666667,-18.6,0.0
2011,3391,3397,0,Tournament,-0.3264907135874878,-13.119257086999028,8.845552297165199,-21.964809384164226,0.03657033595567882,0.03608066351483788,-0.13521276450928138,0.0452120518475983,-189.50518291905632,15.0,0.0,19.0,-0.19999999999999996,-11.73333333333333,0.0
2011,3285,3417,0,Tournament,-0.32258064516129037,-4.612903225806448,6.0,-10.612903225806448,-0.018085104119322237,-0.0006747409462470044,0.0037985752714760346,0.051489801404336594,-113.63993785583648,11.0,0.0,16.0,-0.06666666666666676,-3.0,1.0
2011,3124,3341,1,Tournament,0.28314393939393945,23.716856060606062,0.9782196969696955,22.738636363636367,0.06105688965765349,-0.05511661246755051,0.09198887822348431,0.023985190486013164,195.591887727732,-15.0,0.0,-31.0,0.06666666666666654,5.2666666666666675,0.0
2011,3163,3216,1,Tournament,0.4384469696969696,20.415719696969703,-6.999053030303031,27.414772727272734,0.04868721544827603,-0.028345786040589516,0.031380050419154204,-0.00014639664830110033,220.0065731872014,-15.0,0.0,-27.0,0.2666666666666667,16.666666666666668,0.0
2011,3199,3359,1,Tournament,-0.007526881720430034,10.770967741935486,8.959139784946238,1.8118279569892488,-0.0507092420175535,-0.008933608857265102,0.19834413785716443,0.03900043607819784,9.41556456068929,-11.0,0.0,-13.0,-0.13333333333333341,-3.533333333333333,-1.0
2011,3207,3343,1,Tournament,-0.17972350230414746,-6.860599078341011,5.485023041474648,-12.345622119815665,-0.0528426270493812,0.0235784760217283,0.016018372713622164,0.037442464639427714,-20.465801805462434,-7.0,0.0,-26.0,-0.33333333333333326,-20.266666666666662,0.0
2011,3208,3292,1,Tournament,-0.08924731182795709,-6.192473118279565,-3.1827956989247213,-3.009677419354837,-0.05689902342603759,-0.04127792232344138,0.026799774718259617,-0.029924514939444896,-5.921359245171743,-5.0,0.0,-14.0,-0.2666666666666667,-12.466666666666669,0.0
2011,3257,3435,1,Tournament,-0.020161290322580627,-1.0493951612903203,-4.29939516129032,3.25,-0.009089748425524902,0.003762611533719179,-0.038916010903654985,-0.05893602027913658,-9.111930908227578,-3.0,0.0,-1.0,-0.06666666666666665,-1.9333333333333331,0.0
2011,3268,3384,1,Tournament,0.10000000000000009,3.412121212121221,-8.596969696969694,12.009090909090913,-0.007304562567193418,-0.003464022627940211,0.09203432348572499,0.04229796317394621,18.07029818068213,-9.0,0.0,-14.0,-0.13333333333333341,2.8666666666666654,-1.0
2011,3205,3274,0,Tournament,-0.20430107526881724,-17.274193548387103,-4.135483870967747,-13.138709677419357,-0.010212035631992578,0.010207621994533206,0.003616175491371554,-0.0479279843488373,-130.99349119900648,11.0,0.0,19.0,-0.06666666666666676,-0.06666666666666732,1.0
2011,3277,3320,1,Tournament,-0.005040322580645129,-2.2318548387096797,0.14213709677419217,-2.373991935483872,-0.0324824535758953,0.024765731352425102,0.1254916536840548,-0.08801949039647072,-37.45067095974946,-9.0,0.0,-5.0,-0.2666666666666667,-15.266666666666666,-1.0
2011,3241,3328,0,Tournament,0.13162878787878785,-5.418560606060609,-4.982954545454547,-0.43560606060606233,-0.05553370369500199,-0.02116073514055089,0.06099134398897149,-0.004545745463694989,55.73878006632094,5.0,0.0,10.0,0.46666666666666656,12.666666666666666,1.0
2011,3243,3345,0,Tournament,0.032258064516129004,-4.096774193548384,-2.516129032258064,-1.5806451612903203,-0.008580861424458797,-0.035971911630544806,-0.02008489889611198,-0.12720055864050248,40.58204204439812,-1.0,0.0,-4.0,0.06666666666666665,-2.333333333333333,0.0
2011,3256,3353,0,Tournament,0.17419354838709677,13.244086021505375,7.0655913978494596,6.178494623655915,-0.0008211992443798999,-0.029613380311912102,-0.009133488794266786,0.019334774362619905,-0.2328035001526132,3.0,0.0,11.0,0.2666666666666667,8.333333333333332,0.0
2011,3270,3401,0,Tournament,-0.0580357142857143,-11.517857142857139,1.0,-12.517857142857139,-0.020871536090294796,0.04626414957779448,-0.07355330484245692,0.021547535173584625,-51.6914230845382,13.0,0.0,24.0,0.19999999999999996,-0.5999999999999996,1.0
2011,3222,3452,0,Tournament,0.11995967741935487,8.798387096774192,13.620967741935488,-4.822580645161295,-0.04503719181798849,-0.041520700514439596,-0.03242257482102112,0.0006948735483983115,76.1896271210669,-1.0,0.0,5.0,0.46666666666666656,4.133333333333333,0.0
2011,3114,3453,0,Tournament,-0.2030303030303029,-16.193939393939402,0.26363636363635834,-16.457575757575768,-0.029502916300479687,-0.0249523124269265,-0.05477358712320429,-0.055664542913228504,-75.39925690501013,7.0,0.0,1.0,-0.1333333333333333,-19.666666666666664,0.0
2011,3355,3462,0,Tournament,-0.33958333333333324,-6.797916666666666,4.970833333333331,-11.76875,0.06482146185332383,0.009880606991293978,-0.1093830227024174,0.07078710705544569,-136.4018463698328,13.0,0.0,20.0,-0.19999999999999996,-8.133333333333333,0.0
2011,3177,3336,1,Tournament,0.09090909090909094,-2.6666666666666714,-7.606060606060602,4.939393939393931,-0.014836341902123018,-0.008934816851069005,-0.009410580739780572,-0.022832001826983583,55.165935131694596,-3.0,0.0,-2.0,0.06666666666666665,6.266666666666666,0.0
2011,3181,3265,1,Tournament,-0.03125,3.9375,6.25,-2.3125,0.010791145178319583,0.0425996974142662,0.1227316967678383,0.010087867075808304,38.64100724217906,-8.0,0.0,-22.0,-0.19999999999999996,-3.200000000000003,0.0
2011,3211,3417,1,Tournament,0.0,19.483870967741936,7.064516129032256,12.41935483870968,0.0378900886076079,-0.05641272517996698,0.025579868256562,-0.03552352395307559,4.081193875509598,8.0,0.0,7.0,0.19999999999999996,19.933333333333334,1.0
2011,3246,3314,0,Tournament,-0.014705882352941124,-6.911764705882348,0.648897058823529,-7.560661764705877,-0.03589104993788528,3.7271056133714175e-05,-0.01609946101255011,0.05736649924032039,13.130154195840987,-1.0,0.0,2.0,0.1333333333333333,-2.0666666666666664,0.0
2011,3323,3396,1,Tournament,0.045943304007820096,9.594330400782013,-0.6627565982404704,10.257086999022485,0.013695538062516277,0.02775930666681309,0.07466059647157286,0.0888616726872111,37.566680136095556,-8.0,0.0,-4.0,-0.06666666666666665,-3.2666666666666675,0.0
2011,3210,3326,0,Tournament,-0.012707722385141729,-7.852394916911038,-8.609970674486803,0.7575757575757631,-0.0273136650230289,0.06864451894546181,0.11476829179429598,-0.0547174050084101,-52.85322080844412,1.0,0.0,-3.0,-0.20000000000000007,-6.333333333333332,-1.0
2011,3385,3390,0,Tournament,-0.25806451612903236,-16.645161290322584,2.2903225806451672,-18.93548387096775,-0.078390072487662,0.014030297466571279,-0.027668519078367593,0.015440632743245891,-148.48595469336306,8.0,0.0,-3.0,-0.4,-26.666666666666668,-1.0
2011,3266,3397,0,Tournament,-0.1974584555229717,-12.990224828934515,3.103616813294231,-16.093841642228746,0.05640671149879439,0.03829706947646719,-0.08073913895065288,0.03967768883264042,-147.4649366265196,7.0,0.0,-1.0,-0.33333333333333337,-17.666666666666664,-1.0
2011,3124,3452,1,Tournament,0.22064393939393945,14.310606060606062,1.4469696969696955,12.863636363636367,0.02411593967909781,-0.02797179581326459,-0.0474826166760316,0.037620187709157316,178.62240649389742,-8.0,0.0,-2.0,0.46666666666666656,12.4,1.0
2011,3163,3345,1,Tournament,0.324535679374389,12.14858260019551,-8.965786901270775,21.114369501466285,0.01747002724865393,-0.05041970693344672,0.004082448488625101,-0.0784918326219688,199.53278121364156,-8.0,0.0,-2.0,0.4,19.866666666666667,1.0
2011,3207,3268,1,Tournament,-0.08924731182795709,-9.167741935483875,-0.9602150537634486,-8.207526881720431,-0.008616565242150986,-0.013109855145125499,-0.06470158624503702,-0.06560869599317809,-24.53710203352739,1.0,0.0,1.0,-0.06666666666666665,-8.333333333333332,0.0
2011,3199,3208,0,Tournament,0.08924731182795709,9.125806451612902,6.249462365591398,2.876344086021504,0.03530374763774996,0.026567111810753996,-0.007346182313435201,0.10305977026369723,59.02959875019178,-3.0,0.0,-2.0,0.19999999999999996,2.1333333333333337,0.0
2011,3257,3462,1,Tournament,-0.30833333333333324,-3.7354166666666657,3.8145833333333314,-7.550000000000001,0.05122914920515609,-0.0042474285262460165,-0.04859371846661398,0.011012872555761805,-135.1302658775644,5.0,0.0,-4.0,-0.4666666666666667,-19.133333333333333,-1.0
2011,3274,3328,0,Tournament,0.21471774193548387,3.961693548387103,-4.502016129032256,8.46370967741936,-0.03921753718686344,-0.0012805089221746002,0.01292987532506712,0.014310632739771595,95.37616004235315,-3.0,0.0,1.0,0.33333333333333337,8.200000000000001,0.0
2011,3353,3401,0,Tournament,-0.24375000000000002,-18.19166666666667,-1.2833333333333314,-16.90833333333334,0.024265917238450396,0.06020052190188499,-0.08620662048112754,-0.001342107510769297,-61.4221902181273,5.0,0.0,2.0,-0.1333333333333333,-8.466666666666665,0.0
2011,3277,3453,0,Tournament,-0.13098729227761474,-7.146627565982413,2.5786901270772233,-9.725317693059637,-0.0476210792909314,-0.0407568414296077,0.06285708937873236,-0.049018517014976504,-44.49787823590373,-1.0,0.0,-12.0,-0.2666666666666667,-20.466666666666665,-1.0
2011,3211,3257,1,Tournament,0.24596774193548387,14.63004032258064,2.2993951612903203,12.33064516129032,-0.017640854858044674,-0.07118221460176088,0.04597402032021408,-0.04856871270661489,91.82095123969748,4.0,0.0,10.0,0.4666666666666667,25.066666666666666,1.0
2011,3323,3328,1,Tournament,0.13162878787878785,1.9753787878787818,-11.164772727272727,13.140151515151508,0.006726406634669058,0.01721472006174571,0.10471871216271317,0.041995245183038404,77.19430128596059,-4.0,0.0,2.0,0.33333333333333337,15.666666666666666,0.0
2011,3314,3390,0,Tournament,-0.17077798861480087,-2.023719165085396,6.011385199240991,-8.035104364326386,-0.06992352416201603,0.008279311389554483,0.004284448008975206,-0.003479212945334098,-99.5533951802629,4.0,0.0,-4.0,-0.4,-21.333333333333336,-1.0
2011,3326,3397,0,Tournament,-0.2297165200391007,-5.0869990224829,9.458455522971647,-14.545454545454547,0.063959414748056,-0.005655710457517504,-0.12318322289292366,0.058530736912160514,-66.1711095170067,3.0,0.0,1.0,-0.19999999999999996,-9.999999999999998,0.0
2011,3124,3453,1,Tournament,-0.030303030303030165,5.333333333333329,1.7272727272727266,3.606060606060602,-0.000204353888212494,-0.03914679507537619,0.0004930602460613831,0.0674919438298941,62.525216152371286,-4.0,0.0,-16.0,-0.06666666666666676,-10.266666666666666,0.0
2011,3163,3207,1,Tournament,0.29227761485826,14.664711632453574,-6.836754643206248,21.50146627565983,0.04728575627731951,-0.022952007510566502,-0.026396683362856388,0.02688192459700728,178.3845544982612,-4.0,0.0,0.0,0.4,20.2,1.0
2011,3177,3181,0,Tournament,-0.08806818181818177,3.580492424242422,5.00568181818182,-1.425189393939398,0.0510188256603078,-0.0067120067378254045,-0.044675628933062095,0.013751329580621197,-53.70353187871319,1.0,0.0,1.0,-0.06666666666666676,-6.7333333333333325,-1.0
2011,3208,3401,0,Tournament,-0.16633064516129037,-13.850806451612897,0.23387096774193594,-14.084677419354833,-0.008671962495517604,0.031368335575633705,-0.016868791394339,-0.039381840374066085,-104.2722693307453,4.0,0.0,3.0,-0.19999999999999996,-8.733333333333333,0.0
2011,3323,3397,1,Tournament,-0.1515151515151516,-1.363636363636374,-0.3333333333333357,-1.0303030303030383,0.07016521242072998,0.029962386367292093,0.012199456973350897,0.0722608991540721,-71.73556943846779,1.0,0.0,-1.0,-0.19999999999999996,-5.133333333333331,-1.0
2011,3211,3390,0,Tournament,-0.06451612903225812,5.225806451612897,6.70967741935484,-1.483870967741943,-0.042882342876242485,-0.0394811061737948,0.01227385529180397,-0.05184469058435409,-63.954144456127324,10.0,0.0,7.0,0.0,0.5333333333333314,0.0
2011,3163,3181,1,Tournament,0.06344696969696961,6.853219696969703,-4.842803030303031,11.696022727272734,0.059601269013416336,-0.01824081544410372,-0.04799971734496772,0.02864906524922528,60.871694062500865,-1.0,0.0,1.0,0.19999999999999996,6.600000000000001,0.0
2011,3124,3401,0,Tournament,0.09564393939393945,1.4356060606060623,-4.5530303030303045,5.988636363636367,0.03280797593922008,0.0412920411071028,-0.07604642476296403,0.0850878842579508,69.1895185426647,-1.0,0.0,0.0,0.19999999999999996,7.133333333333335,1.0
2011,3163,3323,0,Tournament,0.18181818181818177,-0.09090909090907928,-5.3030303030303045,5.212121212121225,-0.0004972394618088516,-0.030135323407418313,-0.10067403079146209,-0.06056025084106831,99.09487218251274,-1.0,0.0,0.0,0.19999999999999996,8.4,1.0
2011,3390,3401,0,Tournament,0.09173387096774199,1.3104838709677438,-3.3790322580645196,4.689516129032263,0.07452561066836838,0.029191215871527704,-0.03526267524041782,-0.001449898674083988,56.855428707559895,-1.0,0.0,5.0,0.2666666666666667,15.866666666666669,1.0
2011,3323,3401,0,Tournament,-0.055871212121212155,-0.8371212121212182,-2.9772727272727266,2.1401515151515085,0.043501609942523056,0.049613884081015996,0.024980718691072046,0.06005908670792101,-5.1521426476613215,0.0,0.0,2.0,0.06666666666666676,3.866666666666667,0.0
2012,3116,3173,1,Tournament,-0.05116796440489435,-8.78420467185763,-7.687430478309231,-1.0967741935484003,-0.02019469876477542,-0.013804515375913706,0.04975826942222089,-0.0001802818846248777,-47.43158898368233,-5.0,0.0,-7.0,-0.06666666666666665,-0.2666666666666657,-1.0
2012,3163,3341,1,Tournament,0.3626588465298143,16.468230694037153,-14.655913978494631,31.124144672531777,0.09058049861126283,0.001651640460658188,0.0573136064916725,-0.0395696360428506,192.23975524121738,-15.0,0.0,-29.0,0.13333333333333341,14.0,0.0
2012,3140,3177,0,Tournament,0.11895161290322576,-2.155241935483872,-8.47782258064516,6.322580645161288,-0.023907335484887715,0.0039634761466660895,0.002342593843936258,0.025230376805691596,41.347601522180184,3.0,0.0,5.0,0.2666666666666667,13.799999999999997,1.0
2012,3211,3353,1,Tournament,0.12903225806451613,15.064516129032256,7.483870967741936,7.58064516129032,0.018983991880451523,-0.06615317468516929,0.01109560398056919,-0.016271035332520112,46.37279768960184,5.0,0.0,5.0,0.2666666666666667,13.6,0.0
2012,3243,3343,1,Tournament,-0.2633928571428571,-14.54017857142857,3.8660714285714306,-18.40625,-0.02861935190824394,-0.002020632725928506,-0.09903414549975642,-0.038044539962480195,-77.58291582095444,-1.0,0.0,-19.0,-0.6,-37.06666666666666,0.0
2012,3246,3270,1,Tournament,0.033333333333333326,9.933333333333323,3.7666666666666657,6.166666666666657,0.026381610354237195,0.04126393104648779,0.018139844838260977,0.000484870854835312,40.956721729830406,-13.0,0.0,-25.0,-0.06666666666666676,-4.733333333333334,-1.0
2012,3257,3277,1,Tournament,0.06451612903225812,1.483870967741936,1.1290322580645054,0.3548387096774235,-0.008695998697813567,0.022647750687479512,0.012545933890472316,0.03548046811794939,24.53625508172263,-3.0,0.0,-3.0,0.0,-3.4000000000000004,0.0
2012,3268,3298,1,Tournament,0.2943548387096774,22.975806451612904,7.89717741935484,15.078629032258064,0.03488258344236439,-0.011665949807731196,0.09820298290630658,0.10947446438419259,169.5638371236198,-13.0,0.0,-20.0,0.13333333333333341,7.933333333333333,0.0
2012,3226,3274,0,Tournament,-0.06896551724137934,-16.103448275862064,-0.3103448275861993,-15.793103448275858,-0.04096055656166597,0.02285497398404021,-0.0845927727203663,0.05766734167141091,-41.25101355788479,11.0,0.0,14.0,0.0,-6.933333333333333,1.0
2012,3345,3355,1,Tournament,0.008064516129032251,-2.592741935483872,0.04838709677419217,-2.641129032258064,-0.0380565032857057,-0.013097722004767914,0.045454315759268005,-0.04151746870739009,25.644374239559966,-9.0,0.0,-17.0,-0.2666666666666666,-13.26666666666667,0.0
2012,3185,3376,0,Tournament,0.014583333333333282,7.689583333333331,7.497916666666669,0.19166666666666465,-0.005652297727381184,0.02087557746158189,0.005027520934346996,0.05081814157037032,-13.79253501269568,7.0,0.0,11.0,0.2666666666666667,12.200000000000001,1.0
2012,3214,3390,0,Tournament,-0.1020833333333333,-11.270833333333329,-7.952083333333334,-3.3187499999999908,-0.06736172546987851,0.010464507518595206,0.010779833674615491,0.029940456026670614,-89.14578883550575,15.0,0.0,23.0,-0.06666666666666676,0.6000000000000014,0.0
2012,3397,3404,1,Tournament,0.008064516129032251,-6.503024193548384,-8.997983870967744,2.4949596774193594,-0.010745434442731405,0.021364251606740797,0.11715954442354798,0.04115539050372802,84.32260516329393,-13.0,0.0,-29.0,-0.19999999999999996,-10.933333333333334,0.0
2012,3107,3401,0,Tournament,0.03125,-9.125,-6.96875,-2.15625,-0.028251194168562976,0.023582961291842702,-0.011057216422465599,0.01512322163021948,-27.170422602109966,11.0,0.0,20.0,0.2666666666666667,5.000000000000001,1.0
2012,3400,3452,0,Tournament,-0.13810483870967738,3.804435483870961,11.26814516129032,-7.463709677419359,0.019103638592538774,-0.03341612837300881,-0.04953321251704018,-0.060190022108279895,-67.01170018501557,1.0,0.0,-2.0,-0.2666666666666666,-5.533333333333333,0.0
2012,3235,3453,0,Tournament,-0.367741935483871,-11.906451612903233,2.0903225806451573,-13.99677419354839,-0.0042491105987678135,0.05790118513112391,0.032580698471438296,0.0678423324505675,-96.9392695345698,3.0,0.0,-11.0,-0.33333333333333326,-15.200000000000001,-1.0
2012,3124,3364,1,Tournament,0.46875,25.26102941176471,-0.03492647058823195,25.295955882352946,0.08453620387606631,-0.0371923379711645,0.09133734436222807,0.1286997007783087,234.57301150036824,-15.0,0.0,-21.0,0.4,21.0,0.0
2012,3143,3234,1,Tournament,0.09393939393939399,-1.4787878787878839,-4.630303030303033,3.1515151515151487,-0.03306898220600579,-0.013215197808036289,0.09320488864911819,-0.0228608873107089,34.79621788322402,-1.0,0.0,-1.0,0.06666666666666665,0.8000000000000007,0.0
2012,3114,3174,0,Tournament,-0.342741935483871,-13.712701612903231,0.6572580645161281,-14.36995967741936,-0.04690407443352529,0.049939882536196994,-0.04776224718015981,-0.12875216407632684,-112.73843675359558,11.0,0.0,9.0,-0.1333333333333333,-8.733333333333334,0.0
2012,3181,3359,1,Tournament,0.2025862068965517,14.104525862068968,-1.8566810344827616,15.96120689655173,-0.010954623261980712,-0.008254848490831995,0.21762047472168727,-0.006516627449254103,76.35956252131405,-13.0,0.0,-10.0,0.13333333333333341,5.666666666666666,-1.0
2012,3196,3326,1,Tournament,-0.19354838709677413,-7.322580645161281,-2.483870967741929,-4.838709677419352,-0.03914633211583263,0.024389670995565688,0.08340832008886151,-0.05173237491626598,-11.471934361054537,1.0,0.0,-4.0,-0.1333333333333333,0.33333333333333304,0.0
2012,3201,3207,0,Tournament,0.11515151515151523,15.251515151515157,10.278787878787881,4.972727272727267,0.11730843202067032,-0.009368398060380284,-0.036680504948134074,-0.0636866430072737,9.551457945575976,7.0,0.0,22.0,0.2666666666666666,14.799999999999997,1.0
2012,3210,3357,1,Tournament,-0.03125,5.875,2.0625,3.8125,0.0032954068396175984,-0.014721401279276375,0.04928318097475631,0.07550970881356181,30.42570698283953,-9.0,0.0,-11.0,0.0,6.333333333333334,-1.0
2012,3242,3304,1,Tournament,-0.13709677419354838,-3.2550403225806406,1.2237903225806477,-4.478830645161288,0.05429541948439093,0.014662421882931098,-0.019439551885724382,-0.07534723716948771,-56.77238814276848,5.0,0.0,-5.0,-0.26666666666666666,-9.0,0.0
2012,3261,3361,1,Tournament,-0.11895161290322576,-3.9868951612903203,-1.1602822580645196,-2.8266129032258007,0.05322459359701337,0.0627783084999769,-0.024326023030837807,0.0808083330095645,40.55941096848642,-7.0,0.0,-15.0,-0.2666666666666667,-11.733333333333334,-1.0
2012,3208,3265,0,Tournament,-0.04791666666666672,3.6500000000000057,2.397916666666667,1.2520833333333403,0.0016975652669263819,-0.011024701300280881,0.11037028681026262,-0.011017610643013986,-21.118180938299247,-9.0,0.0,-17.0,-0.2666666666666666,-8.733333333333334,-1.0
2012,3251,3323,0,Tournament,-0.1849529780564264,-10.610240334378261,6.077324973876699,-16.687565308254964,-0.02221731939640781,0.0572598821427423,0.10680201771154157,-0.011686522893071205,-117.68182631152808,15.0,0.0,23.0,0.06666666666666654,-5.133333333333335,1.0
2012,3276,3328,0,Tournament,0.020161290322580627,-7.02217741935484,-7.532258064516128,0.5100806451612883,-0.00011542719696688852,-0.031714187793933396,-0.0367240850370375,-0.05574936507560041,-50.880189992157284,5.0,0.0,5.0,-0.06666666666666665,5.199999999999999,0.0
2012,3336,3431,1,Tournament,-0.10624999999999996,8.216666666666669,7.681249999999999,0.53541666666667,0.03433117509884481,-0.032873191646499794,-0.015438626851847215,0.02671096907735801,-14.692409980098091,-9.0,0.0,-5.0,-0.06666666666666654,-0.06666666666666643,-1.0
2012,3195,3382,0,Tournament,0.027083333333333237,9.262500000000003,0.4375,8.825000000000003,0.0646214973999174,0.027061902677116195,0.06606954027949774,-0.0711330492333695,-27.39250260869244,7.0,0.0,20.0,0.06666666666666676,5.800000000000001,1.0
2012,3166,3385,0,Tournament,-0.08467741935483875,-0.8548387096774164,1.5292338709677438,-2.38407258064516,0.02516897512342159,0.014734085704321304,-0.051818149403013325,-0.0561880654378831,-80.88115400585366,11.0,0.0,7.0,-0.06666666666666676,0.5999999999999996,1.0
2012,3292,3435,0,Tournament,0.10282258064516125,-5.028225806451616,-3.6209677419354804,-1.4072580645161352,-0.04643493911938229,-0.010515703060098691,-0.012214065898605797,-0.06267892042253351,45.49321983601999,3.0,0.0,14.0,0.3999999999999999,11.333333333333332,0.0
2012,3163,3243,1,Tournament,0.2850378787878788,18.46117424242425,-11.020833333333343,29.482007575757585,0.09594524123276627,0.01646474692026359,0.077082915256724,0.01366895901298168,157.91099810169044,-7.0,0.0,2.0,0.4666666666666667,30.53333333333333,1.0
2012,3211,3274,1,Tournament,0.011123470522803158,-1.4860956618464911,4.317018909899893,-5.803114571746384,-0.003379420165128988,-0.0449994827068832,-0.04670580019393389,-0.03617692758425192,-4.93597937832169,8.0,0.0,4.0,-0.06666666666666665,-2.9333333333333336,0.0
2012,3246,3453,1,Tournament,-0.16774193548387095,-0.4397849462365713,4.256989247311829,-4.6967741935484,-0.017782049215887108,0.0518979385470586,0.10391694307204141,0.025447812724673807,-38.96236771180202,-5.0,0.0,-10.0,-0.19999999999999996,-15.000000000000002,-1.0
2012,3257,3268,0,Tournament,-0.16532258064516125,-9.846774193548384,0.6189516129032171,-10.465725806451609,-0.04217767411908746,0.02798569112693719,-0.03872851089390378,-0.022906929056006303,-92.35324836454265,5.0,0.0,-1.0,-0.20000000000000007,-10.666666666666666,-1.0
2012,3345,3376,0,Tournament,0.03125,5.03125,8.03125,-3.0,-0.0031896550246529043,0.017183084213611588,-0.07052612173054179,0.04595061657302832,5.314337825737539,-1.0,0.0,4.0,0.06666666666666665,1.2666666666666662,1.0
2012,3390,3452,1,Tournament,0.25,13.0,3.40625,9.59375,0.03200717010335252,-0.05389635341937332,-0.052966604508875414,-0.08332454339846901,99.48898331843975,-7.0,0.0,2.0,0.2666666666666667,17.666666666666664,1.0
2012,3177,3397,0,Tournament,-0.0625,-1.40625,6.25,-7.65625,0.006436738139491527,0.022895695776753405,-0.08580651053547955,-0.0755227237959985,-78.00469553314065,5.0,0.0,1.0,-0.19999999999999996,-10.133333333333333,-1.0
2012,3116,3401,0,Tournament,0.05443548387096775,-5.94153225806452,-7.876008064516128,1.9344758064516085,-0.02231534064260149,0.004979889844474783,-0.011109532256496413,-0.006551822938535901,-8.952271503740349,3.0,0.0,1.0,0.20000000000000007,8.666666666666668,0.0
2012,3124,3196,1,Tournament,0.3870967741935484,11.049335863377607,-8.570208728652752,19.619544592030362,0.07568826456356958,-0.037536018493841306,-0.005768536916469336,0.0876286791094387,192.5910580270829,-8.0,0.0,-1.0,0.4666666666666667,17.933333333333334,1.0
2012,3181,3435,1,Tournament,0.11790878754171297,2.5450500556173523,-6.008898776418242,8.553948832035594,-0.029754330990668598,-0.0151218141562251,0.036228521675144565,-0.04469761846519721,62.97926195662353,-5.0,0.0,2.0,0.2666666666666667,13.933333333333334,0.0
2012,3207,3210,0,Tournament,-0.01666666666666672,-10.485416666666673,-7.06666666666667,-3.4187499999999957,-0.08440290795971883,-0.008593129585814124,-0.02801518873238862,-0.021581307987548398,-18.875562384563864,1.0,0.0,-1.0,-0.13333333333333341,-4.733333333333333,0.0
2012,3174,3242,0,Tournament,0.3548387096774194,2.967741935483872,-8.193548387096776,11.161290322580648,-0.0003585159415768202,-0.025685091606072796,0.03739006376674098,0.15615732749906064,172.7376257723986,-8.0,0.0,6.0,0.6666666666666667,21.666666666666668,1.0
2012,3143,3323,0,Tournament,-0.18181818181818188,-9.787878787878796,8.57575757575757,-18.36363636363637,-0.03247016820382259,-0.0029559688842998866,0.05871329934427599,-0.05935091077973881,-84.06353257448222,7.0,0.0,2.0,-0.13333333333333341,-15.466666666666667,0.0
2012,3261,3336,0,Tournament,-0.11250000000000004,-13.872916666666669,-7.931249999999999,-5.94166666666667,0.015283613893686376,0.0832621499107464,0.050594810028315396,0.03565621309274869,-5.014617722074263,1.0,0.0,-4.0,-0.2666666666666667,-13.6,0.0
2012,3265,3382,0,Tournament,-0.125,0.3125,1.90625,-1.59375,0.023976107005964753,0.018033829326050993,-0.021674607576164184,-0.05896337663225951,-35.62370252609571,8.0,0.0,10.0,0.0,3.666666666666666,1.0
2012,3328,3385,0,Tournament,-0.08467741935483875,8.957661290322584,10.435483870967744,-1.4778225806451601,0.04095059372047316,0.01895916642062148,-0.014986226343447817,0.017783369509310698,-85.46724834919087,3.0,0.0,-2.0,-0.2666666666666667,-10.6,0.0
2012,3124,3210,1,Tournament,0.25,8.10477941176471,-7.441176470588232,15.545955882352946,0.06788824276130068,-0.03629461333616732,0.027159551973440887,0.0510776823920418,132.42904435632022,-3.0,0.0,-3.0,0.19999999999999996,14.666666666666668,1.0
2012,3181,3385,1,Tournament,0.11790878754171297,13.093437152391552,-0.2024471635150178,13.29588431590657,0.04463220247415739,0.020104501038001682,0.06005778713373067,-0.03002510593894661,-19.54613686127618,-1.0,0.0,1.0,0.0,8.133333333333333,0.0
2012,3376,3390,0,Tournament,-0.25,-16.59375,-4.25,-12.34375,-0.03451091993210281,0.013162414742652312,0.06552541012639562,-0.005205534269360407,-114.0480518481711,4.0,0.0,-3.0,-0.4,-18.466666666666665,-1.0
2012,3242,3397,0,Tournament,-0.13709677419354838,-5.755040322580641,3.2237903225806477,-8.978830645161288,0.002500167482887228,0.012055503902589998,-0.07341166520382936,-0.07369864543241572,-135.13887676970012,9.0,0.0,-1.0,-0.39999999999999997,-14.8,-1.0
2012,3163,3336,1,Tournament,0.07878787878787874,0.7757575757575808,-15.233333333333341,16.009090909090915,0.06920365975365084,0.043298205763745296,0.038795176448829294,-0.059138002952474816,85.2084897312186,-3.0,0.0,-3.0,0.0,10.533333333333333,1.0
2012,3211,3246,0,Tournament,0.03870967741935483,1.1817204301075321,2.936559139784947,-1.754838709677415,-0.0036081628173147973,-0.04701468840249709,-0.041308976806228304,-0.029920892280378614,6.84923659896117,9.0,0.0,6.0,0.06666666666666676,5.6,0.0
2012,3268,3401,1,Tournament,0.1875,10.9375,0.34375,10.59375,0.06429455925866528,0.013907316397868602,0.02082350495943608,0.04727902864370298,70.82466762231229,-1.0,0.0,3.0,0.20000000000000007,8.933333333333334,1.0
2012,3323,3382,1,Tournament,0.0028409090909091717,15.138257575757578,-1.0018939393939377,16.14015151515152,0.03795076392300073,0.013965701393310298,0.10360830528618153,0.032539336637669114,43.35758562711567,-4.0,0.0,-6.0,-0.06666666666666654,8.933333333333334,0.0
2012,3124,3397,1,Tournament,0.25,4.22977941176471,-8.378676470588232,12.608455882352946,0.0415190592691142,-0.018706411683074298,0.006743115875622818,0.026215316562938795,91.65856053229709,-1.0,0.0,-1.0,0.2666666666666667,13.8,0.0
2012,3181,3390,0,Tournament,-0.1411637931034483,-2.489224137931032,0.14331896551723844,-2.6325431034482705,0.01663147404731008,0.032786084228252105,0.04626575202844169,0.013901212104996591,-87.23120627509297,1.0,0.0,-1.0,-0.19999999999999996,-7.399999999999999,-1.0
2012,3163,3246,1,Tournament,0.07878787878787874,1.8757575757575893,-13.300000000000011,15.175757575757594,0.07871548393010375,0.008738798797467806,-0.03195404201891511,-0.021321545202507813,89.28283901438931,-1.0,0.0,1.0,0.13333333333333341,17.6,1.0
2012,3268,3323,0,Tournament,-0.03409090909090917,-0.8257575757575779,8.126893939393938,-8.95265151515152,0.027612294590690978,0.006660649497426119,0.05440605527655368,-0.030922078788662016,-19.61217287609179,1.0,0.0,1.0,-0.06666666666666665,-8.666666666666668,1.0
2012,3124,3390,1,Tournament,0.03125,1.88602941176471,-3.159926470588232,5.045955882352946,0.06659307017850896,-0.007491234863476193,0.0616138943896925,0.09036593744250421,31.73132654390315,0.0,0.0,-4.0,0.0,2.1333333333333364,0.0
2012,3163,3323,0,Tournament,-0.030303030303030387,-3.3333333333333286,-6.393939393939405,3.060606060606066,0.05062874429820674,0.020105052988796,0.004250977269686873,-0.10248240944661782,6.232790922802906,0.0,0.0,0.0,0.0,2.333333333333332,1.0
2012,3124,3323,1,Tournament,0.09090909090909083,-0.7522281639928678,-0.5017825311942943,-0.25044563279857357,0.05307874288878378,-0.021030579817524597,0.047255390590406676,-0.005697801914632705,53.68634265227911,0.0,0.0,-2.0,0.1333333333333333,2.8000000000000007,1.0
2013,3143,3201,1,Tournament,0.16129032258064502,4.032258064516128,-3.806451612903224,7.838709677419359,-0.03774101566180321,-0.005421647418877101,0.0818017309590966,0.0635464719919924,78.4827583284573,-13.0,0.0,-13.0,0.06666666666666654,4.866666666666667,-1.0
2013,3163,3225,1,Tournament,0.3475378787878788,16.160984848484844,-16.171401515151523,32.33238636363636,0.07868880340377998,-0.0042285504475466085,0.07630265143668691,-0.013117112650551793,157.54099382083268,-15.0,0.0,-24.0,0.06666666666666676,22.133333333333333,-1.0
2013,3166,3393,1,Tournament,0.0,-6.225806451612897,1.258064516129032,-7.483870967741929,0.026154058927076118,0.015783813698417998,-0.10850529621496352,-0.044415018061312206,-12.836890987940933,3.0,0.0,5.0,0.20000000000000007,3.000000000000001,0.0
2013,3208,3285,1,Tournament,0.03978494623655904,1.6827956989247355,-2.041935483870965,3.7247311827957006,-0.01860696106001891,0.008033834402899787,0.046873970054965075,0.011936056834028402,32.656842947128325,-9.0,0.0,-15.0,-0.13333333333333341,-8.4,-1.0
2013,3211,3235,0,Tournament,0.10181451612903225,2.017137096774192,-2.9788306451612883,4.99596774193548,-0.04766802449814561,-0.06313694933286099,0.0458939566074798,-0.10965470515415021,38.62508747041011,7.0,0.0,6.0,0.33333333333333337,15.2,1.0
2013,3160,3242,0,Tournament,0.2397849462365591,-3.7150537634408636,-13.269892473118276,9.554838709677412,-0.07009323053624811,-0.0018647475361603938,0.04313269457528118,-0.024984852121086504,101.74561256238576,-7.0,0.0,4.0,0.2666666666666666,10.0,0.0
2013,3268,3346,1,Tournament,-0.16330645161290325,4.809475806451616,-0.3578629032258078,5.1673387096774235,0.011669509057736616,-0.006274670623278383,0.15833122397503058,0.04031760034130499,-47.09449877531824,-9.0,0.0,-22.0,-0.2666666666666667,-3.7333333333333343,-1.0
2013,3265,3277,0,Tournament,0.0625,2.15625,0.65625,1.5,0.012499953061400004,0.0350882435351865,-0.06797064202315278,0.0732410486397441,21.055396379467993,7.0,0.0,26.0,0.4,18.666666666666664,1.0
2013,3151,3304,0,Tournament,0.16431451612903225,1.5211693548387046,-4.784274193548384,6.305443548387089,-0.014244849773301205,-0.008241007978212311,0.017491202706038822,-0.040762759036390095,31.383867010234553,5.0,0.0,17.0,0.2666666666666667,8.933333333333334,1.0
2013,3141,3328,0,Tournament,-0.03125,1.90625,-1.21875,3.125,-0.007940678248273991,-0.003059200966465392,0.044531722360235004,-0.050997316060580306,5.423878525527016,5.0,0.0,15.0,0.19999999999999996,15.333333333333332,1.0
2013,3355,3376,0,Tournament,0.007056451612903247,6.603830645161288,9.767137096774192,-3.163306451612904,0.05346204266568566,0.0539992729883122,-0.0788267349724251,0.05176360426887899,-3.340742988878219,9.0,0.0,22.0,0.20000000000000007,5.666666666666669,1.0
2013,3378,3403,1,Tournament,0.0,4.129032258064527,0.9032258064516085,3.225806451612918,-0.016900077355438525,-0.002032199024105813,0.01823279238331421,-0.04968663693008571,21.67427609591573,3.0,0.0,2.0,0.0,6.066666666666667,0.0
2013,3331,3397,0,Tournament,-0.18798665183537266,-8.836484983314804,-0.5650723025583915,-8.271412680756406,0.023333298907587785,0.004103528863171918,-0.056741707960685506,-0.0374193725005427,-86.31381233626962,13.0,0.0,24.0,0.0,4.399999999999999,1.0
2013,3401,3455,1,Tournament,0.0,8.424242424242422,2.7575757575757507,5.666666666666664,0.021891473686110607,-0.004007723572784089,0.026617806884437545,-0.0383458553673926,49.93363404299794,-11.0,0.0,-8.0,-0.06666666666666676,2.466666666666666,0.0
2013,3391,3417,0,Tournament,-0.03931451612903225,2.0443548387096797,-0.7439516129032242,2.788306451612904,0.050825584416837766,-0.027899054680140395,-0.08343076314882569,-0.0278981195045164,-59.3548592177267,11.0,0.0,18.0,-0.06666666666666676,3.8666666666666663,1.0
2013,3386,3435,0,Tournament,0.09677419354838712,-1.7096774193548328,-3.0967741935483915,1.3870967741935587,-0.025377626965993882,-0.0416407016800949,-0.023184819154711434,-0.0472784065953116,40.02753071453799,1.0,0.0,9.0,0.2666666666666667,8.533333333333335,1.0
2013,3124,3341,1,Tournament,0.4213098729227761,21.161290322580648,-3.8651026392961896,25.026392961876837,0.0738752819089199,-0.1092467931190509,-0.020333510209096683,-0.008528743824866902,229.64224601779688,-15.0,0.0,-29.0,0.2666666666666667,19.066666666666666,0.0
2013,3173,3385,1,Tournament,0.3310344827586208,14.713793103448268,1.6068965517241338,13.10689655172413,0.011051929813750916,0.035354216406544986,-0.02898964129926851,-0.031078765714348505,69.21838682684097,-3.0,0.0,6.0,0.33333333333333326,13.266666666666666,0.0
2013,3174,3452,1,Tournament,0.3424242424242425,2.6515151515151416,-9.38484848484849,12.03636363636363,-3.861760208145881e-05,-0.005568432721861694,-0.0073204183379322885,0.02892333832192001,145.12473285187866,-5.0,0.0,12.0,0.5333333333333333,18.866666666666667,1.0
2013,3181,3214,1,Tournament,0.08901515151515149,11.078598484848484,5.88068181818182,5.197916666666664,0.093305980093209,0.02007695623655728,-0.036584282606188234,-0.02063359748538418,92.15608042042072,-13.0,0.0,-25.0,-0.06666666666666676,-7.0,0.0
2013,3199,3343,1,Tournament,-0.07603686635944695,4.014976958525338,12.282258064516128,-8.26728110599079,0.030759567818697486,0.00949234684822331,-0.028884849601816365,0.0387385681076205,-20.7093063281784,-1.0,0.0,-13.0,-0.33333333333333326,-24.866666666666667,0.0
2013,3234,3274,1,Tournament,-0.05241935483870963,2.3931451612903203,3.4395161290322562,-1.046370967741936,0.059354948901672366,-0.021214762728303194,-0.060884674668400196,-0.014968330474565,-7.516771245430391,1.0,0.0,-2.0,-0.1333333333333333,-1.9333333333333333,0.0
2013,3246,3298,1,Tournament,0.1875,17.9375,5.40625,12.53125,-0.010555618986447024,-0.013305509643828012,0.0554051520985378,0.030194096941831283,104.67856044458563,-13.0,0.0,-11.0,-0.06666666666666676,2.1999999999999993,-1.0
2013,3257,3292,1,Tournament,-0.03125,3.71875,-0.34375,4.0625,0.03180455470761501,0.005269604908385794,-0.008212861964916052,0.0090053482262136,-18.02643344428634,-7.0,0.0,-7.0,-0.20000000000000007,-10.733333333333334,-1.0
2013,3261,3453,1,Tournament,-0.2881720430107526,1.035483870967738,15.193548387096776,-14.158064516129041,-0.04012720949979315,0.033851985214571306,0.10533011823544858,0.04582977222590709,-58.26852581016692,-5.0,0.0,-14.0,-0.33333333333333337,-18.933333333333334,-1.0
2013,3276,3437,1,Tournament,0.0,1.225806451612904,2.70967741935484,-1.483870967741936,0.019987177479908802,0.040467054607607716,0.06632283221113883,0.038759414920433694,5.8171241716293025,-1.0,0.0,-1.0,0.0,-4.6000000000000005,0.0
2013,3107,3314,0,Tournament,0.07647058823529418,-1.8137254901960773,-10.856862745098034,9.043137254901955,0.026263467393586426,-0.010306911729826201,-0.012823810697553728,-0.08804330967407573,8.84727285502072,11.0,0.0,17.0,0.33333333333333337,15.933333333333332,1.0
2013,3323,3404,1,Tournament,0.3929924242424242,7.571022727272734,-10.037878787878782,17.608901515151516,-0.04466392756664039,0.004589914152687891,0.09714753826502781,-0.0059259582684143,173.81554210005334,-15.0,0.0,-22.0,0.19999999999999996,10.333333333333334,0.0
2013,3177,3329,0,Tournament,-0.02116935483870963,-2.6219758064516157,9.91935483870968,-12.541330645161295,-0.01639901400615601,0.011162062743781287,-0.04520921519179921,-0.0315934703362023,-3.459575532159988,3.0,0.0,2.0,0.06666666666666665,-7.133333333333334,0.0
2013,3142,3336,0,Tournament,-0.15591397849462374,-5.3709677419354875,3.1677419354838747,-8.538709677419364,0.0018020732814982843,0.008579375324432204,-0.01432034634117707,-0.01486931602522179,-67.93414545975133,11.0,0.0,10.0,-0.06666666666666676,-0.40000000000000036,1.0
2013,3251,3345,0,Tournament,0.056451612903225756,3.1532258064516157,-6.274193548387103,9.427419354838712,-0.02371514261678659,0.02146365993597721,0.12017998791669349,0.03125211857397914,2.924687704183725,9.0,0.0,18.0,0.33333333333333326,16.066666666666666,0.0
2013,3390,3409,1,Tournament,0.43939393939393945,8.164772727272734,-10.590909090909093,18.755681818181827,-0.03067090096857633,-0.027064442026268398,0.05654573407224728,-0.020764711878951903,133.66737780155586,-15.0,0.0,-1.0,0.33333333333333337,19.33333333333333,0.0
2013,3143,3378,1,Tournament,0.22580645161290314,2.322580645161281,-2.483870967741936,4.806451612903217,-0.0008213048739695861,-0.0053744358621870825,0.05702450300254308,0.022505223560278897,94.57010178570908,-8.0,0.0,2.0,0.33333333333333326,8.933333333333334,0.0
2013,3163,3435,1,Tournament,0.23362658846529816,15.267839687194524,-8.67644183773217,23.944281524926687,0.05908199023603666,-0.020456722776087094,0.031773418549630394,-0.06847749607538109,94.20648553621481,-7.0,0.0,3.0,0.2666666666666667,24.933333333333334,0.0
2013,3208,3235,1,Tournament,0.06451612903225801,-0.9354838709677438,-4.064516129032256,3.1290322580645125,-0.08735769498972662,-0.06621864140617889,0.0678825669811538,-0.047059761119038396,15.136462493671615,-1.0,0.0,-1.0,0.06666666666666665,-1.5333333333333337,0.0
2013,3242,3376,1,Tournament,-0.2075268817204301,8.48924731182796,17.915053763440852,-9.425806451612893,0.0719548296716011,0.02423120811720919,-0.0776868952221661,-0.012281008530719312,-81.33221577781615,8.0,0.0,1.0,-0.19999999999999996,-8.8,0.0
2013,3268,3277,1,Tournament,0.024193548387096753,13.621975806451616,4.954637096774192,8.667338709677423,0.03980212609306,0.03171644537549789,0.0937612022692152,0.03993923922040099,1.868731980516941,-1.0,0.0,2.0,0.1333333333333333,10.2,0.0
2013,3304,3401,1,Tournament,0.014662756598240456,-2.707722385141736,1.4604105571847512,-4.168132942326487,-0.018772776401050573,-0.005122215360075899,-0.01933856221767133,0.0213275959312062,-35.732010790643244,3.0,0.0,2.0,0.0,-3.3999999999999995,-1.0
2013,3328,3417,1,Tournament,-0.09375,5.125,6.0625,-0.9375,0.048366031807265786,-0.02281598421008829,-0.08368616761787362,0.022471490736330896,-60.68749435748987,3.0,0.0,-4.0,-0.2666666666666667,-8.533333333333333,0.0
2013,3166,3397,0,Tournament,0.0,-11.58064516129032,-5.225806451612897,-6.354838709677416,0.014403045364488998,0.011311833277914018,-0.10013988278021319,-0.0816610577453307,-50.498485082970774,8.0,0.0,8.0,0.06666666666666676,0.0,0.0
2013,3124,3199,1,Tournament,0.26001955034213087,4.806451612903231,-11.123167155425222,15.929618768328453,0.033306503623098394,-0.08951300706406591,-0.0574686312561955,-0.029577735263156685,172.18565471733177,-7.0,0.0,-3.0,0.4,23.333333333333332,1.0
2013,3174,3314,1,Tournament,0.08556149732620333,-2.328877005347593,-8.641711229946523,6.312834224598927,0.02048660267346125,-0.027467068621491286,-0.015803776052688623,-0.025646129652375116,54.35845287645384,3.0,0.0,9.0,0.33333333333333337,13.666666666666666,1.0
2013,3181,3329,1,Tournament,0.26008064516129037,1.6905241935483843,-6.51814516129032,8.208669354838705,0.012635978786827595,0.02822688567243789,-0.058763795731583635,-0.01844226204349489,143.09327257991026,-5.0,0.0,3.0,0.46666666666666656,14.733333333333333,1.0
2013,3173,3246,0,Tournament,0.08728448275862077,-1.0237068965517295,0.11314655172413524,-1.1368534482758683,-0.016130717864225763,0.027285456688763005,-0.07593106638891511,0.022749305161905514,-27.060930482167578,5.0,0.0,9.0,0.19999999999999996,3.0666666666666664,0.0
2013,3257,3345,1,Tournament,0.0,3.625,-5.09375,8.71875,-0.001749841901014293,-0.012405611726340499,0.020425962488549276,-0.019773075259487682,-8.724933297318785,1.0,0.0,1.0,0.06666666666666665,1.1333333333333333,-1.0
2013,3261,3336,1,Tournament,-0.18817204301075274,-4.564516129032256,4.393548387096779,-8.958064516129037,0.0028526282179640594,0.015915511207095806,0.0002994802975715971,0.05077459727579861,-41.20931929646031,3.0,0.0,-2.0,-0.13333333333333341,-8.066666666666666,0.0
2013,3234,3323,0,Tournament,-0.34375,-13.03125,4.625,-17.65625,0.028852662902605686,0.0337058048418859,-0.04031312148935973,0.02464024955193922,-186.77097579891756,8.0,0.0,-1.0,-0.5333333333333333,-21.333333333333332,-1.0
2013,3276,3390,0,Tournament,-0.2619745845552298,-9.953079178885638,3.0586510263929654,-13.011730205278603,0.07913676522477131,0.023342459088859707,-0.03303390666437728,-0.0473766099012117,-151.5223424519786,7.0,0.0,-3.0,-0.5333333333333333,-22.866666666666664,-1.0
2013,3143,3261,1,Tournament,0.25806451612903214,2.6451612903225765,-6.3548387096774235,9.0,-0.03556251279274897,-0.0313108846401918,0.0568209795833744,-0.028109895139756508,58.990227906381506,-4.0,0.0,5.0,0.2666666666666666,9.266666666666667,0.0
2013,3163,3268,1,Tournament,0.10459433040078203,5.9452590420332285,-7.063538611925715,13.008797653958936,0.050724072502468465,-0.016117863678601907,-0.052464755409637576,-0.028143381605814588,73.93828950308534,-3.0,0.0,-1.0,0.06666666666666676,13.8,0.0
2013,3208,3390,1,Tournament,-0.1329423264907137,-4.21114369501467,1.3489736070381255,-5.560117302052795,-0.014411443748614583,-0.001142782374718404,0.017955506375180896,-0.022832368450593193,-84.50561711838736,3.0,0.0,-5.0,-0.2666666666666667,-17.66666666666666,-1.0
2013,3174,3246,0,Tournament,0.06534090909090917,-9.619318181818187,-5.91193181818182,-3.7073863636363686,-0.017969887415450747,0.0067038382103514205,-0.01433866903123332,0.05321564111462582,14.890995147122567,4.0,0.0,13.0,0.2666666666666667,4.266666666666666,1.0
2013,3181,3304,1,Tournament,0.19556451612903225,8.271169354838705,-6.034274193548384,14.305443548387089,0.036373297662383175,0.02244752422152199,-0.006852970877170017,-0.02265327241589249,86.46715522899171,-4.0,0.0,2.0,0.19999999999999996,11.933333333333334,1.0
2013,3124,3257,0,Tournament,0.2196969696969696,9.625,-2.4971590909090935,12.122159090909093,0.045560277992821085,-0.1017188714317616,-0.07568290044110165,-0.006489163552770294,143.20356578022643,-4.0,0.0,-2.0,0.33333333333333337,21.733333333333334,1.0
2013,3242,3323,0,Tournament,-0.40208333333333335,-11.677083333333329,9.61666666666666,-21.29374999999999,0.035477676912097134,0.03345093149424799,-0.04415590819746151,0.017071944105961412,-232.82730447821677,11.0,0.0,-2.0,-0.5333333333333333,-23.0,-1.0
2013,3328,3397,0,Tournament,-0.08669354838709675,-5.3709677419354875,2.193548387096783,-7.564516129032263,0.015159056244857583,-0.00012295253037059029,-0.069877812564829,0.0058785229327711075,-56.55992287701474,4.0,0.0,1.0,-0.19999999999999996,-11.0,0.0
2013,3143,3208,1,Tournament,0.09677419354838701,5.064516129032256,3.5806451612903203,1.483870967741936,0.026284585850894715,0.0007195317014548064,0.05683992606281579,0.024512199724705586,40.72400526331239,-2.0,0.0,5.0,0.19999999999999996,9.666666666666668,0.0
2013,3163,3246,1,Tournament,0.035037878787878785,5.410984848484844,-7.608901515151523,13.01988636363636,0.07847695563408669,0.010160925702802609,0.005135804852463899,-0.008015925042603789,10.385251706532017,-1.0,0.0,3.0,0.06666666666666676,14.866666666666667,0.0
2013,3257,3397,1,Tournament,-0.024193548387096753,-6.4959677419354875,-7.400201612903217,0.9042338709677367,0.0022510932006133966,0.013345145662611912,0.001063349488798493,-0.02557302033974529,-33.40498630252796,3.0,0.0,3.0,-0.06666666666666665,-5.800000000000001,0.0
2013,3181,3323,0,Tournament,-0.03125,-5.25,-4.6875,-0.5625,0.0405495627124115,0.04312663134054459,-0.03820011074663954,-0.02066159505866738,-39.118314534182446,1.0,0.0,1.0,-0.06666666666666676,-3.8000000000000007,0.0
2013,3163,3323,1,Tournament,-0.08996212121212122,1.0047348484848442,-8.265151515151523,9.26988636363636,0.08242984189722957,0.030261582805723497,0.021492484295049796,-0.02606107336063329,-66.4609766388869,0.0,0.0,0.0,-0.19999999999999996,6.866666666666667,-1.0
2013,3143,3257,0,Tournament,0.15322580645161277,0.2056451612903203,0.4324596774193523,-0.22681451612903203,-0.049679954499482204,-0.033760923846966495,0.0559073617295745,0.009881276197419187,66.28445533563945,-3.0,0.0,2.0,0.2666666666666666,9.8,0.0
2013,3163,3257,1,Tournament,0.12878787878787878,10.473484848484844,-6.921401515151523,17.39488636363636,0.06134371374004005,-0.011367077006335102,0.018599681051141237,-0.041622420749819006,78.48855111313401,-4.0,0.0,0.0,0.13333333333333341,24.333333333333336,0.0
2014,3113,3435,1,Tournament,0.10967741935483877,-1.964516129032262,-1.340860215053766,-0.6236559139784958,-0.07236318303362133,-0.021848280867000497,0.020410834381003773,-0.0027792180680260015,34.45296433259614,1.0,0.0,4.0,0.1333333333333333,-1.5333333333333334,0.0
2014,3124,3443,1,Tournament,0.12878787878787878,10.9375,-1.837121212121211,12.774621212121211,-0.018702110792517712,-0.032197946972294694,0.06366236953496579,0.011078604447653684,128.1149920040814,-13.0,0.0,-19.0,0.1333333333333332,5.466666666666667,0.0
2014,3140,3301,1,Tournament,0.03125,-3.3125,-2.21875,-1.09375,-0.03208663334856798,0.038159841245801907,-0.06374858722223109,0.0725169884073465,-7.789089380949463,7.0,0.0,7.0,0.13333333333333341,12.333333333333334,0.0
2014,3143,3200,1,Tournament,-0.08125000000000004,3.4000000000000057,9.704166666666666,-6.30416666666666,-0.05670908199750807,-0.011566239316154414,0.017262190816793976,0.05789450404341609,-26.711259950475778,-3.0,0.0,-5.0,-0.1333333333333333,-4.466666666666667,-1.0
2014,3177,3328,1,Tournament,0.25568181818181823,6.946022727272734,2.7329545454545467,4.213068181818189,0.012338289887462772,-0.029910837600702095,0.025089063145228407,-0.08572054220492487,122.67921572347541,-3.0,0.0,3.0,0.46666666666666656,13.866666666666665,1.0
2014,3181,3457,1,Tournament,0.06818181818181823,11.08617424242425,4.4403409090909065,6.645833333333343,0.06410592962344014,0.03196479157364571,0.022165006885128957,-0.0184627278698688,88.11980440490174,-13.0,0.0,-25.0,-0.13333333333333341,-4.533333333333331,-1.0
2014,3199,3235,1,Tournament,-0.021505376344086002,-3.086021505376351,-0.28064516129032313,-2.805376344086028,-0.016848542515779108,0.045252176587477516,0.09618136577894859,-0.08346592129392658,8.321321353111216,3.0,0.0,-2.0,0.0,0.06666666666666687,0.0
2014,3246,3460,1,Tournament,-0.007575757575757569,-2.474431818181813,-7.898674242424249,5.424242424242436,-0.0001397955042234944,0.0282845465140715,0.05136163538041327,-0.019466677217114925,58.75338749740672,-11.0,0.0,-18.0,-0.13333333333333341,-7.6,-1.0
2014,3201,3304,0,Tournament,-0.13978494623655913,-5.512903225806454,1.936559139784947,-7.449462365591401,-0.01779581328632579,0.017591708146392604,0.006892685979836499,-0.007152702039615183,-87.81901708696819,9.0,0.0,14.0,-0.06666666666666676,-1.5999999999999996,0.0
2014,3323,3352,1,Tournament,0.34375,16.59375,-3.375,19.96875,0.0973374379463211,-0.0245891492040681,0.025572892460436314,0.028104796148829297,211.75559931770067,-15.0,0.0,-22.0,0.19999999999999996,13.399999999999999,0.0
2014,3195,3329,0,Tournament,0.045943304007820096,-0.5395894428152559,-0.2873900293255147,-0.2521994134897394,0.04565467312596777,0.02705973311731641,-0.1058479666654053,-0.022297719063887417,51.125747916866885,7.0,0.0,17.0,0.3999999999999999,20.2,1.0
2014,3103,3345,0,Tournament,-0.014460511679644017,8.190211345939929,5.436040044493879,2.75417130144605,0.025855667375451863,-0.0174789242549446,-0.0005455819758315994,-0.010565392552931874,-25.593559580248893,9.0,0.0,9.0,0.19999999999999996,5.533333333333333,1.0
2014,3385,3425,1,Tournament,0.0404411764705882,-0.4926470588235361,-2.569852941176464,2.077205882352928,0.005388209405499611,0.001251284648047496,0.0019085365489911466,0.02518727270502638,-51.40327637400719,-1.0,0.0,2.0,0.06666666666666665,5.6000000000000005,-1.0
2014,3377,3390,0,Tournament,-0.33958333333333335,-2.1937499999999943,14.53958333333334,-16.733333333333334,0.007003081678637002,0.03431064210905019,-0.008370423855334597,0.09546630830235589,-145.54008454853033,13.0,0.0,15.0,-0.20000000000000007,-10.066666666666666,1.0
2014,3151,3393,0,Tournament,0.19657258064516125,-3.202620967741936,-7.71471774193548,4.5120967741935445,0.0005316876178494967,-0.014552941974119105,-0.06831619430162572,-0.010244369760451094,38.264147833094285,5.0,0.0,24.0,0.33333333333333337,16.733333333333334,1.0
2014,3322,3397,0,Tournament,-0.23084677419354838,-15.06653225806452,-0.6300403225806477,-14.436491935483872,-0.008618020963807316,-0.018615540768168792,-0.14886910524658792,-0.029066523545965922,-153.1360475860738,15.0,0.0,27.0,-0.13333333333333341,-4.133333333333334,0.0
2014,3163,3341,1,Tournament,0.5483870967741936,17.38330170777988,-22.774193548387103,40.15749525616698,0.16720740259651617,-0.05412605565920331,0.025205229788022976,-0.0912157499893479,266.45946837862493,-15.0,0.0,-26.0,0.2666666666666667,27.13333333333333,0.0
2014,3173,3196,0,Tournament,0.1537634408602151,6.869892473118284,2.5043010752688275,4.365591397849457,-0.0060920178649019885,-0.0147919587607874,0.030942941513646405,-0.029058182459894,72.41919772027063,-5.0,0.0,9.0,0.4,10.066666666666666,0.0
2014,3234,3265,1,Tournament,-0.05347593582887711,6.071301247771828,9.725490196078432,-3.6541889483066043,-0.014175162360523519,-0.002996756679515822,0.062079475111581295,-0.029928322786987677,-3.3697317450696573,-5.0,0.0,-13.0,-0.1333333333333332,-12.533333333333331,-1.0
2014,3211,3241,0,Tournament,0.030303030303030276,0.27272727272726627,1.1818181818181799,-0.9090909090909101,-0.025326807541182772,-0.042819384098573304,-0.020096955739566214,-0.07817992171835228,44.55476394079733,-5.0,0.0,-5.0,0.0,-7.599999999999998,0.0
2014,3225,3257,0,Tournament,-0.1404174573055028,-5.140417457305503,2.34629981024667,-7.48671726755218,-0.009483979809378151,-0.040270685644023696,-0.056968137658525764,0.009208475936891725,-87.33526787483811,11.0,0.0,23.0,0.1333333333333332,4.400000000000002,1.0
2014,3210,3261,0,Tournament,0.032258064516129004,10.096774193548384,6.548387096774192,3.548387096774192,0.004453567972466599,-0.021925582642382285,0.029163903562173077,-0.03023811899523471,53.94005255315142,3.0,0.0,1.0,0.19999999999999996,0.7333333333333332,0.0
2014,3119,3268,0,Tournament,-0.02580645161290329,-17.489247311827967,-3.9946236559139834,-13.494623655913983,-0.06634290680836857,-0.010405778296286805,-0.0516640763060936,0.0475298706717141,-17.214578418234623,9.0,0.0,9.0,0.20000000000000007,-4.866666666666667,1.0
2014,3214,3277,0,Tournament,0.16532258064516125,-2.3568548387096797,-7.935483870967744,5.578629032258064,-0.0754927054343234,-0.020938545283106597,0.05811560072242328,0.01035295285365359,25.82215145432201,7.0,0.0,22.0,0.2666666666666667,15.533333333333335,1.0
2014,3314,3404,1,Tournament,-0.04692082111436946,-3.915933528836746,-5.8729227761485845,1.9569892473118387,-0.004422672960344376,0.0410270289692595,0.09725408150611808,-0.006635348657952206,49.91371702977517,-9.0,0.0,-28.0,-0.33333333333333326,-21.733333333333334,-1.0
2014,3292,3333,0,Tournament,0.19128787878787878,-2.643939393939391,-6.41193181818182,3.767992424242429,-0.05435358331379564,-0.0028967679265154145,-0.0012744603652705133,0.0674133198954836,66.56954601883717,-1.0,0.0,3.0,0.06666666666666654,-0.9333333333333318,1.0
2014,3336,3455,1,Tournament,-0.053879310344827624,4.334051724137936,9.8125,-5.478448275862064,-0.02212371235016508,0.00666926030928211,0.031603375978661474,0.023192984276848683,49.38248690219757,-11.0,0.0,-15.0,0.0,-5.2666666666666675,-1.0
2014,3169,3376,0,Tournament,-0.3084677419354839,-4.662298387096769,11.528225806451616,-16.190524193548384,-0.031496191913026605,-0.0013957842190136793,0.013404589801315814,-0.1180758328543644,-115.7068977141721,15.0,0.0,21.0,0.0,-0.1999999999999993,1.0
2014,3208,3386,0,Tournament,-0.06451612903225812,-5.870967741935473,-5.354838709677409,-0.516129032258057,-0.0119352134449075,0.04064716715554259,0.09141731683223137,-0.04413983070608629,16.87585637451116,-1.0,0.0,-9.0,-0.1333333333333333,-6.666666666666666,0.0
2014,3335,3400,0,Tournament,0.1294642857142857,-4.419642857142861,-3.830357142857153,-0.5892857142857153,-0.03657701477453823,-0.03559297860675692,-0.09201817874091439,0.009462250768758118,15.757998084806104,7.0,0.0,9.0,0.33333333333333326,11.466666666666665,0.0
2014,3315,3401,0,Tournament,-0.06034482758620685,-1.3879310344827616,4.931034482758619,-6.318965517241381,-0.01767172109093279,0.04250043404191439,0.031949135192996414,0.11294757783018641,-68.84507802894677,11.0,0.0,14.0,0.0,1.7333333333333325,1.0
2014,3107,3452,0,Tournament,-0.0037878787878787845,-2.0975378787878753,-3.768939393939391,1.6714015151515156,0.0085750109571191,0.06183686084877979,0.048262690343452985,-0.03132642543571332,-71.66405730063434,13.0,0.0,27.0,0.06666666666666654,9.133333333333333,1.0
2014,3124,3143,1,Tournament,0.17878787878787883,13.599999999999994,-3.9787878787878768,17.57878787878787,0.01724150312933087,-0.018670437591571887,0.052016627899811596,0.04386522618753641,112.19078856500778,-5.0,0.0,-1.0,0.33333333333333326,13.466666666666667,1.0
2014,3140,3304,1,Tournament,0.006048387096774244,-3.2379032258064484,0.7782258064516157,-4.016129032258064,-0.016958088734662202,0.04236114530065571,0.03268180242725183,0.059471397210284105,-49.05792705046815,8.0,0.0,6.0,0.0,2.333333333333334,-1.0
2014,3177,3181,1,Tournament,0.0,3.4848484848484844,6.63636363636364,-3.151515151515154,-0.009968009582848159,-0.04476161430103351,-0.048539876687827166,0.019290735500514716,-3.704652026005988,5.0,0.0,5.0,0.2666666666666666,8.733333333333333,1.0
2014,3246,3393,1,Tournament,0.040322580645161255,7.859879032258064,4.47278225806452,3.3870967741935445,0.004526528293440801,-0.0012386945879082067,-0.021078788607272747,0.0361177753555669,45.59565798980066,-3.0,0.0,-1.0,0.0,0.9333333333333336,0.0
2014,3113,3323,0,Tournament,-0.29032258064516125,-16.689516129032256,4.225806451612897,-20.915322580645153,-0.12589664969385927,0.02540490126811018,-0.035986704758965204,0.023321802010004,-217.57452175561934,8.0,0.0,3.0,-0.4666666666666667,-25.333333333333332,-1.0
2014,3329,3345,1,Tournament,0.017797552836484987,-3.6484983314794164,-8.499443826473858,4.850945494994441,-0.022090703552294588,-0.025730969677988907,0.010977972595879515,-0.06204873858385018,-49.939156241684486,1.0,0.0,1.0,-0.19999999999999996,-9.266666666666666,0.0
2014,3199,3390,0,Tournament,-0.2610887096774194,-7.01310483870968,4.32560483870968,-11.33870967741936,-0.0013183703589262907,0.07530775512961979,0.02828882854582382,0.002018157515062624,-114.73140698654993,8.0,0.0,-3.0,-0.4666666666666667,-17.466666666666665,0.0
2014,3385,3397,0,Tournament,-0.15625,-12.3125,-1.65625,-10.65625,-0.0231349339277922,-0.00035083221900780726,-0.1031539734330913,-0.003764049737771724,-132.6789308438224,7.0,0.0,6.0,-0.20000000000000007,-4.466666666666667,-1.0
2014,3163,3386,1,Tournament,0.29032258064516125,10.480075901328277,-16.806451612903217,27.2865275142315,0.10485190780098569,-0.007588442555406499,0.07034836975813086,-0.0236863837267815,199.48195577717524,-8.0,0.0,-4.0,0.33333333333333337,27.599999999999998,1.0
2014,3234,3257,0,Tournament,-0.11764705882352944,-0.235294117647058,9.147058823529406,-9.382352941176471,0.044192745655056875,-0.024512611220094904,-0.07546493983450808,0.056660907254930615,-37.0292024501307,3.0,0.0,-3.0,0.0,-6.599999999999998,0.0
2014,3261,3452,1,Tournament,-0.26588465298142716,-4.265884652981427,5.928641251221904,-10.194525904203331,-0.0008860405233148128,0.036195295025792995,0.041935086805272415,-0.027772022037365007,-149.5510090122541,5.0,0.0,-3.0,-0.4666666666666667,-12.2,0.0
2014,3268,3400,1,Tournament,0.14375000000000004,13.604166666666671,2.1458333333333357,11.458333333333336,0.04263660185834606,-0.046212826258197004,0.017104796287585433,-0.0124374469125475,44.047732863188685,-1.0,0.0,-2.0,0.06666666666666665,10.533333333333335,0.0
2014,3277,3314,0,Tournament,-0.017595307917888547,-7.277614858260023,-2.0948191593352874,-5.1827956989247355,0.006686540245961881,0.006632456039181389,-0.04627475566782491,-0.04191961376868861,-14.215048576388426,1.0,0.0,1.0,0.1333333333333333,2.1999999999999993,0.0
2014,3196,3336,0,Tournament,-0.14571746384872075,-0.7997775305895516,3.1290322580645125,-3.928809788654064,0.04419255677904038,0.021295915769406593,-0.05573580490829627,-0.020473651075896604,-59.06533398602937,8.0,0.0,-2.0,-0.33333333333333326,-8.4,0.0
2014,3333,3376,0,Tournament,-0.18346774193548387,-2.9435483870967687,6.496975806451616,-9.440524193548384,0.007924200862668429,0.023190946643508015,0.027703594016314226,-0.08285407429738711,-44.88624980431928,8.0,0.0,4.0,0.06666666666666665,1.5333333333333314,0.0
2014,3241,3401,0,Tournament,0.09848484848484851,4.931818181818187,-4.151515151515149,9.083333333333336,0.011053041046754586,0.007220573960460108,0.060879260954904146,0.00882904878856769,-7.007314193255297,8.0,0.0,13.0,0.19999999999999996,16.799999999999997,1.0
2014,3124,3246,1,Tournament,0.12878787878787878,2.65625,-6.555871212121211,9.212121212121211,-0.010133291976713643,-0.017311446570191596,0.03974575247541112,0.0482925523322556,58.76208368633888,-1.0,0.0,3.0,0.2666666666666666,13.4,1.0
2014,3140,3163,0,Tournament,-0.1875,-10.330882352941174,16.875,-27.205882352941174,-0.1058828163794463,0.066202803118587,-0.03430393864325437,0.1037968489851177,-130.02025260443202,11.0,0.0,3.0,-0.19999999999999996,-22.53333333333333,-1.0
2014,3323,3329,1,Tournament,0.25806451612903225,15.721774193548384,1.258064516129032,14.463709677419352,0.11508694330960978,0.0017596718286419233,0.049312797071746794,0.03624799937102918,186.12149319751484,-4.0,0.0,-2.0,0.4666666666666667,23.466666666666665,1.0
2014,3177,3401,0,Tournament,0.06818181818181823,13.477272727272734,11.545454545454547,1.9318181818181888,0.049501775914684576,-0.023728999392316402,-0.019843653713997766,-0.030289314245990878,23.417618617246262,4.0,0.0,6.0,0.19999999999999996,6.799999999999999,1.0
2014,3257,3261,1,Tournament,0.26944971537001894,9.269449715370015,-4.410815939278933,13.680265654648956,0.011603928594739576,-0.005748807334779699,-0.031612925201425446,-0.06243225000345162,136.4030099339127,-4.0,0.0,5.0,0.4,12.599999999999998,0.0
2014,3268,3397,1,Tournament,-0.043749999999999956,4.229166666666671,-1.6354166666666643,5.864583333333336,0.028683666722880752,-0.02065049625363219,-0.031139429609416902,-0.03765234121624622,-74.66243707397325,3.0,0.0,1.0,-0.20000000000000007,3.4000000000000004,-1.0
2014,3314,3376,1,Tournament,-0.14369501466275658,7.503421309872934,10.933528836754647,-3.430107526881713,-0.015863407288066678,0.0043847211662957075,0.04993244592789853,-0.047960893839233604,-34.195705827028405,3.0,0.0,1.0,-0.20000000000000007,-6.866666666666666,0.0
2014,3336,3390,0,Tournament,-0.14762931034482762,-1.697198275862064,6.90625,-8.603448275862064,-0.021948898954278706,0.0381638968171433,-0.0068525917290572225,0.06779277038518292,-67.40323108723987,1.0,0.0,-2.0,-0.13333333333333341,-7.6,0.0
2014,3163,3401,1,Tournament,0.25,12.455882352941174,-12.0,24.455882352941174,0.1143915205798251,-0.03576830181349,-0.006569681479714706,-0.0440946218409968,119.9322526585413,-2.0,0.0,5.0,0.2666666666666667,25.999999999999996,1.0
2014,3124,3323,0,Tournament,-0.12121212121212122,-2.625,0.787878787878789,-3.412878787878789,-0.11484522219706073,-0.017672732106719102,-0.003934937478335787,0.02257935877598921,-59.97999718631854,1.0,0.0,2.0,-0.06666666666666676,-5.399999999999999,0.0
2014,3257,3268,0,Tournament,0.08235294117647052,-4.2843137254902075,-1.9215686274509736,-2.362745098039227,-0.044682812267912986,0.019192518631914485,-0.05257069344715354,-0.030193808880981304,41.1686865272186,-1.0,0.0,4.0,0.13333333333333341,-1.2666666666666693,0.0
2014,3314,3390,0,Tournament,-0.1789772727272727,3.1032196969697026,5.936553030303031,-2.8333333333333286,0.009585384839172817,0.04977642837140839,0.02000676098268811,0.025633313033557314,-45.81255766264212,2.0,0.0,-3.0,-0.2666666666666667,-10.0,0.0
2014,3163,3390,1,Tournament,0.09375,5.112132352941174,-13.09375,18.205882352941174,0.10744797610276269,0.008205673071423891,-0.008189813234287524,-0.0179565493811861,76.34461287397244,-1.0,0.0,1.0,0.1333333333333333,20.799999999999997,1.0
2014,3268,3323,0,Tournament,-0.19999999999999996,-3.4583333333333286,0.8333333333333357,-4.291666666666664,-0.04767835332314774,0.008098687373400998,0.003038004674861927,-0.039600594793227695,-134.4890266596292,3.0,0.0,0.0,-0.33333333333333337,-8.466666666666665,-1.0
2014,3163,3323,1,Tournament,0.0,-3.919117647058826,-14.0,10.080882352941174,0.01127440644377209,-0.019682144656490708,-0.048437334394368814,-0.056578166729589596,-10.80091089551729,0.0,0.0,4.0,0.0,12.666666666666664,0.0
2015,3116,3321,1,Tournament,-0.1752688172043011,-12.022580645161298,-7.503225806451617,-4.519354838709681,-0.06652713674776689,-0.004742182316496202,0.06255256513938146,0.042040234417179606,-85.7265020060263,3.0,0.0,-1.0,-0.19999999999999996,-2.2666666666666666,0.0
2015,3124,3322,1,Tournament,0.3918495297805643,20.336468129571585,-3.606060606060609,23.942528735632187,0.042990987089546406,-0.007445703937360104,0.0992795378674941,-0.028531237242934798,186.36065102270413,-13.0,0.0,-26.0,0.33333333333333337,11.266666666666667,0.0
2015,3143,3455,1,Tournament,-0.16003787878787878,5.137310606060609,11.217803030303031,-6.080492424242422,0.00913111927904181,0.0018642759452845992,-0.0015091788122884031,0.039978403132686996,-39.43910874487665,-9.0,0.0,-16.0,-0.19999999999999996,-7.3999999999999995,-1.0
2015,3173,3235,1,Tournament,0.20645161290322578,6.274193548387103,0.6720430107526951,5.602150537634415,-0.016304373792029092,0.03275439588836182,0.05006099672589298,0.020974073304199287,125.14596382915101,-3.0,0.0,4.0,0.4,15.533333333333331,0.0
2015,3177,3278,1,Tournament,0.06912878787878785,10.475378787878782,-1.8399621212121247,12.315340909090907,0.02140719700221877,-0.0525957058592777,-0.0022197017119470752,-0.04683665762838651,84.17221071388008,1.0,0.0,4.0,0.33333333333333337,20.8,1.0
2015,3107,3181,0,Tournament,0.07258064516129037,-1.3679435483871032,-3.8790322580645196,2.5110887096774164,0.016363585777782075,0.006092632213193394,-0.00939809375532663,0.04117535650575699,-16.482532866531756,9.0,0.0,21.0,0.20000000000000007,11.666666666666668,1.0
2015,3203,3211,0,Tournament,0.12903225806451601,1.3548387096774093,-2.774193548387096,4.129032258064505,-0.012084498586042713,-0.0041127887144497,0.02101809671155147,-0.0990914511795633,95.3674989622732,-5.0,0.0,-5.0,0.1333333333333332,6.133333333333333,1.0
2015,3110,3234,0,Tournament,-0.024193548387096753,-16.46270161290323,-15.394153225806448,-1.068548387096783,-0.032084786230819895,0.026874601712547713,-0.0280222872381492,0.040355091755744116,-8.811402717868305,11.0,0.0,13.0,0.13333333333333341,8.133333333333333,1.0
2015,3246,3398,1,Tournament,0.11875000000000002,7.00833333333334,1.3291666666666657,5.679166666666674,-0.007817431258887286,-0.017725142133324517,0.01424183734952783,0.052472413536626406,54.35374755301018,-13.0,0.0,-24.0,-0.20000000000000007,-3.4666666666666663,-1.0
2015,3274,3449,1,Tournament,-0.10584677419354838,-8.068548387096769,-6.173387096774192,-1.8951612903225774,-0.03860806135974454,0.017175220442348094,0.075897352240276,-0.05203314126022501,-40.22190549307811,5.0,0.0,-4.0,-0.19999999999999996,-4.466666666666667,0.0
2015,3280,3408,1,Tournament,0.125,9.65625,-0.65625,10.3125,-0.010908694609721103,-0.017114900882414408,0.05500528174290159,0.08013319056795101,66.88708443700193,-7.0,0.0,-6.0,0.06666666666666665,1.1333333333333333,0.0
2015,3285,3323,0,Tournament,-0.20606060606060617,-15.575757575757578,-1.5787878787878782,-13.9969696969697,-0.028196273591040932,-0.0193072710271594,-0.011734572775286112,-0.0390679406012108,-152.44689205578266,15.0,0.0,19.0,-0.19999999999999996,-8.466666666666665,0.0
2015,3333,3355,1,Tournament,0.11206896551724133,-0.05172413793103203,-4.705818965517238,4.654094827586206,-0.0008545652233155621,-0.019681776972051007,0.005846564409749622,-0.12647156945399693,32.17446915094047,-11.0,0.0,-18.0,-0.06666666666666665,-5.933333333333332,-1.0
2015,3366,3376,0,Tournament,-0.2823275862068966,-13.979525862068968,7.851293103448278,-21.830818965517246,-0.04693269490426588,0.024968149562291986,-0.09413225412768783,-0.004553679387593906,-163.70200854389077,15.0,0.0,29.0,0.06666666666666654,-5.066666666666666,0.0
2015,3304,3393,0,Tournament,-0.022580645161290325,-2.4021505376344123,0.1483870967741936,-2.550537634408606,0.007870465072342347,0.005991157946450915,-0.08443775537107617,-0.03243913917359009,-14.287480853773332,1.0,0.0,3.0,-0.19999999999999996,-3.066666666666667,0.0
2015,3400,3443,1,Tournament,-0.19485294117647056,-7.908088235294116,-3.360294117647058,-4.547794117647058,-0.03773748625941897,-0.0032035765617761947,0.018242441131124665,-0.010282730208120816,-56.372728443887354,-7.0,0.0,-13.0,-0.33333333333333337,-5.733333333333333,-1.0
2015,3113,3325,1,Tournament,-0.027217741935483875,-2.320564516129039,-0.31048387096774377,-2.0100806451612954,-0.011829265363211605,-0.009030342110381201,0.09401197595476118,0.0005273162386712216,-5.270871086026773,-11.0,0.0,-8.0,-0.19999999999999996,-7.666666666666668,-1.0
2015,3114,3401,1,Tournament,0.15625,-1.59375,-6.25,4.65625,0.008019914391955929,0.027043572469235583,0.007785415322031697,-0.0168683819309679,72.7699266577074,5.0,0.0,11.0,0.2666666666666667,9.400000000000002,1.0
2015,3163,3383,1,Tournament,0.5151515151515151,29.424242424242422,-12.454545454545467,41.87878787878789,0.07350863555618697,-0.0545238693585417,0.10177020562367656,-0.0008648932936942966,223.94318709578715,-15.0,0.0,-21.0,0.33333333333333337,38.86666666666667,0.0
2015,3195,3329,1,Tournament,0.29032258064516137,7.4193548387096655,-3.0967741935483915,10.516129032258057,0.07537963069599435,-0.020603240154064117,-0.057381980876702265,0.025722742920527508,108.73711980302619,-3.0,0.0,8.0,0.4666666666666667,25.400000000000002,1.0
2015,3106,3199,0,Tournament,-0.3787878787878788,-15.298701298701303,4.203463203463208,-19.502164502164515,-0.04596553735373293,0.03623842573638239,-0.06512715064614882,0.07953919758666553,-196.4402324506159,13.0,0.0,30.0,-0.2666666666666667,-14.0,1.0
2015,3140,3257,0,Tournament,-0.09677419354838701,-4.903225806451616,6.516129032258064,-11.41935483870968,0.041288333803341404,0.0026982819365475863,-0.10269138689108609,0.0206434169270657,-41.82346884566914,11.0,0.0,10.0,0.0,-2.6,1.0
2015,3268,3308,1,Tournament,0.1967592592592593,8.292824074074076,-4.7974537037037095,13.090277777777786,0.03253484524265471,0.010035131196657388,0.07778450646750029,0.02531757395809739,157.48615438506113,-15.0,0.0,-25.0,0.06666666666666676,4.666666666666664,0.0
2015,3251,3314,0,Tournament,0.0625,-8.21875,-7.25,-0.96875,-0.009081595876089865,0.0224073014906212,0.07558073257214254,0.014755503108987683,23.476553875069158,9.0,0.0,25.0,0.33333333333333326,7.9333333333333345,1.0
2015,3241,3326,0,Tournament,0.20928030303030298,-4.885416666666671,-11.903409090909093,7.017992424242422,-0.05695406628512861,0.004808748896187487,0.09136126658518834,-0.01108864953691649,4.637269925197188,7.0,0.0,12.0,0.1333333333333332,11.533333333333335,1.0
2015,3328,3346,1,Tournament,-0.2666034155597722,-4.898481973434528,4.242884250474383,-9.141366223908912,0.022032260759926203,0.021768516105905605,0.018587104706523194,0.017913347651885514,-68.36949463603719,-7.0,0.0,-23.0,-0.4,-19.0,-1.0
2015,3151,3338,0,Tournament,0.2729166666666667,-3.15625,-9.462499999999999,6.306249999999999,0.045584014411887086,0.020816634252913885,-0.02286934825606618,0.01491594774633781,116.55949597992435,-3.0,0.0,17.0,0.4666666666666667,20.0,1.0
2015,3343,3453,1,Tournament,0.12903225806451613,6.090322580645164,-4.9064516129032185,10.99677419354839,0.07212146976511263,0.004838119440948807,0.06730120370535209,0.01496781261866198,37.09487486457988,-1.0,0.0,-5.0,0.06666666666666676,5.799999999999997,-1.0
2015,3353,3371,1,Tournament,-0.13880742913000976,-7.074291300097741,-4.513196480938419,-2.5610948191593206,-0.011581204065623518,0.0432159808724798,0.0574654226884041,-0.01876370985624909,-42.184395671636366,-1.0,0.0,-4.0,-0.13333333333333341,-5.333333333333335,0.0
2015,3261,3378,0,Tournament,-0.2212121212121212,-8.615151515151517,0.5515151515151473,-9.166666666666664,-0.01792094637533992,0.034511009592536696,0.019929263599737623,-0.015203603790115705,-43.21953510917683,5.0,0.0,-6.0,-0.20000000000000007,-15.066666666666666,0.0
2015,3169,3390,0,Tournament,-0.008522727272727293,-1.5331439393939377,-0.9232954545454533,-0.6098484848484844,-0.03162614321305385,0.016229448383049294,0.009442702121543411,-0.011514862781886487,-63.77617456918506,9.0,0.0,14.0,0.0,3.5333333333333323,0.0
2015,3129,3397,0,Tournament,-0.17708333333333337,-1.0812499999999972,7.424999999999997,-8.506249999999994,0.011491145747778209,0.0488554686508918,-0.0006636925802774307,-0.01865544033082378,-143.48438684936536,13.0,0.0,21.0,-0.13333333333333341,-3.4000000000000004,1.0
2015,3116,3124,0,Tournament,-0.3424242424242425,-19.760606060606065,-3.9939393939393923,-15.766666666666673,-0.0675736306841287,0.002221324679605008,-0.0033623360276341385,0.0324269699476217,-149.04994872041675,8.0,0.0,1.0,-0.4,-12.266666666666667,-1.0
2015,3173,3246,1,Tournament,0.08770161290322576,1.3991935483871032,-4.723790322580648,6.122983870967751,0.03912982529318759,0.019129278101903513,-0.02230112030050041,0.007438031895871167,29.66355473934459,5.0,0.0,3.0,0.2666666666666667,15.733333333333333,0.0
2015,3181,3280,1,Tournament,-0.13508064516129037,-3.382056451612897,1.4727822580645196,-4.854838709677416,0.013998783037269813,0.021899016847174907,0.03949566551100153,-0.03862969152050899,-12.383427796856267,-1.0,0.0,-2.0,0.06666666666666665,5.0,0.0
2015,3211,3333,1,Tournament,-0.08787541713014457,-1.0934371523915445,3.958843159065623,-5.052280311457167,-0.02268573024518672,0.049838119656609,0.02647782829054318,0.11253089210869963,-41.72424992838296,8.0,0.0,6.0,0.0,-0.40000000000000036,0.0
2015,3234,3274,1,Tournament,0.16129032258064513,13.0,13.16129032258064,-0.1612903225806397,0.062157901736757115,-0.01609566931572229,-0.04168662470619172,-0.0131603039022542,88.1395121681976,-8.0,0.0,3.0,0.33333333333333326,4.6,0.0
2015,3177,3323,0,Tournament,-0.1515151515151516,5.5454545454545325,10.333333333333329,-4.787878787878796,0.027114237929040552,-0.04859650271592039,-0.016304062806221598,-0.07890349303789171,-86.81534763018658,8.0,0.0,7.0,-0.1333333333333333,-0.7333333333333307,0.0
2015,3376,3393,1,Tournament,0.23750000000000004,6.064583333333331,-7.837499999999999,13.90208333333333,0.04123602698148415,0.02632907193249201,0.048759275295309934,-0.020310436341933885,125.85142258385827,-7.0,0.0,2.0,0.13333333333333341,11.133333333333333,1.0
2015,3143,3400,0,Tournament,0.03125,1.46875,3.8125,-2.34375,0.004330648978615681,-0.011274026717757901,-0.06072849906389688,-0.030448418698086094,11.888253139158223,-1.0,0.0,3.0,0.19999999999999996,2.0,0.0
2015,3113,3114,1,Tournament,-0.03125,2.65625,4.59375,-1.9375,-0.004329852792525124,-0.033406588084936295,0.0201829392758765,-0.002426374332976794,-2.497240359550233,-8.0,0.0,-9.0,-0.13333333333333341,-8.866666666666669,-1.0
2015,3163,3353,1,Tournament,0.26001955034213087,20.95307917888563,-12.365591397849471,33.318670576735094,0.10887474041171258,-0.04185248044311829,0.0273559699667969,0.04954603000564339,147.18364378402725,-7.0,0.0,5.0,0.33333333333333337,42.13333333333333,1.0
2015,3195,3199,0,Tournament,0.05669599217986321,-4.049853372434029,-4.068426197458457,0.01857282502442459,0.06345098416497263,-0.02892742770639531,-0.1068027385606175,0.0164299843558309,1.193440240393329,5.0,0.0,9.0,0.1333333333333333,6.866666666666667,1.0
2015,3257,3378,1,Tournament,0.01857282502443791,1.5063538611925793,-1.4506353861192665,2.9569892473118387,-0.004156105716875025,0.0101353800625264,-0.003674819105674687,-0.0008078271339563015,8.002223618263542,-3.0,0.0,-8.0,-0.13333333333333341,-10.2,0.0
2015,3268,3343,1,Tournament,-0.0625,4.418750000000003,10.006250000000001,-5.587499999999999,-0.054124328672080335,0.027044037460075998,0.03774255147864064,0.038525797980123205,44.17867340129919,-7.0,0.0,-3.0,0.0,-10.199999999999996,1.0
2015,3314,3326,1,Tournament,0.05303030303030298,-5.197916666666671,-6.4346590909090935,1.236742424242422,-0.04301483779658033,0.018908528865524493,0.06418004565906771,0.003534442825422812,-40.73737419836016,-1.0,0.0,-3.0,-0.20000000000000007,-2.8,0.0
2015,3328,3390,0,Tournament,-0.08211143695014667,4.544477028347998,7.9648093841642265,-3.420332355816228,0.011448121864489735,0.0344783940888187,0.0026598106135171107,0.038679044882206415,-47.5140689508944,1.0,0.0,-3.0,-0.1333333333333333,-4.2,-1.0
2015,3338,3397,0,Tournament,-0.2104166666666667,-5.28125,4.524999999999999,-9.806249999999999,-0.019424942865273687,0.020996106458843616,-0.06407704867533504,-0.039880872269698,-131.53470709606177,8.0,0.0,-2.0,-0.2666666666666667,-11.200000000000001,0.0
2015,3124,3234,1,Tournament,0.13489736070381242,0.254154447702831,-13.218963831867057,13.473118279569889,-0.022703663471621394,0.006808106700509298,0.06381945367125613,0.0300016003589465,58.38841831079026,-1.0,0.0,-2.0,0.13333333333333341,9.133333333333333,1.0
2015,3113,3199,0,Tournament,-0.035037878787878785,-7.789772727272734,-1.3143939393939377,-6.4753787878788,-0.002031231925249233,-0.016284195939778007,-0.034916605861866845,0.027579844458938713,-40.333032647902655,1.0,0.0,4.0,-0.13333333333333341,-10.200000000000001,0.0
2015,3323,3390,1,Tournament,0.21212121212121215,12.303030303030312,0.09090909090909349,12.212121212121218,-0.00870294175322145,0.014747016407128694,0.016810622462550107,0.028774978233612608,96.84550598050555,-3.0,0.0,-4.0,0.2666666666666667,11.866666666666664,0.0
2015,3314,3376,0,Tournament,-0.1875,-0.0625,12.09375,-12.15625,-0.022195687245734008,-0.012454179258003906,-0.07704738937928624,0.024038217922637495,-115.59369069947002,3.0,0.0,-2.0,-0.2666666666666667,-9.8,-1.0
2015,3163,3400,1,Tournament,0.2821969696969696,21.664772727272734,-10.708333333333343,32.37310606060607,0.10185946165338028,-0.05247302099301959,-0.0009942407072855985,0.011012655377370811,128.12465833468468,-4.0,0.0,7.0,0.4666666666666667,42.0,1.0
2015,3173,3257,1,Tournament,0.0,2.4193548387096797,5.774193548387096,-3.3548387096774164,0.011765037890140495,0.014978831375358798,-0.008337505187965,0.03805804785037628,26.507960299900788,4.0,0.0,5.0,0.20000000000000007,11.666666666666664,0.0
2015,3181,3268,0,Tournament,-0.26008064516129037,-9.444556451612897,-1.7772177419354804,-7.667338709677416,-0.0384961335196119,0.004855943759488501,0.01717747676405701,-0.017144913388530886,-135.08981949211966,3.0,0.0,-3.0,-0.33333333333333337,-6.866666666666666,-1.0
2015,3211,3397,0,Tournament,-0.06955645161290325,-0.4264112903225765,5.721774193548384,-6.148185483870961,0.009255022522831002,0.0591657110441815,-0.010084353335710006,0.05362277244359992,-90.81455562016549,9.0,0.0,8.0,0.0,-0.4666666666666668,0.0
2015,3124,3323,0,Tournament,-0.030303030303030276,-1.181818181818187,-0.15151515151515582,-1.0303030303030312,0.02530995697612698,-0.006725732306318399,0.004457266638574819,-0.014254572209967703,-52.224690507927335,1.0,0.0,1.0,-0.1333333333333333,-6.133333333333331,0.0
2015,3199,3376,0,Tournament,-0.058712121212121215,0.19602272727273373,4.376893939393938,-4.1808712121212,-0.011524017874628256,-0.0022937722977733055,-0.0135857390634474,-0.0038266400146048096,-35.06822120265747,1.0,0.0,-2.0,0.0,-0.33333333333333215,-1.0
2015,3163,3173,1,Tournament,0.16324535679374386,13.95307917888563,-16.172043010752695,30.12512218963832,0.09395361780967809,-0.051230610601408405,0.021872854808262288,-0.03096555333060358,74.19418377961256,-6.0,0.0,3.0,0.1333333333333333,28.933333333333334,1.0
2015,3268,3397,1,Tournament,0.09375,8.4375,5.53125,2.90625,0.04110376171908442,0.049151260395945,0.017200458962675802,0.028874666621169304,51.5725312613813,-1.0,0.0,1.0,0.19999999999999996,3.799999999999999,1.0
2015,3163,3268,1,Tournament,0.03219696969696961,9.508522727272734,-13.239583333333343,22.74810606060607,0.05703144281488998,-0.06331365513068729,-0.030574455817750035,-0.0223795843888501,-3.5941516070106445,0.0,0.0,5.0,0.0,32.13333333333333,0.0
2015,3323,3376,1,Tournament,0.0018939393939394478,5.711174242424249,6.982954545454547,-1.2717803030302974,-0.008992928945498357,-0.014415415238714813,-0.07799058858661823,0.04521096134387059,22.744918164503133,0.0,0.0,-2.0,0.1333333333333333,2.3999999999999986,0.0
2015,3163,3323,1,Tournament,0.030303030303030165,8.484848484848484,-11.87878787878789,20.363636363636367,0.09276193891318296,-0.03271529369566009,0.028610349922059686,-0.005766276194403203,-7.5823406014726515,0.0,0.0,8.0,0.0,27.733333333333334,0.0
2016,3107,3196,1,Tournament,0.1376344086021506,-6.967741935483872,-16.94516129032258,9.977419354838709,0.0347259943067979,-0.020240049846032587,-0.008237410603400663,0.019205100253543578,42.55786519964363,7.0,0.0,16.0,0.33333333333333326,24.53333333333333,1.0
2016,3113,3308,1,Tournament,-0.05069124423963134,-5.35138248847926,-5.645161290322584,0.29377880184332383,-0.03503577742315728,-0.021496822969413187,0.07012394164719893,0.0296946447389827,51.99253510736298,-13.0,0.0,-23.0,-0.1333333333333332,-3.799999999999998,-1.0
2016,3120,3385,1,Tournament,-0.10584677419354838,-4.806451612903224,-1.0262096774193523,-3.780241935483872,-0.030813092729898683,0.04584557355652938,0.04837075385182704,-0.026039975165339097,-16.970661853217962,1.0,0.0,-5.0,-0.06666666666666665,-7.0,-1.0
2016,3124,3225,1,Tournament,0.2609108159392789,2.4449715370018907,-11.559772296015176,14.004743833017065,-0.03397253534925099,0.031570092396761396,0.06990804939690853,-0.03178391945660511,187.055761439628,-15.0,0.0,-14.0,0.2666666666666667,10.93333333333333,0.0
2016,3177,3241,1,Tournament,-0.08617424242424243,11.500946969696969,10.634469696969703,0.8664772727272663,0.10781327806127877,-0.011085175592274787,-0.028827475415313886,-0.027270138262528304,-35.63516632005735,-5.0,0.0,-8.0,-0.1333333333333333,3.1999999999999957,-1.0
2016,3203,3243,0,Tournament,0.21250000000000002,6.512500000000003,0.7895833333333329,5.72291666666667,-0.03542084877235041,-0.014183691900819806,0.16481578172185601,-0.04959269332524438,90.53904233415187,-1.0,0.0,6.0,0.2666666666666667,9.933333333333332,1.0
2016,3146,3257,0,Tournament,0.10763888888888884,-8.348379629629633,-4.7407407407407405,-3.6076388888888857,-0.024900085478890888,0.028775578277275227,-0.010833553592669298,-0.006595738064119505,-63.93074780029633,11.0,0.0,23.0,0.06666666666666654,-3.8666666666666654,1.0
2016,3125,3277,0,Tournament,-0.01666666666666672,-1.4270833333333286,0.11875000000000568,-1.5458333333333343,0.02724083137306399,-0.01971827399809048,0.006727708772222729,-0.044371912576068095,-58.70089795538547,9.0,0.0,24.0,0.19999999999999996,8.133333333333333,1.0
2016,3151,3280,0,Tournament,-0.013685239491691092,-12.274682306940377,-1.6578690127077351,-10.616813294232657,0.022848374642149505,0.03662864608834501,-0.08746503413104989,-0.06284529828625421,-2.4719936839458114,7.0,0.0,17.0,0.20000000000000007,7.533333333333333,1.0
2016,3138,3326,0,Tournament,-0.16813294232649068,-25.707722385141736,-14.510263929618773,-11.19745845552296,-0.10059970777368671,0.035238500200649614,0.06198323176831311,-0.0491935026957781,-49.91013821448928,11.0,0.0,4.0,-0.13333333333333341,-7.533333333333335,1.0
2016,3333,3407,1,Tournament,0.275,-12.989583333333329,-25.456249999999997,12.466666666666669,0.001460071881408398,0.0059614290624990796,0.027894215905910236,-0.06778839548679702,128.21628942684697,-13.0,0.0,-12.0,0.2666666666666666,8.533333333333333,0.0
2016,3239,3376,0,Tournament,-0.30208333333333337,-9.364583333333329,-1.4583333333333428,-7.906249999999991,-0.016288218349759187,0.03648841186937221,0.1229739319993024,-0.05672760908675761,-163.16123140235982,15.0,0.0,27.0,-0.1333333333333332,-1.7333333333333343,0.0
2016,3329,3382,0,Tournament,-0.06666666666666676,1.9666666666666686,2.3333333333333357,-0.36666666666666714,-0.04229796066355951,-0.004986872656127489,0.1272340868178161,-0.014459059854092987,2.1624845995418127,-3.0,0.0,-6.0,-0.06666666666666665,-3.6000000000000005,0.0
2016,3119,3393,0,Tournament,0.15208333333333324,-1.8291666666666657,-8.895833333333343,7.06666666666667,0.0974580340629107,0.028514611953310703,-0.016818845197138665,-0.008949389874722102,-36.12156105582676,9.0,0.0,21.0,0.19999999999999996,16.533333333333328,1.0
2016,3397,3453,1,Tournament,-0.28125,-1.5,6.0625,-7.5625,-0.04003798530857411,0.006727659159995791,0.03924259958563331,0.04061832271892901,-84.23750464303293,-3.0,0.0,-9.0,-0.33333333333333337,-9.2,-1.0
2016,3343,3452,0,Tournament,0.0941558441558441,5.848484848484844,0.14393939393939092,5.7045454545454515,0.01257517390754509,-0.019161329608732097,0.03847534284111903,0.0292697739507653,-16.69720359572466,5.0,0.0,10.0,0.20000000000000007,10.866666666666665,0.0
2016,3163,3352,1,Tournament,0.3870967741935484,25.17540322580645,-10.70564516129032,35.88104838709677,0.14341643279633232,-0.0506898378288847,0.04816230559542678,8.856657278741298e-05,217.73762969389736,-15.0,0.0,-19.0,0.4,36.93333333333333,0.0
2016,3182,3371,1,Tournament,0.09677419354838712,-1.774193548387089,-4.967741935483879,3.19354838709679,-0.014606342856761823,0.004566832969438606,-0.011524459720230529,-0.0113203025356714,47.79391615031682,1.0,0.0,2.0,0.06666666666666665,2.1333333333333337,0.0
2016,3199,3292,1,Tournament,0.01666666666666672,3.96875,-4.28541666666667,8.25416666666667,0.0255146608390886,0.006423730922146598,0.07687321231596012,-0.07054649224550699,0.30120661923092484,-7.0,0.0,-9.0,-0.1333333333333332,0.40000000000000036,-1.0
2016,3208,3231,0,Tournament,0.05483870967741933,-7.803225806451621,-13.844086021505369,6.040860215053749,-0.04905170675414239,0.024801121928884423,0.05240326607059942,-0.0844047796115544,1.4581816163520216,-1.0,0.0,-4.0,-0.1333333333333333,-2.666666666666667,0.0
2016,3246,3421,1,Tournament,-0.033333333333333326,6.833333333333329,2.2333333333333343,4.599999999999994,0.0527656585052072,0.013718968738233889,-0.012040802636226589,-0.027178794572219694,70.10079895038007,-11.0,0.0,-22.0,-0.20000000000000007,-3.666666666666667,-1.0
2016,3233,3268,0,Tournament,-0.23262032085561501,-21.412655971479502,-3.352941176470587,-18.059714795008915,-0.11844519225529215,-0.0034120147474767937,-0.058437509605405114,0.01832384906584189,-121.43604942167008,13.0,0.0,17.0,-0.06666666666666654,-5.733333333333331,0.0
2016,3140,3281,0,Tournament,0.1064516129032258,1.1268817204301058,4.72365591397849,-3.5967741935483826,-0.00867456523925797,-0.026335214291184406,-0.026095533534036763,0.0024488362214847015,82.48564277073456,-3.0,0.0,6.0,0.4,8.333333333333334,0.0
2016,3299,3323,0,Tournament,-0.3616071428571429,-16.64732142857143,-1.6294642857142776,-15.017857142857146,-0.15465110728061,0.008632182103523789,0.0173853745790849,0.024256241525678707,-219.84055763527476,15.0,0.0,28.0,-0.19999999999999996,-8.133333333333333,0.0
2016,3328,3345,1,Tournament,0.032258064516129004,2.193548387096783,0.3870967741935516,1.8064516129032313,-0.007336266329473873,0.010355434826960996,-0.026851806665801115,0.010884631662098798,52.04308336524264,-5.0,0.0,-3.0,0.19999999999999996,5.6,0.0
2016,3274,3355,0,Tournament,-0.0625,0.59375,0.96875,-0.375,0.006634133573421019,0.03314817544012599,0.030265845131935754,0.002992886278375989,7.68799951355868,-7.0,0.0,-15.0,-0.20000000000000007,-11.133333333333335,-1.0
2016,3161,3378,0,Tournament,0.24791666666666679,-6.189583333333331,-10.450000000000003,4.260416666666671,-0.041041653097510455,-0.03454990142775241,-0.02586343766820781,-0.1044631742758952,57.67001110711203,5.0,0.0,9.0,0.2666666666666667,6.866666666666665,1.0
2016,3362,3390,0,Tournament,-0.14086021505376345,4.381720430107521,15.059139784946233,-10.677419354838712,0.028238506793734408,0.019430945144777695,-0.03197287273811639,0.06151106928597391,-31.560352883725955,9.0,0.0,4.0,0.0,-4.333333333333334,1.0
2016,3106,3400,0,Tournament,-0.2543103448275862,-7.474137931034477,3.525862068965523,-11.0,-0.01253366479804563,0.04386739134632969,-0.0007119542132463796,0.06062138799200509,-126.97323055673314,13.0,0.0,29.0,0.06666666666666665,1.4666666666666686,1.0
2016,3283,3401,0,Tournament,0.018750000000000044,-0.8937499999999972,1.53125,-2.4249999999999954,-0.02401509928095702,-0.004433159105520917,-0.02104227976885842,0.021215817848549895,-2.7927340128455853,9.0,0.0,20.0,0.20000000000000007,6.4,1.0
2016,3218,3417,0,Tournament,-0.07258064516129037,-9.341733870967744,-4.93346774193548,-4.408266129032263,0.01545530295103481,0.05547058406727198,0.023831028746323812,0.04144524530072041,-77.95706430229211,11.0,0.0,21.0,0.0,1.1333333333333329,1.0
2016,3335,3449,0,Tournament,0.16435185185185186,-8.581018518518519,-10.318287037037038,1.7372685185185208,-0.043636769243332096,-0.011803503694853418,0.013633822068836399,-0.082488374797063,21.171925562041224,3.0,0.0,9.0,0.2666666666666667,7.666666666666666,0.0
2016,3120,3124,0,Tournament,-0.357685009487666,-15.541745730550282,6.043643263757119,-21.5853889943074,0.005386508350979424,0.01860846494007079,-0.03292800151589309,0.003189527883910387,-178.65553588311172,8.0,0.0,-1.0,-0.4666666666666667,-23.666666666666664,-1.0
2016,3177,3257,1,Tournament,-0.02367424242424243,9.250946969696969,5.696969696969703,3.5539772727272663,0.0545217238899674,-0.025468185572529084,-0.06073500655099029,-0.0768159014099751,-45.73700634157876,3.0,0.0,2.0,0.0,3.466666666666665,0.0
2016,3277,3280,0,Tournament,-0.037878787878787845,5.851325757575751,9.978219696969688,-4.126893939393945,0.0679814873006862,0.0279066065510179,-0.004354422461037621,0.010344748191772085,12.024240206712648,-1.0,0.0,4.0,0.06666666666666665,2.0666666666666664,0.0
2016,3326,3452,1,Tournament,0.04692082111436946,16.52590420332355,16.81329423264907,-0.2873900293255254,0.047654039723403874,-0.045330597681668805,-0.0662012243023295,0.015496240754008794,1.1208574560905618,-3.0,0.0,3.0,0.13333333333333341,2.8000000000000025,0.0
2016,3333,3382,1,Tournament,0.10833333333333328,3.34375,-4.189583333333331,7.533333333333331,-0.008082681413124404,0.0003034441011812994,0.14656599242550214,-0.03237659338289431,126.39740116402822,-8.0,0.0,-5.0,0.2666666666666666,5.8,1.0
2016,3243,3376,0,Tournament,-0.36875,-8.231250000000003,5.741666666666667,-13.97291666666667,0.0076232250223124964,0.005241756070160197,-0.019325882066849986,-0.044677900101828316,-190.55134669765425,8.0,0.0,1.0,-0.3999999999999999,-14.533333333333333,-1.0
2016,3107,3393,0,Tournament,0.08971774193548387,-1.0302419354838719,-6.707661290322584,5.677419354838712,0.08347842253863358,0.03992831677042322,0.012882096598725246,0.07431300291580448,-35.52377016000355,8.0,0.0,13.0,0.1333333333333332,16.599999999999998,1.0
2016,3113,3397,0,Tournament,0.21270161290322576,-1.4808467741935516,-3.6764112903225836,2.195564516129032,0.0029723751879326965,-0.009927377434080092,-0.017850998179575583,-0.008562178271645099,81.78610848627523,-5.0,0.0,2.0,0.2666666666666667,0.5333333333333332,0.0
2016,3163,3182,1,Tournament,0.16129032258064513,16.14314516129032,-12.99596774193548,29.1391129032258,0.1407314864670468,-0.0262290579178458,0.07776489528204,-0.0040431727385213945,111.98962991213193,-8.0,0.0,3.0,0.2666666666666667,35.8,1.0
2016,3199,3401,1,Tournament,0.06666666666666676,3.200000000000003,-4.06666666666667,7.266666666666675,0.021287370608406575,0.0411584406443915,0.0588404539057274,-0.013697732563632714,31.531574938948552,1.0,0.0,3.0,0.13333333333333341,7.866666666666667,0.0
2016,3246,3328,1,Tournament,0.08924731182795709,4.041935483870958,-1.0688172043010766,5.110752688172035,0.03558893136756469,0.00519105388455679,0.04527411801100201,-0.010103494092242704,45.17541115995118,-3.0,0.0,-1.0,0.06666666666666665,-0.33333333333333304,0.0
2016,3231,3323,0,Tournament,-0.3235887096774194,-7.315524193548384,7.583669354838705,-14.899193548387089,-0.09304170967399777,-0.026707364812840112,-0.0367596410008833,0.0898859590409829,-175.29930344637592,8.0,0.0,1.0,-0.2666666666666667,-12.8,-1.0
2016,3355,3390,0,Tournament,0.03830645161290325,2.673387096774192,5.538306451612904,-2.8649193548387117,0.02414562243513768,-0.01760144603699329,-0.05699834976780599,-0.030308965417733286,-33.13091743559153,8.0,0.0,16.0,0.06666666666666676,3.4000000000000004,1.0
2016,3281,3400,0,Tournament,-0.17500000000000004,-2.683333333333337,1.81666666666667,-4.500000000000009,0.03683140206367835,0.041789497478963794,-0.007176794069581327,0.024468629700436895,-121.48613766484982,8.0,0.0,-1.0,-0.33333333333333337,-7.266666666666667,0.0
2016,3378,3417,0,Tournament,-0.03125,-0.75,-1.8125,1.0625,0.028147911987040475,0.011036864693487497,-0.03306957423421941,0.007514448783119909,-41.28979348203802,3.0,0.0,8.0,-0.06666666666666676,-0.33333333333333215,0.0
2016,3268,3449,0,Tournament,0.22159090909090917,12.967803030303031,-2.28125,15.249053030303031,0.08660910634082658,0.04193484028259398,0.14874064421089012,-0.09129493788956589,98.46427546855739,-5.0,0.0,2.0,0.33333333333333326,13.799999999999999,1.0
2016,3323,3390,0,Tournament,0.19455645161290325,11.767137096774192,6.319556451612904,5.447580645161288,0.12320384932107936,0.0141258720367613,-0.019602390328035013,-0.024003131132581207,114.81922128760152,-3.0,0.0,1.0,0.2666666666666667,9.533333333333333,1.0
2016,3376,3393,0,Tournament,0.1875,1.46875,-3.4375,4.90625,0.0417725413195465,0.02706067444442581,-0.07865975751553589,0.09291210246812359,63.57481582595642,-3.0,0.0,-3.0,0.1333333333333332,6.000000000000001,1.0
2016,3326,3397,0,Tournament,0.18044354838709675,21.583669354838705,16.38810483870968,5.195564516129023,0.08688750533018058,-0.031025304679906107,-0.08437730912369923,0.01600646079323259,62.16415571640391,-4.0,0.0,4.0,0.2666666666666667,5.266666666666668,0.0
2016,3246,3449,0,Tournament,0.07916666666666672,3.237499999999997,-1.4145833333333329,4.65208333333333,0.029417178931563426,0.03812798142566767,0.10339479052153011,-0.010952628348471494,41.8413543744789,-4.0,0.0,-2.0,0.06666666666666665,1.3333333333333335,0.0
2016,3124,3199,1,Tournament,0.20392156862745092,3.735294117647058,-3.815686274509801,7.550980392156859,-0.046019517358807494,-0.011975113783679908,-0.0400863181504138,-0.032584464100511884,122.03224346857291,-4.0,0.0,-2.0,0.19999999999999996,9.599999999999998,1.0
2016,3163,3280,1,Tournament,0.21212121212121215,17.32007575757575,-6.428030303030312,23.748106060606055,0.17586746985403912,-0.034031561944276784,0.014759394232145673,-0.0406289006694491,106.56979530013655,-4.0,0.0,10.0,0.33333333333333337,36.86666666666667,1.0
2016,3177,3333,0,Tournament,-0.11742424242424243,14.125946969696969,13.353219696969703,0.7727272727272663,0.055164313250124,-0.04989664744492589,-0.04008034840110142,-0.01495106777271299,-81.39325116262489,4.0,0.0,3.0,-0.06666666666666654,7.799999999999997,-1.0
2016,3400,3417,1,Tournament,0.125,-3.65625,-8.3125,4.65625,0.007220131047432521,0.034173501024628794,-0.023829436311376906,0.011316462875962913,22.602459319473837,-1.0,0.0,-1.0,0.0,-2.5999999999999996,0.0
2016,3393,3397,1,Tournament,0.1875,6.96875,1.03125,5.9375,-0.010597002716983495,-0.029514369759294612,-0.02098734414557063,-0.03865406912824629,108.90480631727814,-3.0,0.0,3.0,0.2666666666666667,1.5999999999999996,0.0
2016,3390,3449,0,Tournament,0.08669354838709675,-3.610887096774192,-8.507056451612904,4.896169354838712,-0.013369121715407384,0.026962381586517786,0.09922062313408353,-0.03053831540844759,34.09767946033253,-3.0,0.0,0.0,0.1333333333333333,6.0,0.0
2016,3163,3400,1,Tournament,0.125,16.8125,-7.875,24.6875,0.14851739032789557,-0.043162936485261094,0.05498170272442987,-0.0415463145522213,58.33673467823655,-1.0,0.0,9.0,0.19999999999999996,33.266666666666666,1.0
2016,3124,3333,0,Tournament,0.09558823529411764,10.891544117647058,1.773897058823529,9.117647058823529,-0.024166460799766587,-0.0019055906935820932,0.017308501941960486,0.002797327647881015,45.572232742889355,-1.0,0.0,-1.0,0.06666666666666676,10.466666666666665,0.0
2016,3163,3333,1,Tournament,0.125,20.71875,-3.46875,24.1875,0.1282586489933069,-0.061191280422947386,0.01602747417213385,0.013696609567084017,28.41946288081749,-1.0,0.0,8.0,0.06666666666666676,29.333333333333332,0.0
2016,3393,3449,1,Tournament,0.09375,1.0,-3.21875,4.21875,-0.04359489779905268,0.0013907824610614739,0.1017247921507497,-0.07160330073955948,67.96239244712001,-3.0,0.0,1.0,0.20000000000000007,4.4,0.0
2016,3163,3393,1,Tournament,0.21875,15.5,-11.1875,26.6875,0.168440242998055,-0.01911442325998458,0.0336924208567444,0.015782928181972494,59.26681463847376,-3.0,0.0,7.0,0.19999999999999996,33.46666666666667,1.0
2017,3113,3277,1,Tournament,-0.043346774193548376,-10.33064516129032,-9.460685483870968,-0.8699596774193523,-0.0539448550309532,-0.0032147288696037224,0.0701179964592955,0.05029276119914439,-7.2858560987795045,-1.0,0.0,-5.0,-0.1333333333333333,-5.4,0.0
2017,3166,3405,1,Tournament,0.01666666666666672,-4.345833333333331,-4.131250000000001,-0.21458333333333002,0.021682834712224597,-0.022179362466550806,-0.0176159697954546,-0.05593347308522309,-3.48194056907505,-3.0,0.0,-3.0,0.0,1.333333333333334,-1.0
2017,3177,3320,1,Tournament,0.045943304007820096,14.01564027370479,9.675464320625615,4.340175953079175,0.048806142771593786,0.0003561044097248056,0.01596416937167111,-0.0531877623430064,48.9104546719002,-3.0,0.0,-10.0,0.06666666666666676,-1.0,0.0
2017,3199,3442,1,Tournament,0.006451612903225712,1.5774193548387103,-10.429032258064517,12.006451612903229,0.005848721931702994,0.006439614253975184,0.09009058905686762,-0.013283863832422194,2.763178486044808,-11.0,0.0,-12.0,-0.13333333333333341,4.933333333333334,-1.0
2017,3125,3246,0,Tournament,0.16129032258064524,6.612903225806448,2.70967741935484,3.9032258064516085,0.007529887216814801,0.023664324211002896,0.05679430590902107,-0.04828978426253899,9.37979758836309,9.0,0.0,23.0,0.2666666666666667,9.866666666666667,1.0
2017,3137,3268,0,Tournament,-0.09375,-22.28125,-6.78125,-15.5,-0.061111873858822,0.06790360360543982,-0.12104577330649852,0.059805597161271984,-78.70910628785168,11.0,0.0,18.0,-0.06666666666666654,-9.866666666666667,0.0
2017,3280,3407,1,Tournament,0.21212121212121215,-5.981818181818184,-17.169696969696965,11.187878787878784,0.03093769486381709,-0.0395694660602178,-0.03618218171841808,0.001966919436939385,120.50340609125374,-13.0,0.0,-18.0,0.06666666666666665,2.133333333333333,-1.0
2017,3281,3378,1,Tournament,-0.07258064516129037,-4.227822580645167,0.43951612903225623,-4.6673387096774235,0.04362122734789853,0.0485080396179812,-0.05565311045538174,0.07934492803548482,-2.263016657745311,-5.0,0.0,-2.0,0.06666666666666665,3.733333333333333,0.0
2017,3120,3301,0,Tournament,-0.18494623655913978,-8.296774193548387,1.9440860215053846,-10.240860215053765,-0.04703831954690685,0.0018637526651792968,0.0138296673774147,-0.032217327921246985,-98.93901284298386,5.0,0.0,1.0,-0.2666666666666666,-6.133333333333333,0.0
2017,3323,3352,1,Tournament,0.23167155425219954,16.35777126099707,4.790811339198434,11.566959921798635,0.05049080272013573,-0.043321346727189514,0.03603791048268301,-0.03253299163131629,192.5328193195012,-15.0,0.0,-29.0,0.0,1.4666666666666668,0.0
2017,3326,3443,1,Tournament,-0.005681818181818232,11.139204545454547,9.334280303030305,1.8049242424242422,0.0016910821004741394,0.004283687632749389,-0.041504470774061,0.0021731424673077926,-11.345344615832119,-7.0,0.0,-6.0,-0.06666666666666654,-0.1999999999999975,-1.0
2017,3253,3333,0,Tournament,-0.19128787878787878,-0.20738636363635976,9.596590909090907,-9.803977272727266,-0.02478877160963533,-0.022108971273925276,0.0029598635219810765,-0.008607897830020916,-132.0018452046213,13.0,0.0,24.0,-0.13333333333333341,-2.8666666666666663,1.0
2017,3345,3453,1,Tournament,-0.1966911764705882,-2.889705882352942,7.943014705882362,-10.832720588235297,-0.04866647612539915,-0.0034986773617357025,-0.026049573366182688,0.0407836926227691,3.4939209577369184,1.0,0.0,-12.0,-0.13333333333333341,-12.333333333333332,-1.0
2017,3376,3421,1,Tournament,0.3084677419354839,13.069556451612897,-3.876008064516128,16.945564516129025,0.035132513120461395,0.0027031034745758076,0.010612949860013321,0.031410784581932805,192.9361825278031,-15.0,0.0,-25.0,0.20000000000000007,8.066666666666668,0.0
2017,3146,3400,0,Tournament,0.1042183622828784,-7.569478908188586,-6.945409429280396,-0.62406947890819,0.005886998562009915,0.014437069330967,-0.10698784666832856,0.032072269910484286,-21.646721015780486,11.0,0.0,23.0,0.2666666666666667,8.000000000000002,1.0
2017,3189,3452,0,Tournament,0.11553030303030298,-4.359848484848484,-3.0331439393939377,-1.3267045454545485,-0.034892247300946366,-0.0055948058935151035,0.05209806593664351,-0.015819714338553503,30.83495098700405,5.0,0.0,5.0,0.33333333333333326,11.533333333333333,0.0
2017,3124,3411,1,Tournament,0.19941348973607043,27.023460410557192,-0.9071358748778096,27.930596285435,0.08237578505076348,-0.0849235689375247,0.05954349667734943,-0.056875991328957515,141.5425117998543,-15.0,0.0,-26.0,0.06666666666666665,13.400000000000002,-1.0
2017,3143,3261,1,Tournament,-0.05141129032258063,6.068548387096783,5.746975806451616,0.32157258064516014,0.06337332347583097,0.021021942394281318,-0.020191733501449205,-0.02964880944984541,-15.008832580223952,1.0,0.0,-2.0,-0.13333333333333336,-3.0666666666666664,0.0
2017,3107,3163,0,Tournament,-0.3548387096774194,-20.625,8.542338709677416,-29.167338709677416,-0.14168978340151028,0.08269431216702491,0.02484667987923611,-0.04741791116962299,-174.98558404934943,15.0,0.0,14.0,-0.1333333333333333,-28.066666666666666,0.0
2017,3181,3214,1,Tournament,0.21875,11.9375,-3.625,15.5625,0.09232675851185129,0.024922862816181612,0.018952385465050403,0.01574587628917709,171.27127409419973,-13.0,0.0,-30.0,0.13333333333333341,10.0,-1.0
2017,3179,3243,0,Tournament,0.18346774193548387,13.841733870967744,2.5,11.341733870967744,0.06711318884784823,0.01191078638491,-0.006320822489199296,-0.027445622120562396,58.93444855535563,3.0,0.0,13.0,0.4,23.466666666666665,1.0
2017,3151,3257,0,Tournament,-0.11669829222011385,-11.289373814041738,-2.052182163187858,-9.23719165085388,-0.006915637995617507,0.005106683007525092,-0.027126225373610424,0.0356241166627953,-68.56621844412211,9.0,0.0,13.0,0.06666666666666665,-0.33333333333333215,1.0
2017,3195,3274,0,Tournament,0.008064516129032251,-0.8820564516128968,-5.67439516129032,4.7923387096774235,-0.007336263317451797,-0.0330956176662619,-0.06484655745502543,0.002295812261457697,-33.390272032946996,9.0,0.0,21.0,0.20000000000000007,15.933333333333332,1.0
2017,3211,3328,0,Tournament,0.10282258064516125,-1.3961693548387046,-10.79939516129032,9.403225806451616,0.016578366457127514,-0.002194504515175305,0.06924523849870484,0.02093904624575038,6.399171876194259,5.0,0.0,12.0,0.20000000000000007,13.933333333333335,1.0
2017,3332,3396,1,Tournament,-0.16813294232649068,1.216031280547412,4.645161290322584,-3.4291300097751716,0.06566673455760058,0.009058352999742919,-0.014589525228531464,1.1626633796696373e-05,-51.43081757081018,3.0,0.0,-4.0,-0.19999999999999996,-4.2,0.0
2017,3266,3346,0,Tournament,-0.03693181818181823,11.099431818181813,13.675189393939391,-2.575757575757578,0.08269906590536302,-0.0325872439159835,0.008040292870346077,-0.003035430048613702,39.127637732616904,-7.0,0.0,-15.0,0.0,0.7999999999999989,0.0
2017,3308,3390,0,Tournament,-0.06277056277056281,-3.9177489177489235,4.729437229437245,-8.647186147186154,-0.014945662301918627,0.046434501312448584,-0.035619001957089724,-0.00025391550985420785,-104.26536650513776,13.0,0.0,28.0,0.1333333333333333,0.8666666666666671,0.0
2017,3235,3393,0,Tournament,-0.07741935483870965,-4.834408602150532,1.6870967741935488,-6.521505376344081,0.019069249654765197,-0.004718536809038609,-0.05702527410351943,0.020482511501586198,-27.040773654138775,1.0,0.0,2.0,-0.1333333333333333,-10.933333333333334,0.0
2017,3173,3397,0,Tournament,0.07634408602150544,-7.769892473118276,-6.350537634408596,-1.4193548387096797,-0.017360830644812697,0.033770117518840376,0.023257264239706976,-0.014820731857139308,39.31990947812892,7.0,0.0,10.0,0.2666666666666667,6.466666666666666,1.0
2017,3335,3401,0,Tournament,0.09375,-9.433035714285715,-10.8125,1.3794642857142847,-0.044443103497040115,-0.02059588019037492,-0.025043984335346825,-0.07641522684296001,47.95810824200839,7.0,0.0,5.0,0.2666666666666667,7.066666666666666,1.0
2017,3129,3417,0,Tournament,0.02473118279569897,-5.569892473118287,-0.9010752688172019,-4.668817204301085,0.018262775976830292,0.049062382698590506,-0.006722963326862508,-0.05103032222792481,-37.508068063816154,9.0,0.0,10.0,0.06666666666666676,0.06666666666666643,1.0
2017,3286,3449,0,Tournament,-0.0506465517241379,-12.370689655172413,2.1853448275862064,-14.55603448275862,-0.0831320019374211,0.0468989769431499,0.05410498784988582,-0.041560054098186805,-45.262428688822865,11.0,0.0,19.0,0.1333333333333332,-6.133333333333333,1.0
2017,3199,3281,1,Tournament,0.12903225806451613,12.967741935483872,-4.193548387096776,17.161290322580648,-0.03056851489587825,-0.05599898173750881,0.09573980029279572,-0.054456150097427214,22.2228172542184,-3.0,0.0,-1.0,0.06666666666666665,13.466666666666667,0.0
2017,3268,3452,1,Tournament,0.24053030303030298,15.390151515151516,2.4981060606060623,12.892045454545451,0.0446573683077916,-0.0363997930363964,0.12179123385398133,-0.01906703697186321,76.43361889381708,-3.0,0.0,2.0,0.33333333333333326,16.8,0.0
2017,3177,3280,0,Tournament,-0.09090909090909094,5.939393939393938,11.666666666666664,-5.72727272727273,0.010500865591876296,-0.005744738835131491,-0.020194232592293193,-0.0885169844269795,-26.562173632003578,5.0,0.0,4.0,0.06666666666666676,3.1333333333333346,0.0
2017,3323,3345,1,Tournament,0.2620320855614974,12.719251336898395,2.33065953654188,10.388591800356508,0.05074466820586304,-0.014512322991189097,0.01334126753176379,-0.052700059235901486,127.448504959616,-8.0,0.0,-4.0,0.2666666666666666,8.666666666666668,1.0
2017,3246,3326,0,Tournament,-0.13508064516129037,-15.690524193548384,-8.32157258064516,-7.368951612903224,-0.014714476952715827,0.00013272359214611118,-0.0031716321450196983,0.016128924038050607,-30.24877890115613,-1.0,0.0,-3.0,-0.13333333333333341,-5.400000000000002,0.0
2017,3166,3333,0,Tournament,-0.11212121212121207,-0.3969696969696912,3.809090909090905,-4.206060606060596,-0.004556254302461316,-0.019315871088226994,-0.02730630187992511,-0.011350572969611505,-66.29934768877615,5.0,0.0,6.0,0.0,0.6666666666666679,0.0
2017,3113,3376,0,Tournament,-0.25806451612903225,-12.806451612903217,0.29032258064516014,-13.096774193548377,-0.046812794070547226,0.01396662614881658,0.014285554441150317,-0.01731951075336091,-134.66379943854758,7.0,0.0,-2.0,-0.4,-14.333333333333336,-1.0
2017,3301,3400,0,Tournament,-0.008602150537634468,-2.6387096774193566,-2.7505376344086088,0.11182795698924508,0.006397116499161526,-0.013694212954153517,-0.09978125000318949,0.06296921023687768,-27.225699719748263,3.0,0.0,-2.0,-0.06666666666666665,-3.999999999999999,0.0
2017,3124,3143,1,Tournament,0.31534090909090917,18.76136363636364,-8.783143939393938,27.544507575757578,0.02193736300498139,-0.0351382070249652,0.09023529374025019,0.00768997753892231,149.25853832210532,-8.0,0.0,3.0,0.5333333333333334,25.400000000000002,0.0
2017,3163,3393,1,Tournament,0.32258064516129037,7.657258064516128,-12.800403225806448,20.457661290322577,0.13168190878639274,-0.004495930110806012,-0.001042318115983043,0.014049139456477594,139.4852750641187,-7.0,0.0,3.0,0.33333333333333337,27.266666666666666,1.0
2017,3257,3397,1,Tournament,0.16078431372549018,0.8098039215686299,-6.072549019607834,6.882352941176464,0.025652021126485125,0.01468753810757309,0.0324127531735246,-0.0771189177667797,81.16376517668073,-1.0,0.0,-1.0,0.20000000000000007,8.599999999999998,0.0
2017,3181,3332,0,Tournament,0.23768939393939392,2.192234848484844,-9.375,11.567234848484844,-0.01967875085440729,0.026033939857822402,0.0008889932660292033,0.040157897794245695,111.23301938722489,-8.0,0.0,1.0,0.2666666666666667,11.8,0.0
2017,3274,3346,0,Tournament,-0.07624633431085048,4.04398826979471,5.974584555229711,-1.9305962854350014,0.06720484341207533,0.015932162917008802,0.0275875297346585,-0.01428144264988579,14.973285145103773,-8.0,0.0,-20.0,-0.13333333333333341,-7.333333333333334,-1.0
2017,3243,3390,0,Tournament,-0.1609848484848485,-3.9668560606060623,7.015151515151523,-10.982007575757578,4.1444430738113436e-05,0.02162816992700839,-0.043267805072572496,0.04614691861722481,-91.67267776973813,5.0,0.0,3.0,-0.2666666666666667,-13.066666666666666,-1.0
2017,3401,3417,0,Tournament,-0.08568548387096775,-4.184475806451616,-1.1552419354838719,-3.0292338709677438,0.03887817403265298,0.05799624006226592,0.04458954340823912,0.0321770715637226,-58.34597255655717,1.0,0.0,2.0,-0.19999999999999996,-6.4,0.0
2017,3328,3449,0,Tournament,-0.13407258064516125,-11.072580645161295,5.45564516129032,-16.528225806451616,-0.06879631285123522,0.04687569152839971,0.03286435730693349,-0.010731890207970496,-44.65519759352355,3.0,0.0,3.0,-0.13333333333333341,-15.466666666666667,0.0
2017,3124,3257,1,Tournament,0.11497326203208569,13.95989304812835,-3.7335115864527637,17.693404634581114,0.027999345516928953,-0.012055040225088798,0.064676490310271,0.03815938530141841,30.935971016587246,-3.0,0.0,2.0,0.06666666666666665,7.866666666666669,0.0
2017,3280,3449,1,Tournament,0.035037878787878785,-9.931818181818187,-7.761363636363633,-2.1704545454545503,-0.050486116516125334,0.025745856151806412,0.09415172218346762,-0.01984559815358672,16.569264978045794,-1.0,0.0,2.0,-0.06666666666666676,-4.2666666666666675,0.0
2017,3323,3326,1,Tournament,0.09659090909090917,-7.139204545454547,-9.788825757575758,2.649621212121211,0.0347112723521118,0.014820256295282302,0.01551931913781418,-0.07770735845859109,90.2455021549788,-4.0,0.0,-4.0,0.06666666666666654,1.8666666666666654,1.0
2017,3390,3400,1,Tournament,0.10654936461388076,-1.778103616813297,-5.999022482893459,4.220918866080154,-0.0064919364597162965,-0.0189346386711981,-0.06357879675341527,0.03127730876167539,59.235984975278825,-1.0,0.0,-3.0,0.13333333333333341,4.333333333333334,1.0
2017,3163,3417,1,Tournament,0.25806451612903225,12.721774193548384,-10.155241935483872,22.877016129032256,0.15626910721603815,0.022889283140292094,0.03644351391879058,0.00829361310099,108.67182335926213,-3.0,0.0,4.0,0.2666666666666667,30.0,1.0
2017,3199,3333,1,Tournament,-0.07233626588465303,13.313782991202345,3.780058651026387,9.533724340175958,0.007794164041383889,-0.02627939861888029,0.06168954678462829,0.013816166051544287,-61.568231909214546,1.0,0.0,1.0,-0.13333333333333341,9.0,0.0
2017,3268,3332,0,Tournament,0.3314393939393939,18.723484848484844,-0.5625,19.285984848484844,0.0371355836581137,-0.01699150256923601,0.11095063145179179,0.014338944093493705,118.27869854891401,-7.0,0.0,5.0,0.3999999999999999,17.46666666666667,1.0
2017,3346,3376,0,Tournament,-0.05278592375366564,-8.04398826979471,-0.3616813294232628,-7.682306940371447,-0.08116120729433385,-0.0008834170872226155,-0.058321643452234284,-0.04910075306280701,-84.97486666414329,11.0,0.0,19.0,0.0,-1.6000000000000014,0.0
2017,3124,3280,0,Tournament,0.030303030303030387,13.818181818181827,0.6969696969696955,13.121212121212128,0.04271621171011308,0.0009545223423093052,0.0584716222842826,-0.015560422839644178,31.611050432260527,-1.0,0.0,1.0,0.13333333333333341,9.866666666666669,0.0
2017,3323,3390,0,Tournament,0.06060606060606066,7.393939393939391,5.757575757575765,1.6363636363636331,0.05722449268604962,0.005313393010825285,-0.0221931186028565,-0.0492385066442069,43.33530887131269,-1.0,0.0,1.0,0.06666666666666654,1.2666666666666675,0.0
2017,3163,3332,1,Tournament,0.3939393939393939,15.473484848484844,-11.1875,26.660984848484844,0.09557042087862727,-0.02600365580487002,0.024667544477842862,0.0318853149630236,172.98827782659578,-9.0,0.0,4.0,0.4666666666666667,34.8,1.0
2017,3199,3376,0,Tournament,-0.06451612903225812,3.451612903225808,0.9032258064516085,2.5483870967741993,-0.015320186085064025,-0.012841928215802212,0.016861564446481403,-0.042621340849610306,-71.49234847697767,2.0,0.0,-1.0,-0.06666666666666676,4.666666666666664,-1.0
2017,3163,3280,0,Tournament,0.12121212121212122,11.806818181818187,-1.5511363636363669,13.35795454545455,0.11738868095504218,-0.014311178867293411,0.008189920393371464,-0.004105935554266887,87.87630611340705,-1.0,0.0,2.0,0.2666666666666667,26.53333333333333,1.0
2017,3376,3390,1,Tournament,0.022482893450635366,4.1652003910068345,1.4828934506353946,2.682306940371447,0.03230998529783302,0.0160658568256159,0.008847531055033997,0.0517919700730258,6.385702862005019,-1.0,0.0,2.0,-0.06666666666666665,-0.5999999999999979,0.0
2017,3280,3376,0,Tournament,0.00782013685239491,-1.4076246334310838,-1.604105571847505,0.19648093841642478,-0.01996514588070214,-0.01345825457919711,-0.009979529585428193,-0.025517743225838413,-41.73901335098685,1.0,0.0,0.0,-0.06666666666666676,-1.733333333333336,-1.0
2018,3124,3212,1,Tournament,0.375,19.5625,-11.21875,30.78125,0.05380790572705463,-0.03367552967316409,0.1704285176486457,-0.0177875070755803,220.81983421688574,-13.0,0.0,-29.0,0.19999999999999996,19.8,0.0
2018,3177,3328,1,Tournament,0.2545454545454545,6.884848484848476,-1.8606060606060737,8.745454545454551,0.01693069361894145,-0.01855042573119911,0.029586060575843787,-0.08081679473808559,103.24609629982774,-7.0,0.0,3.0,0.2666666666666667,7.533333333333334,1.0
2018,3129,3257,0,Tournament,-0.24117647058823521,-8.621568627450984,5.225490196078425,-13.847058823529416,0.0009164556032487114,0.01810891021651878,0.036687089358356406,0.0340826689582607,-128.37754559023847,15.0,0.0,17.0,0.0,-6.466666666666667,0.0
2018,3173,3266,0,Tournament,0.0743534482758621,-6.723060344827587,-8.964439655172413,2.2413793103448256,-0.016919256692643492,0.013618481413740613,-0.04370657630740826,0.04184271304141721,-21.983374087427592,1.0,0.0,9.0,0.13333333333333341,2.8000000000000007,0.0
2018,3268,3343,1,Tournament,-0.04633620689655171,12.34375,9.717672413793103,2.626077586206897,0.016570697383546884,-0.03909743459026821,0.04277616292005171,0.014680500246480183,-19.948905078690814,-7.0,0.0,-5.0,-0.20000000000000007,-13.533333333333333,-1.0
2018,3276,3294,1,Tournament,-0.10282258064516125,4.983870967741936,-1.53125,6.515120967741936,0.03590038717579197,0.025360037713570704,0.1213855461278942,0.02613361938671982,-44.32293125926003,-3.0,0.0,-17.0,-0.2666666666666667,-0.06666666666666643,-1.0
2018,3278,3453,1,Tournament,-0.16431451612903225,19.97479838709677,27.809475806451616,-7.834677419354849,0.028347968763421605,-0.03648083674371819,-0.01940907605750658,0.063071899143784,-43.612258579478976,3.0,0.0,-7.0,-0.19999999999999996,-16.133333333333333,-1.0
2018,3189,3301,0,Tournament,0.024193548387096753,4.290322580645167,0.013104838709679711,4.2772177419354875,0.028788723395997196,0.028291436397800684,0.0007837060189789247,-0.018143355806675282,12.534827849970497,9.0,0.0,9.0,0.1333333333333332,9.200000000000001,1.0
2018,3169,3323,0,Tournament,-0.3607954545454546,-20.08238636363636,-2.33806818181818,-17.74431818181818,-0.07320081032957904,0.04341270464469102,0.0028433515534981857,0.0591801610294842,-190.3188689398262,15.0,0.0,19.0,-0.33333333333333326,-22.266666666666666,1.0
2018,3332,3370,1,Tournament,0.31985294117647056,13.034926470588232,-4.819852941176471,17.854779411764703,0.09329841081164297,0.007314718834242895,0.03315848796254578,0.013333060468062596,196.9440516362422,-13.0,0.0,-25.0,0.13333333333333341,6.666666666666665,0.0
2018,3333,3443,1,Tournament,0.02473118279569897,-1.884946236559145,-4.772043010752682,2.8870967741935356,0.07118811050341856,0.0640114294008477,-0.06743784214454462,-0.09565980005379462,41.667164618041625,-5.0,0.0,-8.0,0.0,-3.866666666666667,-1.0
2018,3299,3376,0,Tournament,-0.08836206896551724,-10.817887931034477,-1.2176724137931032,-9.600215517241374,-0.0729793810245572,0.03615239073028212,0.009510916846844408,-0.03786025964161141,-107.97538810257151,13.0,0.0,29.0,0.1333333333333332,2.9333333333333336,0.0
2018,3251,3397,0,Tournament,-0.06451612903225801,-14.032258064516128,-9.903225806451616,-4.1290322580645125,-0.01126838217153231,0.02670310618484209,0.04381241804611252,-0.04841054860578542,-27.51413990142396,11.0,0.0,24.0,0.33333333333333326,13.066666666666668,1.0
2018,3179,3401,0,Tournament,0.05397727272727271,4.939393939393938,0.7594696969697026,4.179924242424237,0.07145468447476139,0.022208278867117515,-0.06220239621599449,-0.023078119589662105,-4.9170705248006925,9.0,0.0,22.0,0.33333333333333337,11.733333333333329,1.0
2018,3355,3437,0,Tournament,0.07311827956989247,11.519354838709674,2.2473118279569846,9.27204301075269,0.004516187802512728,0.023800732551403497,0.08069923946241381,0.0519899205118676,56.89770723946026,-1.0,0.0,6.0,0.2666666666666667,17.6,1.0
2018,3143,3438,0,Tournament,0.09677419354838701,7.12903225806452,4.838709677419359,2.29032258064516,0.02321714145619641,-0.018893867413211918,0.0376462970774627,-0.0007676512041469852,-7.504265593903938,-3.0,0.0,4.0,0.06666666666666665,3.933333333333333,0.0
2018,3113,3304,1,Tournament,-0.04105571847507328,-1.2101661779081212,-6.441837732160309,5.231671554252188,-0.008498050799878476,-0.03214643859956179,0.030655547244564874,0.015068269475479984,-20.10392644295348,-3.0,0.0,1.0,-0.1333333333333333,0.2666666666666666,0.0
2018,3138,3378,1,Tournament,0.055871212121212155,2.4100378787878753,2.40056818181818,0.009469696969695462,-0.02458508455639713,0.01352999417541989,0.004931516061678187,0.010731446538370298,-1.1640434813016327,5.0,0.0,1.0,0.06666666666666665,5.2666666666666675,0.0
2018,3141,3261,1,Tournament,0.19239631336405527,15.814516129032256,9.92857142857143,5.885944700460826,0.08711297455025874,0.0144866505178112,0.012950448471721387,0.0348687170284569,92.22368775837072,5.0,0.0,6.0,0.33333333333333326,9.066666666666668,1.0
2018,3163,3384,1,Tournament,0.28125,8.6875,-19.25,27.9375,0.13789889805747763,-0.03095902568448039,0.056850446226711815,-0.0015410578714415146,165.88965680395154,-15.0,0.0,-20.0,0.06666666666666676,23.133333333333336,0.0
2018,3166,3234,1,Tournament,-0.17419354838709677,-9.334408602150532,-1.9451612903225737,-7.389247311827958,-0.018088274374693403,-0.0348866987272336,-0.05911286795019782,-0.04002235811646579,-63.87601678352257,5.0,0.0,2.0,-0.06666666666666665,-3.0,0.0
2018,3125,3181,0,Tournament,0.1757575757575759,8.472727272727269,3.6393939393939405,4.833333333333327,0.011881433461564284,-0.05024885308876112,-0.018363052361781207,0.0017239770153143763,50.30409470832842,7.0,0.0,24.0,0.2666666666666667,10.866666666666665,1.0
2018,3195,3281,1,Tournament,0.09677419354838712,7.903225806451616,-0.03225806451613522,7.935483870967751,0.016846272844537602,-0.04334453875409622,-0.05583394629041871,-0.05180920088784072,20.228318632723585,7.0,0.0,20.0,0.2666666666666666,17.466666666666665,1.0
2018,3114,3199,0,Tournament,-0.08770161290322576,-21.16129032258064,-11.439516129032256,-9.721774193548384,-0.05324194512441732,0.042478810432562714,-0.04432106524847412,0.002418420372212099,-41.82407958768067,11.0,0.0,22.0,0.19999999999999996,2.6000000000000014,1.0
2018,3208,3273,1,Tournament,-0.13104838709677424,-3.0997983870967687,2.6925403225806477,-5.792338709677416,-0.006301989133113306,0.03659392007269241,-0.02614365986004108,0.0033165656038471047,-40.77289427868345,-9.0,0.0,-15.0,-0.2666666666666667,-12.666666666666666,-1.0
2018,3280,3311,1,Tournament,0.41797283176593514,17.582027168234063,-8.824451410658305,26.40647857889237,0.009527155487219718,-0.0974486863151312,-0.04073700490523982,-0.0723166471806799,171.40389234473628,-15.0,0.0,-26.0,0.19999999999999996,15.599999999999998,-1.0
2018,3203,3326,0,Tournament,-0.22443181818181823,-24.964962121212125,-13.557765151515156,-11.407196969696969,-0.05571484258560233,0.028629227772913393,-0.032220228819075214,0.024983760739678118,-81.43608630164817,11.0,0.0,11.0,0.0,-4.066666666666666,0.0
2018,3329,3393,1,Tournament,-0.06666666666666665,5.23333333333332,1.8333333333333286,3.3999999999999915,-0.015551093373253388,-0.039362343033987696,-0.039745677234939214,0.06380606766173161,-21.38544959770843,1.0,0.0,2.0,-0.1333333333333333,-6.0,0.0
2018,3274,3346,0,Tournament,-0.16633064516129037,-1.1552419354838719,5.230846774193552,-6.386088709677424,0.02936618763130061,0.0552115010891743,0.07158139168903621,0.046638465924765476,-41.62282833052382,-1.0,0.0,-28.0,-0.33333333333333337,-18.53333333333333,-1.0
2018,3211,3390,0,Tournament,0.15625,4.4375,-2.78125,7.21875,-0.02830166202077078,-0.026323342270646005,0.021467385875811096,0.07261527939882609,5.469416541983719,9.0,0.0,9.0,0.1333333333333332,6.4,1.0
2018,3263,3400,0,Tournament,-0.11250000000000004,-16.78541666666667,-7.216666666666669,-9.568750000000001,-0.017152061944926078,0.04357389395224889,-0.04923195523436491,-0.02046821587434211,-58.84447360793956,13.0,0.0,16.0,0.1333333333333332,1.1333333333333346,1.0
2018,3110,3417,0,Tournament,0.03830645161290325,-10.720766129032256,-5.01310483870968,-5.7076612903225765,-0.023390887153024897,0.030047743618766803,-0.1423941804863434,0.0237962550091603,-26.631676089529265,11.0,0.0,11.0,0.06666666666666665,-1.133333333333331,1.0
2018,3124,3276,1,Tournament,0.25907258064516125,11.109879032258064,-6.09375,17.203629032258064,-0.02359074779103859,-0.035361408043843495,0.10449440501096069,-0.01909335299086931,166.51669831477375,-5.0,0.0,-1.0,0.4,16.2,1.0
2018,3257,3266,1,Tournament,0.22242647058823517,-3.755514705882348,-13.402573529411768,9.64705882352942,-0.006539014581822489,0.03744996777283072,-0.0284312435820816,-0.046664832351617086,103.41369340820415,-7.0,0.0,-5.0,0.13333333333333341,7.2666666666666675,1.0
2018,3268,3301,0,Tournament,0.03125,13.34375,6.65625,6.6875,0.05095947813834989,-0.014550847230448416,0.03588653223933502,-0.0390774442080766,-5.265415735321085,1.0,0.0,3.0,-0.13333333333333341,-3.9333333333333336,0.0
2018,3323,3437,1,Tournament,0.17291666666666672,17.818749999999994,6.822916666666664,10.99583333333333,0.013679180892079645,0.0189781049013725,0.1400125423344265,0.013086398410606492,142.87824640730423,-8.0,0.0,-5.0,0.33333333333333326,18.93333333333333,0.0
2018,3278,3332,0,Tournament,-0.1404174573055028,3.2523719165085367,10.785578747628087,-7.533206831119552,-0.06162179867315026,-0.023677758333326276,0.013728082169207845,0.010696516489152708,-94.16293917121698,8.0,0.0,-1.0,-0.13333333333333341,-5.466666666666665,-1.0
2018,3333,3397,1,Tournament,-0.007526881720430034,-3.917204301075273,-6.35268817204301,2.435483870967735,0.06428340418064032,0.004046615508892792,-0.027682195295352208,-0.10092371410268172,9.781621092197156,3.0,0.0,3.0,0.20000000000000007,6.6,0.0
2018,3376,3438,1,Tournament,0.23185483870967738,13.96471774193548,-0.4697580645161281,14.434475806451609,0.03293336941267383,-0.034164661275895014,0.028855053280650356,0.06154897871641532,102.78866809380543,-8.0,0.0,1.0,0.2666666666666667,12.666666666666668,1.0
2018,3177,3401,0,Tournament,0.06060606060606055,5.757575757575751,2.969696969696969,2.7878787878787854,0.03979887721659031,-0.004080468083162592,-0.06842052048413672,-0.0802757153763046,29.120880810777862,1.0,0.0,4.0,0.20000000000000007,3.8000000000000007,1.0
2018,3138,3199,1,Tournament,0.037298387096774244,-3.6300403225806406,0.15423387096774377,-3.7842741935483843,-0.03232744238472601,0.0185349934674362,-0.0402535445844312,0.022769438179414292,4.4044364581056925,8.0,0.0,7.0,0.13333333333333341,6.800000000000001,0.0
2018,3141,3326,1,Tournament,0.05278592375366564,-3.0566959921798684,-0.15151515151515582,-2.9051808406647126,0.03298916869149171,0.05633275622042509,0.08179494916527957,0.048065890379162896,21.00802305531738,8.0,0.0,4.0,0.19999999999999996,0.6666666666666679,0.0
2018,3163,3346,1,Tournament,0.15625,16.625,-6.25,22.875,0.15848521354227213,-0.0061127774336740826,0.1044116378218935,0.0065364662348743885,110.15385458936271,-8.0,0.0,-22.0,0.0,19.000000000000007,0.0
2018,3181,3208,1,Tournament,-0.07311827956989247,1.3268817204301087,-0.8612903225806505,2.188172043010761,0.06227210460446392,0.0282174996294296,0.03559063016442737,0.03982775909028452,-22.412299326324955,1.0,0.0,-1.0,0.0,3.0,0.0
2018,3280,3329,1,Tournament,0.303030303030303,3.163636363636371,-12.106060606060602,15.269696969696973,-0.009369782392180392,-0.022816732326219002,-0.0511308566812729,-0.05852088564285521,159.97263368535278,-8.0,0.0,-1.0,0.3999999999999999,21.199999999999996,0.0
2018,3195,3390,0,Tournament,0.18346774193548387,9.676411290322577,-1.1764112903225836,10.85282258064516,0.05072889379072493,-0.025451637458045406,-0.05215939896049432,0.020177396216033483,-7.7127212694510945,8.0,0.0,17.0,0.1333333333333332,13.866666666666665,1.0
2018,3113,3400,0,Tournament,-0.17613636363636365,-12.96117424242425,-6.901515151515149,-6.059659090909101,-0.008183736011510068,0.0017993240101933095,-0.01956971872730151,0.014623406374373982,-90.64907744738093,5.0,0.0,2.0,-0.2666666666666667,-8.333333333333332,0.0
2018,3166,3417,0,Tournament,-0.17419354838709677,-5.431182795698916,4.280645161290323,-9.71182795698924,0.05311901646582473,0.0218015234248905,-0.1396076921899364,0.015258481760519804,-84.47015235620165,8.0,0.0,1.0,-0.20000000000000007,-7.733333333333332,0.0
2018,3257,3390,1,Tournament,0.25367647058823517,8.619485294117652,-4.590073529411768,13.20955882352942,0.0114585178406027,0.007006908681526508,-0.011319176934476427,-0.006007626289778301,90.26480648108281,-3.0,0.0,-4.0,0.06666666666666665,6.2666666666666675,1.0
2018,3280,3301,1,Tournament,0.2196969696969696,15.030303030303031,-1.6789772727272734,16.709280303030305,0.01912860767921759,-0.061096864228534414,-0.10724801510542928,-0.054568835075276795,88.54538573642321,-3.0,0.0,1.0,0.1333333333333332,12.33333333333333,0.0
2018,3124,3333,0,Tournament,0.20208333333333328,13.027083333333337,-2.16041666666667,15.187500000000009,-0.04596556197740903,-0.02273769759781749,0.12313934934812282,0.06603316130845571,111.45248933073617,-4.0,0.0,-2.0,0.19999999999999996,14.866666666666667,1.0
2018,3400,3417,0,Tournament,0.03830645161290325,5.654233870967744,1.3306451612903203,4.3235887096774235,0.028253265938775696,0.01276994052200181,-0.024989465747487283,-0.0043423986059484,21.982944476836337,-1.0,0.0,-2.0,0.0,4.200000000000001,0.0
2018,3163,3181,1,Tournament,0.2666666666666667,19.67916666666666,-4.393749999999997,24.072916666666657,0.09808030736470502,-0.0585040265323806,0.01409440262113032,-0.0017001475922319154,148.93873804914824,-4.0,0.0,6.0,0.2666666666666667,32.53333333333334,1.0
2018,3323,3401,1,Tournament,0.1789772727272727,7.658143939393938,-1.1467803030302974,8.804924242424237,0.04314665187084915,-0.0033869669536767955,-0.018365388498482405,-0.062757684350281,84.96690847389482,-3.0,0.0,-1.0,0.2666666666666666,14.933333333333332,0.0
2018,3141,3332,0,Tournament,-0.011385199240986688,0.12333965844402428,7.882352941176471,-7.759013282732447,-0.017451180478773032,0.009674813843035202,0.027870354201979808,0.014313554313095,-19.551582975541123,9.0,0.0,3.0,0.06666666666666654,-2.7333333333333307,0.0
2018,3138,3376,0,Tournament,0.03125,1.4375,3.65625,-2.21875,-0.03046163673587171,0.0014983092210797966,0.0006234978662162383,-0.04105633931406741,-37.296589824584544,9.0,0.0,6.0,0.06666666666666665,7.800000000000001,-1.0
2018,3257,3333,1,Tournament,0.17450980392156845,3.021568627450989,-1.125490196078438,4.147058823529429,-0.05520429548043054,-0.005084283326908884,-0.02772818614823741,0.0062593368558144236,100.78572551323327,-5.0,0.0,-4.0,0.06666666666666665,4.666666666666668,1.0
2018,3280,3417,1,Tournament,0.19550342130987286,6.965786901270775,-6.692082111436953,13.657869012707728,0.001064368263588522,-0.024260760732913694,-0.152425904330851,0.012714802549733395,81.72202895680107,-2.0,0.0,-3.0,0.1333333333333332,11.2,0.0
2018,3163,3376,1,Tournament,0.1875,12.71875,-8.65625,21.375,0.10713408892323262,-0.02784701030923198,0.025133030609008233,-0.054343194880240614,62.21310108377929,-1.0,0.0,5.0,0.19999999999999996,32.2,0.0
2018,3323,3332,1,Tournament,0.023897058823529438,2.777573529411768,3.038602941176471,-0.26102941176470296,-0.03053470249425949,-0.0065108312595895945,0.031344566587731715,-0.023403449281689,9.869742648430929,-1.0,0.0,-4.0,0.06666666666666654,12.0,-1.0
2018,3257,3280,0,Tournament,-0.028520499108734443,-5.442067736185379,1.2139037433155053,-6.655971479500884,0.02544343854331299,0.07149839499972171,0.07141830774083688,-0.04351035464418529,7.1752361568840115,0.0,0.0,-1.0,-0.06666666666666654,-5.93333333333333,1.0
2018,3163,3323,0,Tournament,0.09375,4.09375,-14.25,18.34375,0.07944705250375106,-0.01481584185430268,-0.008284679456610988,0.010981729602611207,34.38092811963247,0.0,0.0,6.0,0.06666666666666676,16.53333333333334,1.0
2018,3280,3323,0,Tournament,0.06344696969696961,-2.688446969696969,-10.428977272727273,7.7405303030303045,-0.06177154818637026,-0.0472308805037083,-0.1345937273325499,0.009120275636771508,1.6865232694408405,0.0,0.0,1.0,0.0,-3.8000000000000007,0.0
2019,3113,3416,1,Tournament,-0.14583333333333337,4.643749999999997,2.575000000000003,2.0687499999999943,0.0330882735612224,-0.052517852538076504,0.021071542242335706,0.005699198120957705,-27.072434392877767,-7.0,0.0,-7.0,-0.1333333333333333,3.2666666666666666,0.0
2019,3138,3353,1,Tournament,0.009072580645161255,12.190524193548384,9.17439516129032,3.016129032258064,2.3755344139619883e-05,-0.026983758316866585,0.006237485512186114,0.08024210729314682,18.73471985727201,3.0,0.0,3.0,0.06666666666666665,9.933333333333334,1.0
2019,3155,3377,1,Tournament,-0.22580645161290325,-7.225806451612911,6.41935483870968,-13.64516129032259,-0.03746606954411169,0.06668181873810158,0.02474844137501042,-0.03925047320426281,-12.954436542793474,1.0,0.0,-19.0,-0.33333333333333337,-21.866666666666664,0.0
2019,3163,3406,1,Tournament,0.31439393939393945,15.231060606060609,-11.299242424242422,26.53030303030303,0.06997736620046807,-0.0768261531962261,-0.07685096665590585,-0.0664754965736841,153.1628962289583,-13.0,0.0,-2.0,0.33333333333333326,26.2,0.0
2019,3137,3199,0,Tournament,0.10654936461388076,3.9951124144672576,-3.1906158357771233,7.185728250244388,0.05168416089869349,0.0337906942892757,-0.0632689686133554,0.009049067322443705,33.54370505746192,7.0,0.0,16.0,0.33333333333333326,16.200000000000003,1.0
2019,3231,3400,1,Tournament,-0.09375,-1.625,2.9375,-4.5625,-0.006073064954680296,-0.0064684893449099,-0.10385874746921081,0.03565478305825309,-49.075776351551895,3.0,0.0,1.0,-0.26666666666666666,-6.266666666666667,0.0
2019,3234,3273,1,Tournament,0.03125,12.1875,6.4375,5.75,0.08753227414338677,0.01730754427411041,-0.0087702672556067,0.0779470103680029,82.1760293598204,-13.0,0.0,-24.0,-0.1333333333333333,1.4666666666666668,0.0
2019,3257,3352,1,Tournament,0.22883064516129037,16.45060483870968,5.534274193548384,10.916330645161295,0.07510598489683568,-0.0658255170507896,-0.0040932059888622585,0.018564319538396296,148.49310052283158,-15.0,0.0,-30.0,0.0,4.666666666666668,-1.0
2019,3266,3349,1,Tournament,-0.11534701857282492,16.58651026392961,8.862170087976537,7.724340175953078,0.021714268280180415,-0.0793197050381502,0.05604037880639978,-0.07255546640815849,-55.81299030304331,-7.0,0.0,-8.0,-0.2666666666666667,-0.2666666666666657,-1.0
2019,3195,3274,0,Tournament,0.1166666666666667,-0.4479166666666714,-7.747916666666669,7.299999999999997,-0.023472923604207996,-0.02128814122249939,-0.13953514215940338,-0.04816521600700738,3.8560153108605846,9.0,0.0,24.0,0.33333333333333337,19.866666666666667,1.0
2019,3243,3276,0,Tournament,0.0,-7.15625,0.15625,-7.3125,-0.043515054032452316,0.0009714337798450989,-0.0768622099202036,0.018028793750104605,35.48896984519956,1.0,0.0,-1.0,0.0,-5.2,0.0
2019,3280,3380,1,Tournament,0.3303571428571429,27.486607142857153,-3.7142857142857224,31.20089285714286,0.10267425182475687,-0.06498542759597009,0.15503115264900102,0.050330748616611604,168.58686556345515,-15.0,0.0,-24.0,0.1333333333333332,14.933333333333332,0.0
2019,3179,3281,0,Tournament,0.11553030303030298,14.374053030303031,9.123106060606062,5.250946969696969,0.02152012282133009,-0.0110387368026314,0.016549575211805,0.01621097649189379,26.424354090110455,3.0,0.0,7.0,0.2666666666666667,11.866666666666667,0.0
2019,3332,3340,1,Tournament,0.10080645161290325,14.41431451612904,3.6209677419354804,10.79334677419356,0.06092770662208857,-0.053207954882168715,0.035223066665291625,-0.07196976223744209,110.28322789087247,-13.0,0.0,-16.0,0.06666666666666676,6.399999999999999,-1.0
2019,3125,3376,0,Tournament,0.11250000000000004,-0.04583333333333428,-6.90625,6.860416666666666,0.04812702173598066,0.003444715492256195,-0.056793114436414716,-0.054220955499813095,18.217554333199814,9.0,0.0,16.0,0.2666666666666666,13.199999999999996,1.0
2019,3401,3460,1,Tournament,-0.03830645161290325,-1.4778225806451672,-2.844758064516128,1.3669354838709609,0.024234546298642412,0.04331461831381911,-0.026669038773036835,0.07175241685545453,14.078945303155933,-9.0,0.0,-18.0,-0.1333333333333332,-4.133333333333333,-1.0
2019,3101,3124,0,Tournament,-0.2901785714285714,-8.29017857142857,11.254464285714292,-19.54464285714286,0.06699087119887787,0.0694000873538792,-0.006461027676628428,0.013610171228627899,-178.50028872684015,15.0,0.0,21.0,-0.2666666666666667,-16.733333333333334,0.0
2019,3120,3140,0,Tournament,-0.1064516129032258,2.474193548387106,0.6924731182795725,1.7817204301075336,-0.009061760656697615,-0.014498057766921812,0.02360351572644126,0.014369991776362195,-65.45827469019696,3.0,0.0,-3.0,-0.2666666666666667,-5.466666666666666,-1.0
2019,3143,3314,1,Tournament,0.050403225806451624,-2.6441532258064484,-1.8467741935483843,-0.7973790322580641,0.012869330135604928,0.004108617054183916,0.041835980621116486,-0.009740866955225802,7.891303191707493,-1.0,0.0,1.0,-0.06666666666666665,-2.1333333333333333,0.0
2019,3114,3211,0,Tournament,-0.19758064516129037,-11.97782258064516,-2.172379032258064,-9.805443548387096,-0.021002418734539507,0.031296131840501284,-0.045124793262574014,-0.06508505242379417,-39.71269335907459,7.0,0.0,5.0,0.06666666666666665,-3.066666666666668,1.0
2019,3235,3308,1,Tournament,-0.042424242424242475,7.375757575757575,-0.26060606060606517,7.63636363636364,0.05552812212891983,-0.030788338990865693,-0.040655755730681475,-0.004460289933678613,38.150374698686846,-11.0,0.0,-27.0,-0.2666666666666667,-4.7333333333333325,-1.0
2019,3246,3343,1,Tournament,0.06451612903225801,0.9677419354838719,-4.935483870967737,5.903225806451608,-0.0021208485918983166,-0.01332209958100078,0.026744890535017385,0.012714134970594593,-21.671631254047043,-5.0,0.0,-5.0,-0.2666666666666666,-8.066666666666665,-1.0
2019,3268,3347,1,Tournament,0.06854838709677424,10.905241935483872,5.911290322580648,4.993951612903224,0.0833601703286308,0.01692684168814229,0.0233669852113344,0.02307620106258479,49.6443704972512,-11.0,0.0,-23.0,-0.1333333333333333,-4.133333333333333,-1.0
2019,3141,3277,0,Tournament,0.13608870967741937,5.246975806451616,-1.6663306451612954,6.913306451612911,0.04295073892180884,-0.0097139713937697,0.029082740510466,-0.0385552919026281,69.12476599061847,-1.0,0.0,3.0,0.2666666666666667,16.4,0.0
2019,3177,3283,0,Tournament,0.06912878787878785,7.962121212121218,9.392045454545453,-1.429924242424235,0.033485473774340746,-0.0062678273827798114,-0.03157414457353791,-0.0398832295477555,43.78678325077021,-5.0,0.0,-6.0,0.0,-6.0,0.0
2019,3263,3301,0,Tournament,-0.05745967741935487,-4.36189516129032,-3.36592741935484,-0.9959677419354804,-0.031166006611099417,-0.022072549188206225,0.021187763691984718,-0.05175076974833931,-39.09307462097172,11.0,0.0,21.0,0.2666666666666666,15.599999999999998,1.0
2019,3126,3323,0,Tournament,-0.25391849529780575,-26.89237199582027,-3.3061650992685543,-23.586206896551722,-0.0947970642021932,0.030303198489497807,-0.04009750752328861,-0.018216253779019198,-210.81177223111058,15.0,0.0,31.0,-0.06666666666666665,-19.666666666666664,0.0
2019,3129,3333,0,Tournament,0.09247311827956994,-1.936559139784947,4.683870967741939,-6.620430107526886,-0.0658564228782505,0.02981468117068989,-0.004559811625708177,0.0024010431648671116,12.97501956593328,9.0,0.0,13.0,0.20000000000000007,2.1999999999999993,1.0
2019,3346,3355,0,Tournament,0.0,-14.78125,-11.96875,-2.8125,-0.1175747022098646,-0.004265608797501486,0.03319627970777239,-0.04551552457133848,-0.6273817660871828,5.0,0.0,6.0,0.0,-5.199999999999999,0.0
2019,3390,3413,1,Tournament,0.07499999999999996,3.714583333333337,4.047916666666673,-0.3333333333333286,0.02095203095257009,-0.022793313166322604,0.05778215451054419,-0.019962524335071286,73.2425731778701,-13.0,0.0,-14.0,-0.19999999999999996,-14.4,0.0
2019,3200,3393,0,Tournament,0.007575757575757569,-17.298295454545453,-13.591856060606062,-3.706439393939391,-0.030605794321350577,-0.0102459979686845,-0.0421440776685984,-0.011298363572405407,-12.958996504981315,11.0,0.0,18.0,0.2666666666666667,8.799999999999999,1.0
2019,3397,3417,0,Tournament,-0.012096774193548376,1.2358870967741922,0.2953629032258078,0.9405241935483843,0.015481665885716589,0.025453036902133797,-0.013846090889055918,-0.006339070441334221,-79.77085087021351,5.0,0.0,3.0,-0.2666666666666666,-9.133333333333333,0.0
2019,3113,3274,1,Tournament,-0.08333333333333337,-7.981250000000003,-5.581249999999997,-2.4000000000000057,-0.0352249984226663,-0.034529446533884206,-0.009801124665406502,-0.043386921833953096,-31.273983413948827,1.0,0.0,1.0,-0.06666666666666665,-1.6666666666666665,0.0
2019,3138,3163,0,Tournament,-0.22064393939393945,-6.512310606060609,12.017992424242422,-18.53030303030303,-0.038219491181569865,0.05215491770541311,0.052334957290336215,0.11128937888367102,-91.6746536533592,8.0,0.0,-2.0,-0.2666666666666666,-16.733333333333334,0.0
2019,3234,3281,1,Tournament,0.11553030303030298,13.874053030303031,9.654356060606062,4.219696969696969,0.025532320653745,-0.053481551269007194,-0.0181381063426867,-0.027422892707967494,76.3416042300928,-5.0,0.0,-1.0,0.2666666666666667,6.866666666666667,1.0
2019,3257,3276,1,Tournament,0.25,7.0625,-3.21875,10.28125,0.02654341170518043,-0.05006438988642159,-0.03134655689043547,-0.029088800256388214,119.10542982038987,-7.0,0.0,-3.0,0.20000000000000007,14.133333333333333,0.0
2019,3155,3280,0,Tournament,-0.3245967741935484,-17.061491935483872,8.66935483870968,-25.73084677419355,-0.07146923886384787,0.05873936911303149,-0.11859383496989051,-0.04575396086661851,-129.63930287081462,8.0,0.0,-4.0,-0.3999999999999999,-21.933333333333334,-1.0
2019,3231,3332,0,Tournament,-0.25,-16.0625,0.96875,-17.03125,-0.06515642765690943,0.0660571242985356,-0.042716400162494395,0.08190756573982269,-138.8837989134356,8.0,0.0,2.0,-0.46666666666666673,-19.8,0.0
2019,3199,3376,0,Tournament,0.041935483870967794,-7.152688172043014,-5.8548387096774235,-1.2978494623655976,-0.035212575263073365,0.015347113593007083,-0.006673412862552297,-0.03565119969101549,0.4358317217890999,1.0,0.0,-4.0,-0.06666666666666665,-3.733333333333334,0.0
2019,3266,3401,0,Tournament,0.013685239491691092,14.199413489736074,2.6686217008797612,11.530791788856316,0.05695481855010248,-0.0402051185159332,0.009013078056842705,-0.07047867216423012,-8.925169619867802,1.0,0.0,1.0,-0.06666666666666676,11.133333333333333,0.0
2019,3124,3143,1,Tournament,0.3558467741935484,8.081653225806448,-14.371975806451616,22.453629032258064,-0.04446684353626429,-0.000537387066466416,0.02322151822596613,0.03504254357592551,167.45019723183896,-7.0,0.0,1.0,0.4666666666666667,25.666666666666668,1.0
2019,3235,3283,0,Tournament,0.03882575757575757,5.6590909090909065,0.8768939393939377,4.782196969696969,0.03154225363285518,-0.007944790074072006,-0.09438651315941532,-0.0175639293931861,6.1688574340983,-8.0,0.0,-9.0,-0.13333333333333341,-6.199999999999999,-1.0
2019,3246,3301,0,Tournament,-0.06451612903225812,0.12903225806451246,-2.548387096774192,2.677419354838703,-0.041491630276637825,-0.0254366678141984,0.02564777806572699,-0.010176031922361412,-42.1525338782576,3.0,0.0,4.0,0.0,1.6,0.0
2019,3277,3323,0,Tournament,-0.26392961876832854,-13.933528836754647,3.292277614858264,-17.22580645161291,-0.029931291649574587,0.007766339663327015,-0.020039739813694613,-0.03129221934032761,-179.1305874779705,8.0,0.0,3.0,-0.33333333333333337,-24.599999999999998,-1.0
2019,3211,3333,0,Tournament,0.10080645161290325,-2.2157258064516157,-1.859879032258064,-0.3558467741935516,-0.06109133780301984,0.0022411820850226083,0.054148470556281414,0.09203924930879148,20.977549416164038,1.0,0.0,6.0,0.13333333333333341,6.533333333333335,0.0
2019,3355,3393,1,Tournament,0.0625,2.1875,-5.03125,7.21875,0.04364346583640799,-0.009337322040144591,-0.04427166964021623,0.06511671492206589,4.733465725989845,3.0,0.0,19.0,0.4,25.133333333333333,1.0
2019,3140,3390,0,Tournament,-0.06854838709677424,-5.555443548387103,1.992943548387096,-7.548387096774199,-0.022149229943869975,0.018752051336792114,-0.0047044106788156625,0.012799463036726605,-61.92944253884366,5.0,0.0,6.0,0.0,-2.4000000000000012,0.0
2019,3268,3417,0,Tournament,0.25,1.625,-7.40625,9.03125,0.0441358215490924,0.0274239136611365,-0.06384477784703901,0.015612048005617885,34.54215267415839,-3.0,0.0,2.0,0.13333333333333341,2.2666666666666666,0.0
2019,3163,3417,1,Tournament,0.31439393939393945,9.293560606060609,-13.580492424242422,22.87405303030303,0.035126255484493996,-0.03370311860419581,-0.10136000836380904,-0.05174914955419141,86.55818648298509,-4.0,0.0,7.0,0.19999999999999996,21.133333333333333,1.0
2019,3257,3333,1,Tournament,0.13205645161290325,3.1280241935483843,-0.07862903225806406,3.2066532258064484,-0.020218929375551364,-0.012203055587207495,0.03421983524033234,0.0024417292087343945,83.93349712349755,-3.0,0.0,-1.0,0.20000000000000007,9.933333333333334,0.0
2019,3113,3280,0,Tournament,-0.27083333333333337,-19.793750000000003,0.45000000000000284,-20.243750000000006,-0.057429899201285384,-0.010861331295951904,-0.11660133705865533,-0.08023820394548131,-119.40227281149555,4.0,0.0,-3.0,-0.33333333333333326,-17.73333333333333,-1.0
2019,3332,3355,1,Tournament,0.0625,5.125,1.25,3.875,0.00708261437807256,-0.0425040980564456,0.025349863102609116,-0.061256873296232084,45.03828050777702,-4.0,0.0,-18.0,-0.19999999999999996,-10.266666666666666,-1.0
2019,3124,3376,1,Tournament,0.26875000000000004,4.735416666666666,-11.96875,16.704166666666666,-0.01911630197414127,0.01010766173874389,0.010709995557445728,0.0017387244134628166,138.1145051733247,-3.0,0.0,-2.0,0.33333333333333337,18.8,1.0
2019,3234,3301,1,Tournament,-0.02620967741935487,8.26310483870968,6.88407258064516,1.3790322580645196,0.04532578478913196,-0.015016387537676701,-0.014111777383364499,-0.008719782849542501,25.790921492401594,-1.0,0.0,3.0,0.20000000000000007,10.933333333333334,1.0
2019,3323,3401,1,Tournament,0.13489736070381242,20.3206256109482,5.062561094819159,15.25806451612904,0.06740301115382069,-0.02648908991634641,0.00025638621767570813,-0.016757974256513014,104.18806383515152,-3.0,0.0,-4.0,0.06666666666666665,18.53333333333333,1.0
2019,3283,3390,0,Tournament,-0.15625,-1.53125,2.28125,-3.8125,-0.04351515227816766,0.016251359356044714,0.059690759039813635,0.050549937092370684,-73.68064611316231,9.0,0.0,10.0,0.06666666666666665,7.333333333333332,0.0
2019,3163,3257,1,Tournament,0.03314393939393945,3.574810606060609,-5.861742424242422,9.436553030303031,-0.020850468383458276,-0.020424869639628113,-0.01826273554664265,-0.026165202841309992,8.867546744771289,1.0,0.0,8.0,0.06666666666666654,11.066666666666666,1.0
2019,3280,3332,0,Tournament,0.0625,0.9375,-6.0,6.9375,-0.009674198309498672,0.0411118771861116,0.14583305921662681,0.0927767954507753,27.75426640894193,-1.0,0.0,3.0,0.1333333333333332,4.199999999999999,1.0
2019,3124,3234,1,Tournament,0.15625,0.625,-13.0625,13.6875,-0.08877623766300696,-0.005815270254688115,0.09207514713522252,0.03485717716791051,57.260975163448165,-1.0,0.0,-1.0,0.1333333333333333,12.133333333333333,0.0
2019,3323,3390,1,Tournament,0.03409090909090917,14.249053030303031,3.249053030303031,11.0,0.013322961365167918,0.009486180575774994,0.03730118395256771,0.0731278023352385,25.59677112992381,-1.0,0.0,-1.0,0.06666666666666665,16.266666666666666,0.0
2019,3124,3332,1,Tournament,0.09375,-4.6875,-9.21875,4.53125,-0.07461155837229633,0.0399525847144699,0.043380173400108024,0.077164028429896,57.047536997443785,-1.0,0.0,1.0,0.19999999999999996,8.733333333333334,1.0
2019,3163,3323,0,Tournament,0.030303030303030276,-6.424242424242422,-9.454545454545453,3.030303030303031,-0.022053864605952822,-0.042619321864704296,-0.031976268182286216,-0.0929641367081441,-20.012635688572118,1.0,0.0,8.0,0.06666666666666654,3.400000000000002,0.0
2019,3124,3323,1,Tournament,0.05965909090909083,-8.561553030303031,-9.499053030303031,0.9375,-0.05551841232820348,0.0006154630438033049,0.02764786557474863,-0.014335932649304495,8.060857469292387,0.0,0.0,2.0,0.1333333333333333,0.40000000000000213,0.0
2021,3124,3238,1,Tournament,0.1433172302737521,12.940418679549111,-4.301127214170691,17.241545893719803,0.028681290348229027,-0.05646517378292451,0.012866960792115023,-0.1232545624318997,77.95568356169974,-13.0,0.0,-25.0,0.0,5.133333333333336,0.0
2021,3163,3219,1,Tournament,0.1907692307692307,10.30923076923078,-11.287692307692303,21.596923076923083,0.12693931184514057,-0.00037357432750961816,0.11997604949249283,-0.0616554669380914,115.2520683360317,-15.0,0.0,-22.0,0.06666666666666654,14.333333333333332,0.0
2021,3210,3372,1,Tournament,-0.26449275362318836,-14.673913043478265,9.817028985507264,-24.490942028985515,-0.015197861376043731,-0.0480758204469561,-0.024428081246267608,-0.03023365332853889,-88.79295031366746,-7.0,0.0,-28.0,-0.33333333333333337,-32.06666666666666,-1.0
2021,3141,3234,0,Tournament,0.02564102564102566,-8.707977207977208,-6.673789173789174,-2.034188034188034,-0.06246007040335111,-0.010529375621994685,0.008100986765535279,-0.0372651623498661,-2.202251563446225,7.0,0.0,3.0,0.1333333333333333,0.9333333333333336,1.0
2021,3226,3246,0,Tournament,0.19499999999999995,-1.7049999999999983,-6.549999999999997,4.844999999999999,-0.014830332044049599,0.0244120003409167,-0.0006630012729609835,-0.006110875337932198,63.16472595663322,9.0,0.0,17.0,0.33333333333333337,14.200000000000001,1.0
2021,3195,3276,0,Tournament,0.18623481781376539,6.65384615384616,-5.208502024291505,11.862348178137665,0.025747248887224405,-0.020789924880780797,-0.2210325883950616,-0.10031021536954071,87.1052117125273,5.0,0.0,25.0,0.33333333333333337,17.93333333333333,1.0
2021,3299,3301,0,Tournament,-0.042424242424242475,-6.384848484848476,-7.612121212121217,1.2272727272727408,-0.0843027813603962,0.043689841242844585,0.11411318997690606,-0.04125214192668339,-88.89611139335148,15.0,0.0,22.0,0.0,5.533333333333331,0.0
2021,3329,3448,1,Tournament,0.1923076923076923,4.217948717948715,-5.990384615384613,10.208333333333329,-0.00807185212489192,-0.010197532114771396,-0.0028893644466885804,-0.06961184215623281,61.45333334007387,-1.0,0.0,-1.0,0.19999999999999996,7.933333333333334,0.0
2021,3199,3333,0,Tournament,-0.0326797385620915,-5.74183006535948,-5.166666666666671,-0.5751633986928084,-0.06983298095429946,-0.0030477709741821013,0.06597943856117908,-0.029749504800669707,-29.163069800977382,1.0,0.0,-2.0,0.0,-0.26666666666666666,0.0
2021,3273,3376,0,Tournament,-0.09615384615384615,-8.224358974358978,1.3173076923076934,-9.541666666666671,0.006266302212492136,-0.027383237578449487,-0.08099919098819508,-0.02079397011794981,-100.37926576330074,15.0,0.0,29.0,0.06666666666666665,-2.6000000000000014,0.0
2021,3378,3450,1,Tournament,0.3354037267080745,2.0621118012422315,-9.314699792960667,11.376811594202898,-0.03329427158797088,0.009187560960181779,0.052108686087381006,0.05192313063216658,137.7829393024665,-1.0,0.0,9.0,0.5333333333333334,14.066666666666666,1.0
2021,3390,3430,1,Tournament,0.2592592592592594,17.111111111111107,-5.314814814814817,22.425925925925924,0.042965588521548914,-0.0632380745779686,0.04235981336812911,-0.05747622288561208,156.67312366744,-15.0,0.0,-17.0,0.19999999999999996,18.73333333333333,1.0
2021,3355,3393,0,Tournament,0.25595238095238093,-1.7797619047619122,-9.089285714285722,7.309523809523803,-0.03307905080510232,0.008115158424034624,-0.04401183429861538,0.009155761397583478,55.80841836802324,1.0,0.0,23.0,0.3999999999999999,12.600000000000001,0.0
2021,3292,3397,0,Tournament,0.012681159420289911,2.585144927536234,7.407608695652172,-4.822463768115938,-0.009630770124098242,-0.05685501531629669,-0.0924115870996321,0.049737885369630086,-6.321830370282896,11.0,0.0,11.0,0.1333333333333333,0.0,1.0
2021,3266,3439,0,Tournament,0.15130434782608693,-2.41391304347826,-3.726956521739126,1.313043478260866,-0.03545940319423485,0.022049653231209804,0.08974541141911924,-0.0361119786383981,40.66331985185752,3.0,0.0,3.0,0.19999999999999996,4.600000000000001,0.0
2021,3250,3452,0,Tournament,-0.13492063492063489,0.08201058201058231,1.386243386243379,-1.3042328042327966,-0.0011539672323404027,-0.04289429424204469,-0.08798405977878326,-0.03288569295193111,-60.60845529484595,9.0,0.0,14.0,-0.09047619047619038,3.8809523809523814,0.0
2021,3104,3314,1,Tournament,0.07478260869565223,-0.026086956521737648,3.300869565217397,-3.3269565217391346,0.034172794380050775,0.010748448131893601,-0.046311393519852695,0.035442009375454414,4.424308510441733,-3.0,0.0,-2.0,0.0,-0.5333333333333334,0.0
2021,3112,3392,1,Tournament,0.011904761904761862,6.271428571428572,5.347619047619048,0.9238095238095241,0.0009518520087903881,-0.0410408569720597,-0.09253026999681557,0.009208308617317806,-23.467632458806975,-11.0,0.0,-16.0,-0.13333333333333341,-1.1999999999999993,-1.0
2021,3125,3211,1,Tournament,-0.08461538461538454,-1.0215384615384693,3.2353846153846106,-4.25692307692308,-0.031783327422301055,-0.0056325881781219,-0.0362342156643074,-0.004338322284851176,-23.377388861381633,7.0,0.0,9.0,0.0,-3.8666666666666636,0.0
2021,3140,3353,1,Tournament,0.004830917874396157,-6.306763285024161,2.0628019323671367,-8.369565217391305,-0.03412489310049738,0.026943772284617723,-0.08595937621229849,-0.031473181924012494,5.262439890637324,5.0,0.0,4.0,0.0,-9.0,0.0
2021,3180,3208,0,Tournament,-0.13286713286713292,-10.76223776223776,-3.6048951048950997,-7.157342657342662,-0.0014702148837640872,-0.05586902772840968,-0.05378354086759707,-0.04956415702277439,-55.43941160994382,11.0,0.0,8.0,-0.06666666666666665,-3.133333333333333,1.0
2021,3231,3433,1,Tournament,0.18260869565217397,11.650434782608698,-1.123478260869561,12.773913043478258,0.03848809233533801,-0.025817652406842,-0.038884592809664,-0.0158310506300246,50.63741942923025,-9.0,0.0,-9.0,0.20000000000000007,9.666666666666666,-1.0
2021,3235,3277,1,Tournament,-0.03678929765886285,1.5568561872909612,2.503344481605353,-0.946488294314392,0.012370713785808451,-0.007336952757695608,-0.06191014760720162,0.025817678631393115,4.082596251515724,-3.0,0.0,-2.0,0.1333333333333333,3.1999999999999997,0.0
2021,3257,3265,1,Tournament,0.027472527472527486,15.082417582417591,11.769230769230766,3.3131868131868245,0.036149105707791285,-0.041768880182509516,-0.016756627205767094,-0.03518479540840419,40.2921080604217,-13.0,0.0,-21.0,-0.06666666666666665,-2.2666666666666657,-1.0
2021,3268,3291,1,Tournament,0.19580419580419595,18.314685314685306,9.17832167832168,9.13636363636364,0.057014158328900166,-0.005412750957656698,0.05496364756673733,0.03372511794243102,112.42309609453719,-13.0,0.0,-11.0,0.1333333333333332,8.066666666666665,0.0
2021,3283,3413,1,Tournament,0.042424242424242475,4.145454545454541,1.8606060606060595,2.28484848484848,-0.05769137154695908,-0.0020160923487351767,0.1610262720969063,-0.0393928038714052,40.95007243730288,-7.0,0.0,-10.0,0.1333333333333333,4.200000000000001,-1.0
2021,3321,3416,1,Tournament,-0.14782608695652177,10.16739130434783,11.621739130434783,-1.454347826086952,-0.029059184609675215,-0.0910667813228346,-0.03856057520753664,-0.02149509346225348,-54.609239702545665,-3.0,0.0,-10.0,-0.20000000000000007,-6.200000000000001,0.0
2021,3332,3377,1,Tournament,-0.16356107660455488,-1.6438923395445073,0.7494824016563157,-2.393374741200823,0.010095415057782553,0.005626441487187717,0.02537166207477004,-0.08450440184588232,-69.60427963673192,-5.0,0.0,-21.0,-0.4,-13.2,-1.0
2021,3133,3400,0,Tournament,-0.07407407407407407,-0.07407407407407618,2.407407407407412,-2.481481481481488,0.04419610414842956,-0.004638681299047709,-0.08031239968673426,-0.001625129014276,-20.507454389164195,5.0,0.0,8.0,-0.06666666666666665,1.1333333333333337,1.0
2021,3401,3407,1,Tournament,0.12,-9.120000000000005,-12.199999999999996,3.079999999999991,0.05129823925954191,0.02830217079658892,-0.15173526714791508,0.020275802309539126,47.98283848161577,-13.0,0.0,-18.0,-0.06666666666666654,-5.800000000000001,-1.0
2021,3417,3461,1,Tournament,0.15320910973084878,10.169772256728777,0.7950310559006226,9.374741200828156,-0.04369929645070375,-0.015389555083401507,0.1412747354110221,0.06752286263461882,44.508575088028465,-11.0,0.0,-6.0,0.06666666666666665,-0.5999999999999996,-1.0
2021,3116,3460,0,Tournament,-0.016296296296296253,19.474074074074075,18.674074074074078,0.7999999999999972,0.09002424829850575,-0.04512194890801499,-0.2309791495661299,0.045330598234952585,6.197244310777933,-9.0,0.0,-22.0,-0.1333333333333333,-6.466666666666667,-1.0
2021,3124,3439,1,Tournament,0.31723027375201296,8.41867954911433,-10.605475040257645,19.024154589371975,-0.019878621451125233,-0.0012075316422535953,0.12345171952746892,-0.012568164631414802,133.8068098692645,-5.0,0.0,-1.0,0.4666666666666667,18.933333333333334,1.0
2021,3163,3393,1,Tournament,0.3409523809523809,9.801904761904765,-18.860952380952376,28.662857142857142,0.14220102678387475,-0.015551763861722495,-0.01587429848738786,-0.04964102617410732,141.58973479604674,-7.0,0.0,3.0,0.3999999999999999,27.866666666666667,1.0
2021,3210,3452,1,Tournament,-0.12560386473429952,-6.877616747181975,-4.576489533011269,-2.301127214170698,-0.007367687648469234,-0.033629724218355195,0.011653600188526403,-0.057451604952650503,-51.11449771383013,1.0,0.0,1.0,-0.06666666666666665,1.4000000000000001,0.0
2021,3234,3246,1,Tournament,-0.01333333333333342,13.512592592592597,14.681481481481484,-1.1688888888888869,0.11643241194268444,0.027067623884843295,-0.047910520536452395,0.0433947090153719,24.995063675168012,1.0,0.0,3.0,0.06666666666666665,5.4,0.0
2021,3276,3397,1,Tournament,0.041189931350114395,3.0434782608695627,2.414187643020597,0.6292906178489659,0.007960348361421177,-0.012868868427312885,-0.022145922894174497,0.08511450311781521,-30.774884526231745,3.0,0.0,3.0,0.06666666666666665,3.3999999999999995,0.0
2021,3301,3378,1,Tournament,0.051948051948052076,11.603896103896105,7.164502164502167,4.439393939393938,0.07215988517070698,-0.030845778444029776,-0.08872346335968267,-0.03234572156520579,35.51152391116466,-7.0,0.0,-11.0,0.0,2.1333333333333346,0.0
2021,3333,3376,0,Tournament,-0.25791855203619907,-5.4547511312217125,10.692307692307693,-16.147058823529406,0.09268679918784395,0.022772245883818404,-0.15457817623172668,0.05112951692964579,-104.30768852089409,7.0,0.0,4.0,-0.2666666666666667,-11.0,-1.0
2021,3329,3390,0,Tournament,-0.23361823361823375,-7.559829059829056,9.143874643874646,-16.703703703703702,-0.0568351769615405,-0.0015262892848990073,-0.06969143365178121,-0.0017076873709586105,-100.84535344963729,7.0,0.0,-3.0,-0.33333333333333326,-18.93333333333333,-1.0
2021,3112,3140,1,Tournament,-0.020703933747412084,-2.732919254658384,-3.126293995859207,0.39337474120082305,-0.04835353017200311,-0.02431255642787422,-0.031821684681415496,0.05484670241199249,-25.68363842992244,-8.0,0.0,-3.0,-0.13333333333333341,0.20000000000000107,0.0
2021,3125,3231,0,Tournament,0.017391304347826098,-5.690434782608705,-2.83652173913044,-2.853913043478263,0.015959803817969076,0.033094311917132996,0.062183243648363806,-0.05218162827459938,14.205141202350887,8.0,0.0,13.0,0.06666666666666654,2.1333333333333346,1.0
2021,3257,3321,1,Tournament,0.2324414715719063,10.436454849498332,0.24749163879598512,10.188963210702347,0.0657716494091552,0.017781485201679992,0.014479362428873821,-0.061721776612577106,83.57912962673822,-5.0,0.0,-1.0,0.20000000000000007,7.733333333333334,0.0
2021,3104,3268,0,Tournament,-0.2830769230769232,-16.469230769230762,-0.22923076923076735,-16.24000000000001,-0.037908390320180396,-0.010242394986535702,-0.06516685339830991,0.021053668711898593,-135.89980062496056,5.0,0.0,-3.0,-0.46666666666666656,-25.73333333333333,-1.0
2021,3283,3460,1,Tournament,0.1890909090909092,5.945454545454545,2.327272727272728,3.6181818181818173,0.001955694727372226,0.0004925667754247243,-0.050731081894293095,-0.052885654266446314,59.86068877567345,-8.0,0.0,-13.0,0.2666666666666667,5.933333333333333,-1.0
2021,3208,3332,0,Tournament,0.1501831501831502,-0.7875457875457954,0.3040293040292994,-1.091575091575093,-0.046051685431397205,0.05259938349885748,0.02345701291778346,0.0502930461241228,100.50956422139166,-3.0,0.0,-4.0,0.19999999999999996,0.5999999999999996,0.0
2021,3400,3417,1,Tournament,-0.09523809523809523,-2.1005291005291014,4.634920634920633,-6.735449735449736,0.004750455565284639,0.029440747266025108,-0.0021546940091882183,-0.0085249266395038,-25.724043516040638,3.0,0.0,-3.0,-0.1333333333333333,-6.6,0.0
2021,3235,3401,0,Tournament,-0.3046153846153846,1.5707692307692298,10.127692307692307,-8.556923076923077,0.023975966524833303,-0.023361410715785014,0.021668425927570595,-0.009041157547005602,-117.29511783127214,5.0,0.0,1.0,-0.2666666666666667,-5.533333333333333,0.0
2021,3112,3401,1,Tournament,-0.15809523809523818,-8.588571428571427,-4.632380952380949,-3.9561904761904785,-0.05016975030972193,-0.027340035945669222,0.030599587291701702,-0.03791464976346551,-103.67612211266896,1.0,0.0,4.0,-0.20000000000000007,1.333333333333334,0.0
2021,3124,3276,1,Tournament,0.1890838206627682,6.592592592592595,-10.150097465886944,16.74269005847954,0.014404293242417099,-0.01238548067693171,0.016338754830538205,-0.09074843739158572,134.82744548606502,-4.0,0.0,-2.0,0.33333333333333337,15.066666666666668,1.0
2021,3163,3234,1,Tournament,0.29333333333333333,-4.552592592592589,-29.961481481481478,25.40888888888889,0.02053784666428693,-0.0028970822510366034,0.05409000051802332,-0.051084349940250795,99.9695727485041,-4.0,0.0,2.0,0.33333333333333326,24.133333333333333,1.0
2021,3231,3301,1,Tournament,-0.12648221343873522,-1.1877470355731106,-0.5889328063241095,-0.5988142292490028,-0.019886613899319894,-0.023189218145030915,0.0028235412225400824,0.01631779260539079,-54.42365343289089,3.0,0.0,1.0,0.0,1.266666666666664,-1.0
2021,3257,3332,1,Tournament,0.2655677655677655,5.558608058608058,1.150183150183146,4.408424908424912,-0.008057230806384208,-0.0041988091226036195,-0.012191781012972414,0.014940952699107307,115.16997630064748,-4.0,0.0,-2.0,0.33333333333333337,6.6000000000000005,0.0
2021,3210,3376,0,Tournament,-0.19397993311036787,-10.981605351170572,2.3010033444816145,-13.28260869565218,0.03849025214183849,-0.0069454002776347945,-0.09871086521684791,-0.02108292172042861,-113.50436377713254,4.0,0.0,2.0,-0.13333333333333341,-8.066666666666666,-1.0
2021,3283,3390,0,Tournament,-0.01683501683501687,-8.898989898989896,4.986531986531986,-13.885521885521882,-0.09215871177844337,0.013174047228451002,0.02806848044910848,-0.006717610071986818,-39.048065900441316,4.0,0.0,5.0,0.06666666666666676,-10.33333333333333,-1.0
2021,3268,3400,0,Tournament,0.2564102564102566,21.41737891737891,7.491452991452995,13.925925925925931,0.09902624674301846,0.0065702012400180865,-0.0032511989948577624,0.018705676802415305,110.16387077202967,-4.0,0.0,2.0,0.33333333333333326,21.799999999999997,1.0
2021,3112,3231,1,Tournament,-0.020703933747412084,-9.559006211180133,-4.908902691511386,-4.650103519668745,-0.0388860494570491,0.023950511061445995,-0.013543535080161595,-0.006132310102552385,-47.2208458705054,-1.0,0.0,1.0,-0.20000000000000007,-2.333333333333332,0.0
2021,3124,3163,0,Tournament,-0.03407407407407392,-0.44740740740741103,3.961481481481478,-4.408888888888889,-0.12715210967694507,-0.0058409290101205935,0.06995378821706388,0.008849556742654696,2.0345064231189554,1.0,0.0,-4.0,0.06666666666666676,-5.533333333333331,0.0
2021,3376,3400,1,Tournament,0.17948717948717952,6.955840455840459,-3.470085470085472,10.425925925925931,-0.0063873168205523245,-0.003992977238361423,0.04543397406400701,-0.020826075526459292,97.49370982379355,-5.0,0.0,-1.0,0.20000000000000007,8.866666666666667,1.0
2021,3257,3390,0,Tournament,-0.04131054131054146,0.20940170940171754,9.028490028490026,-8.819088319088308,-0.028072224613960417,-0.00892432427722592,-0.03239675414022031,-0.0027612343204183043,-43.19108363717146,1.0,0.0,-2.0,-0.1333333333333332,-14.199999999999996,-1.0
2021,3112,3163,1,Tournament,-0.1980952380952381,-15.468571428571437,5.527619047619048,-20.996190476190485,-0.18015143625321267,-0.013138368835319103,-0.06546990726456642,0.03763574926982971,-125.45493585761892,2.0,0.0,-1.0,-0.2666666666666666,-17.733333333333334,-1.0
2021,3376,3390,0,Tournament,-0.0797720797720799,-1.6367521367521363,6.566951566951566,-8.203703703703702,-0.0867613766645986,0.007482356176699678,0.05147440205797388,0.026489433676294805,-12.288315394261872,0.0,0.0,-4.0,-0.1333333333333332,-13.266666666666662,0.0
2021,3112,3390,0,Tournament,-0.16402116402116418,-11.873015873015873,3.3068783068783105,-15.179894179894184,-0.08356254049366779,0.00581061373031988,-0.0827852380828164,0.0444008199092123,-113.43637763370089,2.0,0.0,0.0,-0.2666666666666666,-13.666666666666663,-1.0
2022,3173,3177,1,Tournament,0.14583333333333337,-22.78125,-23.547916666666673,0.7666666666666657,-0.05771836538194158,0.020645762930067785,-0.05061226036431321,0.0265848328402917,95.9043538086396,0.0,0.0,-1.0,0.2666666666666667,4.800000000000001,0.0
2022,3224,3230,1,Tournament,0.2711640211640212,7.173280423280417,0.2619047619047734,6.911375661375658,-0.018279126503600196,0.0009601871783941895,0.025972732414823285,0.02384183659431721,77.91254734910808,0.0,0.0,2.0,0.2666666666666667,12.733333333333333,0.0
2022,3255,3291,1,Tournament,0.11778846153846156,8.99278846153846,5.103365384615387,3.889423076923073,-0.028482725084555516,-0.015842697661558713,0.0700895774296034,0.01171162444222379,76.14131798208541,0.0,0.0,-1.0,0.19999999999999996,10.000000000000002,0.0
2022,3199,3283,0,Tournament,-0.20000000000000007,1.0999999999999943,7.0,-5.9000000000000075,0.09111159128752566,0.03966696499976119,-0.05934372492005363,-0.010669960713338311,4.377080300669604,0.0,0.0,-10.0,-0.1333333333333333,-11.133333333333333,0.0
2022,3124,3218,1,Tournament,0.12852664576802508,12.551724137931032,-2.4806687565308323,15.032392894461857,0.03534333340981699,-0.02342148819094189,0.03248379155611375,-0.027052514437257896,88.65249689697134,-13.0,0.0,-20.0,0.0,9.4,-1.0
2022,3160,3166,0,Tournament,0.04367816091954013,-9.460919540229895,-6.614942528735632,-2.845977011494263,-0.08929898859676016,0.022648991058681206,0.007476806045179807,0.09116291513153021,45.51654977149792,-3.0,0.0,-4.0,-0.06666666666666665,-12.533333333333333,0.0
2022,3195,3439,1,Tournament,0.2098214285714286,6.107142857142861,1.4464285714285694,4.660714285714292,-0.018682883547747275,-0.04043549700260701,-0.021030966737235507,-0.06328839376617229,21.23061078780097,7.0,0.0,16.0,0.2666666666666666,8.06666666666667,1.0
2022,3173,3208,0,Tournament,0.14367816091954022,-3.6379310344827616,-4.266666666666673,0.6287356321839042,-0.015947556621260683,-0.025885469328770006,-0.05174831516401307,0.004002240049098188,75.37918990970797,5.0,0.0,6.0,0.33333333333333337,9.266666666666667,0.0
2022,3211,3304,1,Tournament,0.0625,-9.21875,-8.4375,-0.78125,-0.04390630674747248,0.024034631588946892,0.07274005957183277,0.027290058213806312,54.63620751336225,1.0,0.0,4.0,0.13333333333333341,6.200000000000001,1.0
2022,3229,3234,0,Tournament,-0.1860215053763441,-20.11290322580645,-7.413978494623649,-12.6989247311828,-0.058794834238757754,0.003860610934896591,0.003979909452547309,0.011790747421307007,-109.68900980448689,13.0,0.0,8.0,-0.13333333333333341,-10.533333333333333,0.0
2022,3235,3426,1,Tournament,0.0717592592592593,6.912037037037038,-2.287037037037038,9.199074074074076,0.04660477499699017,0.008844189432527683,-0.03781673868060112,0.016661092009580297,51.338398476016664,-11.0,0.0,-16.0,-0.13333333333333341,-2.4000000000000004,-1.0
2022,3210,3242,0,Tournament,-0.012235817575083519,-10.82981090100111,-12.715239154616249,1.8854282536151388,-0.030587305237043783,-0.018248756181349995,0.059882334979058066,-0.10205227371750639,-25.019976274037617,1.0,0.0,1.0,-0.06666666666666665,0.2666666666666666,0.0
2022,3107,3257,0,Tournament,-0.15239154616240258,-15.849833147942157,-6.0667408231368185,-9.783092324805338,-0.004687734841495705,0.04129174938407548,0.029258374235987927,-0.04513310439181359,-89.2153816152047,15.0,0.0,23.0,0.0,-5.666666666666666,1.0
2022,3174,3268,0,Tournament,0.042528735632183956,-6.568965517241381,-3.832183908045984,-2.736781609195397,-0.04644425497951449,-0.0034868862950361013,0.043213073468925556,-0.026308169048379598,10.527927971985491,9.0,0.0,7.0,0.13333333333333341,2.1333333333333337,1.0
2022,3274,3378,1,Tournament,-0.125,0.53125,4.6875,-4.15625,0.028590476045653512,0.025608798946583605,-0.05890745740721581,-0.00343490224356352,-7.292227533868527,-1.0,0.0,-3.0,-0.13333333333333341,-3.266666666666667,0.0
2022,3224,3376,0,Tournament,-0.2569124423963134,-6.968894009216598,9.251152073732719,-16.220046082949317,-0.046124588287954904,0.05719363261598939,-0.10784491970562149,0.06340218905101891,-169.87606695449017,15.0,0.0,30.0,-0.06666666666666654,-8.199999999999996,1.0
2022,3279,3377,0,Tournament,-0.09677419354838712,-2.032258064516128,2.29032258064516,-4.322580645161288,-0.02990014833386273,0.022836437532807702,0.0851380017801599,0.0347778308233406,-35.80271553381522,-3.0,0.0,-14.0,-0.33333333333333326,-17.0,-1.0
2022,3286,3390,0,Tournament,-0.27822580645161277,-4.117943548387103,10.78528225806452,-14.903225806451623,-0.04218394943404791,-0.03580586638462738,-0.05259408788266334,0.0407425181003043,-184.58812879397806,15.0,0.0,19.0,-0.2666666666666667,-12.866666666666667,0.0
2022,3193,3400,0,Tournament,-0.006048387096774244,-7.560483870967744,-0.10786290322580783,-7.452620967741936,0.01520650477601887,-0.021094550946756413,-0.1279633545685585,-0.04910360466832528,-70.38190817443888,13.0,0.0,22.0,0.19999999999999996,2.866666666666667,0.0
2022,3116,3428,0,Tournament,-0.06451612903225801,-2.2903225806451672,-2.161290322580655,-0.12903225806451246,-0.030340154724702306,-0.042458383342002,-0.08632475156320571,-0.04292521294303259,-40.87279899174064,3.0,0.0,-3.0,-0.19999999999999996,0.3333333333333333,0.0
2022,3112,3424,1,Tournament,-0.0717592592592593,-7.710648148148152,-7.653935185185183,-0.05671296296296724,-0.01389004265487459,-0.001372940572137299,-0.020221040541016255,0.005740677466116617,-34.35966958572976,-9.0,0.0,-10.0,-0.2666666666666667,-7.600000000000001,-1.0
2022,3125,3332,1,Tournament,0.12528735632183907,-1.3505747126436773,-5.51609195402299,4.165517241379314,0.012335467626199526,0.008841162127745189,-0.0051188032339022915,-0.045831819363560095,24.088359343045113,7.0,0.0,21.0,0.2666666666666667,13.533333333333331,1.0
2022,3163,3273,1,Tournament,0.04022988505747127,9.421839080459776,-1.8333333333333428,11.255172413793112,0.08598230014178304,0.013935742647583294,0.01126847189680713,-0.035287027333552407,89.76983983464811,-13.0,0.0,-22.0,0.0,11.866666666666667,0.0
2022,3150,3231,0,Tournament,-0.023655913978494536,-8.187096774193549,-3.770967741935479,-4.4161290322580715,-0.04639308239699119,0.029078970580826924,0.0221029314829298,0.0027307379527286846,16.79682522043072,11.0,0.0,5.0,0.2666666666666667,6.200000000000001,1.0
2022,3243,3450,1,Tournament,-0.0422691879866518,6.144605116796448,0.0422691879866548,6.1023359288097865,0.017503810673002218,-0.00663768247978308,-0.038828391712370514,0.0736555307883078,-51.4653956573145,1.0,0.0,-2.0,-0.2666666666666666,-2.1333333333333333,0.0
2022,3238,3261,0,Tournament,-0.04022988505747127,5.8873563218390785,1.3632183908045974,4.524137931034479,-0.004279085128808091,0.016972016231522002,0.053350566412235734,0.057414485539316606,-77.35014824912082,11.0,0.0,31.0,0.2666666666666667,17.2,1.0
2022,3110,3276,0,Tournament,-0.04377880184331795,-13.074884792626733,-5.8963133640553025,-7.178571428571431,-0.021566799267153602,0.00811907629535738,-0.11928091907148519,-0.06051197663373481,-0.35482587567889823,11.0,0.0,11.0,0.13333333333333341,-1.7999999999999998,1.0
2022,3255,3301,0,Tournament,-0.25,-4.84375,10.1875,-15.03125,-0.04437330992136446,0.038855898294085006,0.0393632702291809,0.05641391294171419,-149.07712713100136,15.0,0.0,24.0,0.0,2.2666666666666675,0.0
2022,3314,3372,1,Tournament,-0.0735632183908046,1.1885057471264417,-0.6229885057471236,1.8114942528735654,-0.04136035046770392,-0.016408088015146094,0.04368388122404737,-0.048504835350579784,0.117788865537932,-7.0,0.0,-17.0,-0.2666666666666666,-8.199999999999998,-1.0
2022,3269,3323,0,Tournament,0.07916666666666672,-1.5020833333333314,-1.8854166666666572,0.38333333333333286,-0.022891575065844494,-0.01766774435236579,0.0497511237047048,0.02166873330458341,26.969448253323435,7.0,0.0,4.0,0.13333333333333341,5.3999999999999995,1.0
2022,3283,3326,0,Tournament,-0.02643678160919538,-14.505747126436773,-11.297701149425286,-3.2080459770114853,-0.12031993262721569,0.0010839506591217019,0.10940417832613142,0.03230279434192282,-36.28911689495294,5.0,0.0,8.0,-0.06666666666666676,2.1999999999999993,0.0
2022,3237,3328,0,Tournament,0.1071428571428571,-12.88392857142857,-20.35267857142857,7.46875,-0.007910866234059732,-0.014725349401254112,0.025913812390328694,-0.05474922983019148,33.45605721631159,9.0,0.0,19.0,0.33333333333333326,18.266666666666666,1.0
2022,3246,3343,0,Tournament,-0.21851851851851856,4.055555555555557,14.903703703703705,-10.848148148148148,0.034856313128526384,0.0025450377321160067,-0.08091899849553291,0.03370389493366299,8.796237749551892,-5.0,0.0,-16.0,-0.2666666666666667,-18.599999999999998,1.0
2022,3138,3397,0,Tournament,0.01564027370478982,6.125122189638319,6.018572825024442,0.10654936461387621,0.022962758161372998,-0.03499204221705829,-0.032417546746648984,-0.008238921237884417,36.652361235097715,9.0,0.0,10.0,0.3999999999999999,11.600000000000001,1.0
2022,3196,3416,0,Tournament,-0.21543778801843327,7.8375576036866335,17.148617511520726,-9.3110599078341,0.01596364016598134,-0.012899891378024692,-0.036989603570442287,0.024046574896003203,-93.21444005405533,3.0,0.0,-5.0,-0.2666666666666666,-13.066666666666668,-1.0
2022,3140,3437,0,Tournament,0.1546162402669633,12.246941045606235,-2.66184649610679,14.908787541713025,0.03502162283733323,-0.01013809914836758,0.06915013666710221,-0.006552247972124281,23.589787528810575,-5.0,0.0,1.0,0.0,10.533333333333331,0.0
2022,3166,3234,1,Tournament,-0.07701149425287357,-9.672413793103445,-7.385057471264361,-2.287356321839084,-0.018320962363891358,-0.015923740223648314,0.04766203805078098,-0.1020483735523505,-111.26521259397646,8.0,0.0,3.0,-0.13333333333333341,3.0,-1.0
2022,3208,3235,0,Tournament,-0.12284482758620685,-7.737068965517238,-4.75,-2.9870689655172384,-0.03792659985351948,0.008291285003059007,0.09358265973626648,-0.06604332602824559,-63.068787481542586,3.0,0.0,-1.0,-0.1333333333333333,-3.933333333333333,0.0
2022,3211,3257,0,Tournament,-0.049568965517241326,-2.859913793103445,0.7155172413793096,-3.5754310344827545,-0.015794460878926497,0.00023555108657449808,0.0647808111124118,0.023383011528090913,-9.974166908641337,8.0,0.0,6.0,0.06666666666666665,2.7333333333333343,1.0
2022,3195,3268,0,Tournament,0.20443349753694584,-1.4618226600985196,-7.894088669950747,6.432266009852228,0.014846581844824847,-0.0186782578279589,-0.12130338133023813,-0.0664553888058882,44.98026610249167,8.0,0.0,14.0,0.19999999999999996,9.866666666666667,1.0
2022,3274,3376,0,Tournament,-0.310483870967742,-10.071572580645167,6.760080645161288,-16.831653225806456,0.0012494683328729828,0.0568113541457414,-0.15657292907295367,0.0009615575735678894,-94.04261843407403,7.0,0.0,2.0,-0.2666666666666666,-19.399999999999995,0.0
2022,3124,3377,0,Tournament,-0.02052785923753664,7.838709677419359,6.807429130009766,1.0312805474095867,0.04710142223368868,0.0257546279328692,0.04011890416810732,0.0694467722889972,23.44152389835972,-8.0,0.0,-13.0,-0.06666666666666654,-2.133333333333333,-1.0
2022,3242,3390,0,Tournament,-0.21357063403781962,-1.9121245828698648,7.715239154616249,-9.627363737486114,-0.007280732815502511,0.02005613199236661,-0.09412785344304,0.08354691718277488,-141.86367539396701,7.0,0.0,-2.0,-0.4,-17.4,-1.0
2022,3400,3428,1,Tournament,0.16733870967741937,-3.407258064516128,-11.214717741935488,7.807459677419359,-0.0568094747484752,-0.0008021810047236788,0.013762489345181095,-0.02389186099743079,102.68455035728357,-5.0,0.0,-2.0,0.13333333333333341,9.399999999999999,1.0
2022,3163,3416,1,Tournament,-0.059523809523809534,14.088095238095235,6.702380952380935,7.385714285714286,0.08256583125052136,-0.024134465507167496,-0.03749384583471049,-0.023450090253548717,-1.9657335468998554,-5.0,0.0,2.0,0.0,11.066666666666666,0.0
2022,3231,3343,1,Tournament,-0.11851851851851858,3.3555555555555543,11.270370370370372,-7.914814814814816,0.03628970488407807,-0.016965100127181304,-0.1375757110096706,0.0695200766252459,-38.48763162607156,-8.0,0.0,-12.0,-0.4,-21.2,0.0
2022,3276,3437,1,Tournament,0.04377880184331795,7.526497695852541,1.025345622119815,6.501152073732726,0.016308598851203504,0.022459533456892722,0.10624469251482019,0.09426490598293491,-23.99233235241104,-8.0,0.0,-3.0,-0.20000000000000007,-2.466666666666667,0.0
2022,3243,3301,0,Tournament,-0.2933467741935484,-9.471774193548384,3.3558467741935516,-12.827620967741936,-0.052933947925295155,0.01180163051752492,-0.022343443156432774,0.0635289658688738,-200.19377068697167,8.0,0.0,-1.0,-0.5333333333333332,-19.333333333333336,-1.0
2022,3112,3314,0,Tournament,-0.0523627075351214,-5.803320561941263,1.5044699872286103,-7.307790549169871,0.04910906393267339,0.00421707615302,-0.048607593136880956,0.0205611621649876,-53.529479677827794,-1.0,0.0,1.0,-0.06666666666666665,-5.533333333333335,0.0
2022,3323,3328,1,Tournament,-0.01666666666666672,-10.279166666666669,-13.364583333333343,3.085416666666667,-0.01910825719492565,-0.01962609774984661,0.02694979083558957,-0.0661246057294734,12.72029475917111,1.0,0.0,1.0,0.06666666666666665,4.866666666666666,0.0
2022,3261,3326,0,Tournament,0.04022988505747127,-5.439080459770111,-5.397701149425288,-0.04137931034482101,-0.04320512191394871,0.002279946777778097,0.0866392182432364,0.008260090910483103,50.694443026518,-3.0,0.0,-4.0,-0.06666666666666676,-1.4000000000000004,0.0
2022,3125,3397,0,Tournament,0.016685205784204626,-0.4527252502780925,-4.676307007786434,4.223581757508342,0.057861280601946896,-0.014075586341273899,-0.0734699451951587,-0.05817271560773221,8.505649221596286,8.0,0.0,24.0,0.33333333333333337,18.466666666666665,1.0
2022,3166,3235,1,Tournament,-0.12284482758620685,-2.047413793103445,-0.30172413793103203,-1.7456896551724128,0.037058828597136884,-0.018317509837296297,0.05588251489210708,-0.1079808110947465,-79.62997397884942,7.0,0.0,6.0,0.0,8.6,0.0
2022,3314,3376,0,Tournament,-0.1423804226918799,2.364849833147943,3.6329254727474947,-1.2680756395995516,-0.020194602828867203,0.010068719838163598,-0.134674802864169,0.009959739090856512,-87.23742512553304,4.0,0.0,2.0,-0.2666666666666666,-12.066666666666661,0.0
2022,3268,3390,0,Tournament,-0.17908787541713,4.294771968854278,10.094549499443836,-5.799777530589559,-0.024820777914320413,-0.026903760835260693,0.004104028657214209,0.0301545073093904,-112.7622511222753,3.0,0.0,1.0,-0.2666666666666667,-11.2,-1.0
2022,3326,3400,0,Tournament,-0.0193965517241379,6.547413793103445,9.27478448275862,-2.7273706896551744,0.0630901782113939,-0.020872499657392712,-0.09346551019459931,-0.0543565919936439,-82.42010257761581,4.0,0.0,3.0,0.0,-3.333333333333332,-1.0
2022,3163,3231,1,Tournament,0.10000000000000009,2.9666666666666686,-7.733333333333341,10.700000000000001,0.043129302286462945,0.03195720269681551,0.04156482470061029,-0.07300250902605881,72.25934068133779,-1.0,0.0,3.0,0.33333333333333326,23.8,1.0
2022,3257,3397,1,Tournament,0.12013348164627358,2.236929922135701,-5.159065628476085,7.3959955506117865,0.03374782563660961,-0.004228226501328591,-0.04205619218833201,-0.013472769811395918,67.53728748334083,-3.0,0.0,2.0,0.2666666666666667,10.399999999999999,0.0
2022,3276,3377,1,Tournament,-0.05299539170506917,3.9458525345622206,8.251152073732719,-4.305299539170498,0.019998027340814573,0.049519581402495405,0.09515618688102628,0.09743365914440141,-51.87456242893131,-7.0,0.0,-10.0,-0.2666666666666666,-11.666666666666666,-1.0
2022,3301,3323,1,Tournament,0.17291666666666672,3.3416666666666686,-5.635416666666657,8.977083333333333,0.024308664954468984,-0.021949062423718607,-0.030255988364032593,-0.012271105398265092,114.28468417499857,-4.0,0.0,0.0,0.2666666666666666,10.533333333333335,1.0
2022,3166,3376,0,Tournament,-0.24582869855394884,3.537263626251388,11.770856507230256,-8.233592880978868,0.08261535517018737,0.015461889093130593,-0.1610977992001918,-0.04117830927873581,-151.99162194567407,9.0,0.0,7.0,-0.2666666666666666,-7.6666666666666625,0.0
2022,3390,3400,1,Tournament,0.09072580645161277,1.1491935483871032,0.21471774193548043,0.9344758064516228,0.03490907169193508,0.00500179932052508,-0.001980632430596485,-0.045950521840279784,28.349776521328522,-1.0,0.0,2.0,0.19999999999999996,9.200000000000001,0.0
2022,3163,3301,1,Tournament,-0.07291666666666663,-1.6083333333333343,-2.864583333333343,1.2562500000000014,0.008323050437616275,0.02587268035785731,0.025573851746412024,-0.01041402029477051,-49.2122746586856,1.0,0.0,5.0,0.0,12.533333333333333,0.0
2022,3257,3276,1,Tournament,0.07635467980295563,-0.9347290640394164,-6.89408866995074,5.959359605911324,-0.004394179571867773,-0.011524347659836509,-0.020998104985088306,-0.06920326195756271,57.4119615769489,-2.0,0.0,-2.0,0.13333333333333341,3.666666666666666,0.0
2022,3163,3390,1,Tournament,-0.0698924731182794,0.9924731182795625,-2.7043010752688232,3.6967741935483787,0.03461564847014764,0.0023217808959712094,-0.051977869329278115,-0.040958503035896016,-45.36604532299225,1.0,0.0,4.0,-0.06666666666666676,8.933333333333334,0.0
2022,3257,3376,0,Tournament,-0.07341490545050067,0.8820912124582776,3.3570634037819786,-2.474972191323701,0.022170215026346307,0.038786646996591206,-0.11784726065423279,0.01702141921241379,-50.288493467455055,0.0,0.0,2.0,-0.1333333333333332,-9.199999999999996,0.0
2022,3163,3376,0,Tournament,-0.10215053763440862,3.4763440860214985,2.4892473118279455,0.9870967741935459,0.06988050235855603,0.0399745345484451,-0.16567904950189577,-0.03266316037066891,-31.362636771319785,1.0,0.0,7.0,0.0,6.5333333333333385,1.0
2023,3228,3280,0,Tournament,0.043010752688172116,4.402150537634412,5.964516129032255,-1.5623655913978425,0.018461754678804343,-0.03533313754384651,0.027662060416892897,-0.031783838968070605,16.709560854695383,0.0,0.0,2.0,0.0,1.2666666666666666,0.0
2023,3357,3380,1,Tournament,0.033333333333333326,5.9666666666666615,-2.299999999999997,8.266666666666659,0.008160720521091791,0.010418648586906498,0.03745815755479115,0.014502471136845108,-8.02648720164143,0.0,0.0,-1.0,0.0,-0.8666666666666671,0.0
2023,3345,3385,0,Tournament,-0.07816091954022986,5.222988505747125,5.805747126436778,-0.5827586206896527,0.03027028420640221,0.008637357625484593,-0.0591411069492872,0.001034009663171409,-14.060712237851021,0.0,0.0,-1.0,0.0,2.6,0.0
2023,3284,3399,0,Tournament,-0.15840517241379315,-4.895474137931032,-0.20043103448276156,-4.695043103448271,0.019750882166932715,0.04538866371124872,0.012283182966306982,-0.03729329654169858,-25.86908129698395,0.0,0.0,-7.0,-0.06666666666666665,-4.6,0.0
2023,3112,3452,1,Tournament,0.06666666666666665,8.266666666666666,3.799999999999997,4.46666666666667,0.021584782006349335,-0.026843237299858602,0.03189210871925849,0.008975402924077197,-1.9175796776896732,-3.0,0.0,-3.0,0.0,2.866666666666667,0.0
2023,3199,3208,0,Tournament,0.0625,12.96875,8.5625,4.40625,0.005676694470810706,-0.0475997880778026,-0.07599321230266742,-0.0028487122388363983,-22.58626909619693,-3.0,0.0,-1.0,-0.06666666666666665,-2.4666666666666672,0.0
2023,3234,3368,1,Tournament,0.1339285714285714,26.174107142857153,15.129464285714278,11.044642857142861,0.1304017849643963,0.0014480608676842033,-0.005519781830978399,0.07127555982624398,158.0971253731966,-13.0,0.0,-23.0,0.0,5.0,0.0
2023,3218,3261,0,Tournament,-0.37083333333333324,-23.506249999999994,1.8604166666666728,-25.36666666666666,-0.021225819017519243,0.03713629924435799,-0.11409012155079307,0.01270779064040739,-133.5551441720238,11.0,0.0,20.0,-0.13333333333333341,-6.6,1.0
2023,3221,3268,0,Tournament,-0.06451612903225801,-17.32258064516129,-13.967741935483872,-3.3548387096774164,-0.005261691328725893,0.03922707172258649,-0.006941361764261411,-0.04511779785375969,-112.70488344104683,13.0,0.0,22.0,-0.13333333333333341,-4.333333333333334,1.0
2023,3276,3424,1,Tournament,-0.22782258064516125,-2.5433467741935516,1.4203629032258078,-3.9637096774193594,0.04300727398446702,0.03494589123638478,0.008871557573317479,0.0765965504940263,-103.5861796732072,-5.0,0.0,-12.0,-0.4,-11.266666666666666,-1.0
2023,3211,3279,0,Tournament,0.13306451612903225,3.116935483870961,2.788306451612904,0.3286290322580552,0.06280104922103913,0.02048179073576989,0.018032302161663294,0.027218614116881118,19.89955375665454,1.0,0.0,8.0,0.2666666666666667,7.200000000000001,0.0
2023,3166,3280,0,Tournament,0.06666666666666665,-0.3999999999999915,2.1000000000000014,-2.4999999999999947,0.018933466814570254,-0.0497516849693784,-0.038096598685619265,-0.033504415884993616,74.08000810248313,-5.0,0.0,3.0,0.2666666666666667,13.066666666666666,0.0
2023,3323,3381,1,Tournament,0.13333333333333341,7.099999999999994,-8.066666666666663,15.166666666666657,-0.002144632164470195,-0.013004657716228302,0.04507868697824491,-0.0016695925787449106,55.60131274154787,-11.0,0.0,-18.0,-0.06666666666666665,2.133333333333333,-1.0
2023,3301,3343,0,Tournament,-0.17626728110599077,5.493087557603687,10.051843317972342,-4.558755760368662,0.02862051734632337,-0.015538819703203893,-0.04229369830610502,0.014579284633182699,-63.37362981527326,-3.0,0.0,-7.0,-0.5333333333333333,-22.599999999999998,-1.0
2023,3355,3425,1,Tournament,0.14848484848484855,14.927272727272722,5.5,9.427272727272719,0.059339006392314264,-0.0030596786239640017,-0.04671287918856881,0.0120468098393125,61.944223002369654,1.0,0.0,21.0,0.33333333333333337,26.13333333333333,1.0
2023,3313,3376,0,Tournament,-0.19354838709677424,-21.14717741935484,-0.061491935483871885,-21.085685483870968,-0.1219619702470805,0.0730483922135137,-0.1453691708799556,-0.03496831997051811,-201.78700418128733,15.0,0.0,26.0,-0.19999999999999996,-10.066666666666665,0.0
2023,3266,3378,0,Tournament,-0.13508064516129037,-6.03125,-1.3770161290322562,-4.654233870967744,-0.05227272409368483,-0.017996052410575003,-0.061058131977603236,-0.07932482767446958,-18.459414818515597,1.0,0.0,-1.0,-0.13333333333333341,-7.0666666666666655,0.0
2023,3357,3390,0,Tournament,-0.28181818181818186,-14.154545454545456,0.5272727272727238,-14.68181818181818,-0.07881650231236537,0.010325788306671607,-0.0503373425684811,-0.017778027210078096,-150.5724333703456,15.0,0.0,30.0,0.0,-1.3333333333333321,1.0
2023,3205,3428,0,Tournament,0.01671891327063746,-6.513061650992682,-0.14315569487983737,-6.369905956112843,-0.05267548689128948,0.013222086305192504,0.05292752211923352,-0.04572372791687668,-36.572202329013635,13.0,0.0,29.0,0.2666666666666667,13.999999999999998,1.0
2023,3151,3439,0,Tournament,-0.2709677419354839,-13.149462365591397,-1.5645161290322562,-11.58494623655914,-0.010368851533022805,0.022715608207970805,-0.0806639872564377,5.589255315407993e-05,-172.95305924477702,15.0,0.0,17.0,-0.19999999999999996,-5.2,0.0
2023,3104,3124,0,Tournament,0.053763440860215006,-2.13333333333334,-2.9752688172043023,0.8419354838709623,0.026789748035251304,0.00927235764452311,-0.014737665621590568,0.010026111595470205,-12.518995287122152,3.0,0.0,-1.0,0.06666666666666665,2.466666666666667,0.0
2023,3160,3292,1,Tournament,-0.13306451612903225,-5.068548387096769,1.9566532258064484,-7.025201612903215,-0.01830632365518703,0.028650106670585318,0.015188090182949698,-0.0639374892732382,-35.75979961890289,-5.0,0.0,-9.0,-0.20000000000000007,-11.533333333333335,-1.0
2023,3163,3436,1,Tournament,0.05294117647058816,14.36862745098039,5.5843137254901976,8.784313725490193,0.04499566578269382,0.004207093090603797,0.06153553460479522,0.05211459480857289,83.77964055749226,-13.0,0.0,-20.0,-0.19999999999999996,-0.9333333333333336,0.0
2023,3181,3233,1,Tournament,-0.006048387096774244,-0.30846774193548043,-3.663306451612904,3.3548387096774235,-0.11527530374094946,-0.04813535078774481,0.08311844961238013,0.06459707720337829,41.086469170128794,-11.0,0.0,-22.0,-0.2666666666666666,-5.733333333333333,-1.0
2023,3195,3450,1,Tournament,0.21212121212121215,10.151515151515142,-3.848484848484844,13.999999999999986,0.03753512800971559,-0.0436788996170169,-0.08340995259953149,-0.0015524892368647125,9.246802225365855,7.0,0.0,20.0,0.2666666666666666,24.66666666666666,0.0
2023,3231,3399,1,Tournament,0.21034482758620687,12.914942528735637,-0.8379310344827644,13.752873563218401,0.08860427951290528,-0.0010937473050305901,-0.056627776785197204,0.03130115422507712,124.67556416938419,-15.0,0.0,-20.0,0.13333333333333341,6.600000000000001,-1.0
2023,3179,3257,0,Tournament,0.03320683111954459,6.332068311195442,2.248576850094878,4.083491461100564,0.03941559818946849,0.03434266779241141,-0.03445538445576557,0.05172848059986879,-14.036417877026906,7.0,0.0,11.0,0.06666666666666665,6.799999999999999,1.0
2023,3274,3329,1,Tournament,-0.043346774193548376,-5.008064516129039,-4.567540322580648,-0.44052419354839145,-0.03794107050662188,0.026249081408177805,0.0986837719389006,0.020095607368549484,-5.639052355161539,1.0,0.0,-2.0,0.06666666666666665,-1.4,0.0
2023,3314,3385,1,Tournament,-0.05591397849462365,3.7268817204301,0.1172043010752688,3.6096774193548313,-0.023043013674877433,-0.012677608249328814,-0.008776810251444223,-0.0176711069650686,20.345033546558398,-5.0,0.0,-4.0,0.1333333333333333,7.733333333333334,0.0
2023,3241,3326,0,Tournament,0.0,-11.40625,-7.375,-4.03125,-0.05518902362015232,0.010015384646929693,0.0696145960378951,0.042528469160518,-35.439806396667564,11.0,0.0,10.0,0.1333333333333333,4.733333333333333,1.0
2023,3328,3339,1,Tournament,0.082313681868743,16.345939933259174,12.440489432703004,3.905450500556171,-0.011610940404608194,-0.03190869824801909,0.039162107803676405,-0.005277986881330909,19.956695512286387,-7.0,0.0,-7.0,-0.06666666666666676,-2.2666666666666657,-1.0
2023,3387,3397,0,Tournament,-0.17647058823529416,-6.823529411764696,2.911764705882348,-9.735294117647044,-0.029325163752375927,0.017478799425306807,-0.0306065984581817,-0.03442250720331999,-44.539131704786996,9.0,0.0,9.0,0.13333333333333341,1.2666666666666666,1.0
2023,3187,3400,0,Tournament,-0.016544117647058876,-9.97977941176471,-1.5,-8.47977941176471,-0.08091672360028529,0.010505538942726517,-0.04933024842969408,0.02449192780175191,-24.835101910366348,9.0,0.0,3.0,-0.06666666666666676,-6.6000000000000005,1.0
2023,3235,3405,0,Tournament,-0.16532258064516125,1.922379032258064,1.6915322580645125,0.2308467741935516,0.0161562458035841,-0.009816015646578802,0.020760418299847594,-0.05419886388335199,-51.459782048996885,-7.0,0.0,-4.0,-0.33333333333333337,-3.333333333333332,0.0
2023,3170,3417,0,Tournament,0.045955882352941124,-0.985294117647058,-2.255514705882362,1.270220588235297,0.10255240914762598,0.059517762926751816,-0.014441665104666102,-0.006645994813133299,-21.128542089337998,9.0,0.0,15.0,0.1333333333333333,6.199999999999999,1.0
2023,3156,3437,0,Tournament,0.05882352941176472,3.82352941176471,-0.9705882352941302,4.794117647058831,-0.014508383013301096,0.05417659697275749,0.04313804320896042,0.10056118391102487,-25.440106840181897,9.0,0.0,8.0,0.06666666666666665,3.0,1.0
2023,3208,3234,0,Tournament,-0.15625,-20.40625,-12.9375,-7.46875,-0.09820719452308069,0.02494741372297879,0.10403299235736763,-0.0194808185281041,-110.56039010238828,8.0,0.0,-2.0,-0.2666666666666667,-9.399999999999999,-1.0
2023,3261,3276,1,Tournament,0.2236559139784945,9.487096774193546,-5.718279569892481,15.20537634408602,-0.0262844354625823,-0.03783868831662518,0.0838207254294881,-0.0502051443234835,116.26544993234984,-3.0,0.0,-2.0,0.2666666666666667,5.533333333333333,0.0
2023,3112,3268,0,Tournament,-0.1064516129032258,-4.63333333333334,-4.1032258064516185,-0.5301075268817197,-0.00761526173585475,-0.02309291220252202,0.014068165427605805,-0.042250439090191494,-100.83227719797242,5.0,0.0,-4.0,-0.2666666666666667,-11.0,0.0
2023,3279,3390,1,Tournament,-0.10654936461388076,-7.196480938416414,-1.831867057673513,-5.364613880742899,-0.05951172782290787,-0.009842082568819188,-0.02500447945065798,-0.016797694362070598,-48.7792175327686,7.0,0.0,2.0,-0.1333333333333333,-5.066666666666666,0.0
2023,3280,3323,0,Tournament,-0.16666666666666674,-3.2666666666666657,0.30000000000000426,-3.56666666666667,0.02467185412003159,-0.0008769174096154853,-0.02528272292643602,-0.02029818836764019,-101.38737503698826,8.0,0.0,1.0,-0.2666666666666667,-9.399999999999999,0.0
2023,3376,3378,1,Tournament,0.1875,10.40625,-8.21875,18.625,0.025335206303421898,-0.04345071830086111,0.12813915379807556,0.009374731259747415,135.8298069026589,-7.0,0.0,-4.0,0.1333333333333333,10.266666666666666,1.0
2023,3343,3428,0,Tournament,-0.04064039408866993,-17.911330049261082,-13.466748768472897,-4.444581280788178,-0.07277502255238866,-0.003780878578786201,0.03614038543015252,-0.09602193241808948,-4.635023271265254,8.0,0.0,8.0,0.2666666666666667,16.133333333333333,1.0
2023,3355,3439,0,Tournament,-0.022482893450635366,6.877810361681327,3.2688172043010795,3.608993157380244,0.007174760110135958,0.006816368395857697,-0.013283704378507788,0.023566323724126093,-74.85824082527802,8.0,0.0,20.0,0.06666666666666676,19.266666666666662,0.0
2023,3160,3181,1,Tournament,-0.06451612903225801,5.677419354838712,7.838709677419352,-2.161290322580639,0.03801448868168189,-0.015602558385262782,0.022212108630467076,0.03973497086443731,-29.580060417440563,3.0,0.0,-1.0,0.0,-1.9333333333333336,0.0
2023,3124,3163,0,Tournament,-0.24003795066413658,-3.735294117647058,4.124288425047439,-7.859582542694497,-0.03949545699716411,-0.014836812090586793,-0.023998503989793418,-0.0464862063299801,-140.60847031535764,5.0,0.0,-2.0,-0.33333333333333337,-11.6,-1.0
2023,3257,3400,1,Tournament,-0.05882352941176472,-0.558823529411768,5.735294117647058,-6.294117647058826,0.014736606720764878,0.0053506753886296,-0.0732557358285324,0.009866024607067508,-10.342571055403823,1.0,0.0,-2.0,-0.13333333333333341,-4.533333333333333,0.0
2023,3231,3274,0,Tournament,0.2870967741935484,10.724731182795708,-1.5387096774193552,12.263440860215063,0.08118926126416048,-0.017466103552787604,-0.0934602837864234,0.048619784911229424,110.11810195354019,-8.0,0.0,3.0,0.2666666666666667,13.866666666666667,0.0
2023,3314,3326,0,Tournament,-0.10383064516129037,-11.556451612903231,-8.766129032258064,-2.7903225806451672,-0.045948555836972105,0.008807843251931485,0.033871526216896375,-0.0015237094519310046,-35.30828276038574,3.0,0.0,-3.0,0.1333333333333333,5.4,0.0
2023,3397,3405,1,Tournament,-0.19852941176470584,2.847426470588232,4.327205882352942,-1.47977941176471,0.0008709869341798071,0.0014700483258242025,0.13720590106769037,-0.04204881189755899,-43.154240398615684,-8.0,0.0,-5.0,-0.33333333333333337,-6.3999999999999995,-1.0
2023,3328,3417,0,Tournament,0.07115749525616688,14.248576850094878,13.701138519924086,0.5474383301707846,0.044694225256584896,0.043504639980258414,-0.019526875045194902,0.023139767690865204,15.949155470767664,1.0,0.0,3.0,0.1333333333333333,1.4000000000000004,0.0
2023,3195,3437,0,Tournament,0.08556149732620333,6.6265597147950075,-1.3511586452762998,7.977718360071298,0.06704724913500831,0.025137864830606385,-0.06366319302522827,-0.0024352903068311227,-7.831800399668964,8.0,0.0,15.0,0.1333333333333332,13.199999999999996,1.0
2023,3160,3234,0,Tournament,-0.07056451612903225,-18.72479838709677,-12.730846774193552,-5.993951612903215,-0.10872196266435091,0.009731050015492099,0.0779016691178156,-0.03639269130937639,-91.96392654196711,4.0,0.0,-4.0,-0.20000000000000007,-12.866666666666667,-1.0
2023,3257,3279,1,Tournament,-0.06546489563567359,3.506641366223903,6.461100569259962,-2.954459203036061,0.040424324513334664,0.013234904878486997,-0.006709197724497518,0.007569691034585713,11.37097564275291,-3.0,0.0,-1.0,0.06666666666666665,2.733333333333334,0.0
2023,3261,3428,1,Tournament,0.07126436781609191,0.6172413793103431,-8.197701149425292,8.814942528735628,-0.033042109475644565,-0.01941252570538099,0.0984406705245427,-0.06172072509654086,36.067590225017284,1.0,0.0,2.0,0.13333333333333341,6.199999999999999,0.0
2023,3274,3437,1,Tournament,-0.21062618595825422,0.06546489563567093,5.42694497153699,-5.361480075901328,0.022232246674120992,0.0629163923429142,0.07024936004119403,0.031022482273844576,-89.34203932158812,5.0,0.0,-4.0,-0.20000000000000007,-12.2,0.0
2023,3268,3323,1,Tournament,-0.026881720430107614,4.200000000000003,10.103225806451618,-5.903225806451616,0.009965812684205988,-0.031050244069079774,-0.06307829880791871,0.018922043082795298,16.686127042838734,-1.0,0.0,3.0,0.0,3.066666666666668,0.0
2023,3163,3326,0,Tournament,0.0716911764705882,-5.014705882352942,-9.632352941176471,4.617647058823529,0.020091503662439114,0.036668810636245885,0.0625911269000583,0.03425047468789749,58.63106005825671,-1.0,0.0,1.0,0.2666666666666667,10.933333333333334,1.0
2023,3376,3417,1,Tournament,0.2647058823529411,11.202205882352942,-10.818014705882362,22.020220588235297,0.07263215801199041,0.002554180113257809,0.12399519435220008,0.04477793643331521,142.9661995093386,-3.0,0.0,2.0,0.4,18.93333333333333,1.0
2023,3397,3439,0,Tournament,-0.19449715370018972,3.925047438330168,9.700189753320686,-5.775142314990518,-0.00488644758490131,0.005624585723315506,0.0925176352292838,0.01804929453254389,-70.22851854508622,3.0,0.0,1.0,-0.2666666666666666,-5.866666666666666,-1.0
2023,3234,3257,1,Tournament,0.13602941176470584,14.766544117647058,8.108455882352942,6.658088235294116,0.07735943792834232,-0.00784725617883239,-0.08793613044383558,0.05028534752471228,79.03544320635001,-3.0,0.0,3.0,0.20000000000000007,9.2,1.0
2023,3261,3274,1,Tournament,0.3204301075268816,13.358064516129033,-6.105376344086025,19.46344086021505,0.004775035968867636,-0.030434073993048094,0.03909684318077028,-0.0013065258736785768,114.39103828761313,-6.0,0.0,1.0,0.2666666666666667,10.666666666666666,0.0
2023,3268,3376,0,Tournament,-0.19354838709677424,-2.4375,17.809475806451616,-20.246975806451616,-0.040593731291777124,0.01673561042953081,-0.21795226376330978,-0.008826297707882513,-85.05776531570632,1.0,0.0,2.0,-0.19999999999999996,-11.666666666666664,-1.0
2023,3326,3439,0,Tournament,-0.08971774193548387,8.233870967741936,11.185483870967744,-2.951612903225808,0.017246550725837972,-0.011630560360045783,-0.031116603777123386,-0.039557577421882706,-79.1896788614606,2.0,0.0,3.0,-0.3999999999999999,-11.333333333333332,-1.0
2023,3234,3376,1,Tournament,-0.1875,6.09375,20.25,-14.15625,0.0502721753090869,0.027403380440356506,-0.24430965655718168,0.007837448490736781,-54.85331536341141,1.0,0.0,2.0,-0.1333333333333333,-7.866666666666665,0.0
2023,3261,3439,1,Tournament,0.06236559139784936,11.58387096774193,0.6688172043010709,10.915053763440852,-0.001310080238700606,-0.013964510800698687,0.0915200909999968,-0.017082028807080096,-26.416659718451,2.0,0.0,1.0,-0.06666666666666654,0.5333333333333332,-1.0
2023,3234,3261,0,Tournament,-0.12083333333333324,3.4312500000000057,13.610416666666673,-10.17916666666666,0.08194224596492028,0.016228036064348,-0.1400932983348377,0.04093231733270278,17.357577922089376,-1.0,0.0,2.0,0.0,4.0,1.0
2024,3342,3357,1,Tournament,-0.16129032258064524,-9.806451612903231,2.1612903225806477,-11.967741935483879,0.020079394286859176,0.061240213756694806,-0.041525508468603145,-0.04846953356478939,-61.27892275230374,0.0,0.0,-3.0,-0.4,-20.666666666666668,0.0
2024,3162,3435,0,Tournament,0.08342602892102335,7.451612903225808,1.6607341490545053,5.7908787541713025,0.054217891920063155,0.015861054868120006,0.03331121092563488,-0.021657204562396698,67.62391405131552,0.0,0.0,5.0,0.4,16.6,0.0
2024,3112,3120,1,Tournament,-0.11391129032258063,3.3245967741935516,7.266129032258064,-3.9415322580645125,0.05042123943498472,-0.006819223105465788,-0.010398799814893389,-0.0019272576886175952,-27.231544934235217,0.0,0.0,-1.0,-0.1333333333333333,-5.6000000000000005,0.0
2024,3221,3404,1,Tournament,0.12903225806451613,-1.6129032258064484,-6.9032258064516085,5.29032258064516,-0.06044068664648683,-0.053332483816555504,0.0536328046788313,-0.07763924024943991,31.310699607004835,0.0,0.0,-3.0,-0.1333333333333333,-4.8,1.0
2024,3104,3199,1,Tournament,0.021780303030302983,-5.197916666666671,-9.401515151515156,4.203598484848484,0.01583793592219801,0.05152209717526479,0.07985503808699823,0.018979095032102378,15.035826883287882,-1.0,0.0,-2.0,0.0,-0.9333333333333333,0.0
2024,3124,3435,1,Tournament,0.06451612903225801,6.258064516129039,-1.9677419354838719,8.225806451612913,0.023925840274325927,0.014758412564550183,-0.0184729141535232,-0.018636463145670912,61.16071305152764,-7.0,0.0,1.0,0.19999999999999996,7.800000000000001,0.0
2024,3160,3179,1,Tournament,-0.14326375711574946,-6.016129032258064,-5.851992409867172,-0.16413662239089177,-0.04170180249352662,-0.0331166065723604,-0.01696119040076427,-0.04213926433306059,-94.41499883342885,-7.0,0.0,-14.0,-0.46666666666666656,-6.933333333333332,-1.0
2024,3181,3350,1,Tournament,-0.20777988614800758,-4.860531309297912,-2.934535104364329,-1.9259962049335844,-0.03823408825668356,0.0252940494883572,0.13203436913713704,-0.03851985253934631,-63.61252941111184,-3.0,0.0,-5.0,-0.2666666666666667,-3.7333333333333325,-1.0
2024,3235,3268,1,Tournament,0.05141129032258063,-3.0433467741935516,-4.65625,1.6129032258064484,0.04267763418122861,0.02482586332187159,-0.022360718080121522,-0.052930382189709,45.80522171614871,-3.0,0.0,-2.0,0.0,0.5999999999999999,0.0
2024,3243,3339,1,Tournament,0.16834677419354838,5.220766129032256,-5.502016129032256,10.722782258064512,0.03324181072784976,-0.04136588495113941,-0.02390931226644266,-0.03242962498719951,40.33799728700319,-9.0,0.0,-8.0,-0.06666666666666665,-3.5333333333333337,-1.0
2024,3261,3349,1,Tournament,0.2727272727272727,19.30303030303031,-0.2727272727272734,19.57575757575759,0.03482187487772359,-0.0031914625952650932,0.11799142880003327,0.0480810590218958,130.73075181218996,-11.0,0.0,-6.0,0.2666666666666667,14.066666666666666,-1.0
2024,3257,3292,0,Tournament,-0.1515151515151515,1.6969696969697026,8.81818181818182,-7.121212121212119,0.014458352116791695,0.03207244611031171,0.07262434646785132,0.030984086430082908,-61.92153562895555,-5.0,0.0,-16.0,-0.4666666666666667,-20.26666666666667,-1.0
2024,3304,3401,1,Tournament,0.053763440860215006,4.686217008797655,5.779081133919846,-1.0928641251221816,0.04131479254783105,-0.0018467162780071988,-0.016123209934795824,0.04349321518982918,56.72717058154626,-5.0,0.0,3.0,0.19999999999999996,6.266666666666667,0.0
2024,3277,3314,0,Tournament,0.12043010752688166,14.796774193548387,5.429032258064517,9.36774193548387,0.07791723325160982,-0.010184024504215405,-0.08437920728892989,-0.00445097033585809,44.43948029617718,1.0,0.0,1.0,0.1333333333333333,7.866666666666667,0.0
2024,3263,3326,0,Tournament,-0.10031347962382442,-15.761755485893417,-8.041797283176578,-7.719958202716832,-0.06459604104991878,-0.02113355423013949,0.0706449512922746,-0.055468299856796216,-51.9221402440528,13.0,0.0,17.0,0.0,1.6000000000000014,1.0
2024,3186,3333,0,Tournament,0.06955645161290325,-3.3014112903225765,-3.2137096774193523,-0.0877016129032242,-0.011334186364252707,0.001332310649724694,0.02333873775709358,-0.0054373638747250985,7.928148264557876,11.0,0.0,20.0,0.20000000000000007,4.933333333333333,1.0
2024,3342,3376,0,Tournament,-0.4516129032258065,-29.610887096774192,3.461693548387096,-33.07258064516129,-0.09815875550784753,0.0688225609138702,-0.128011890794472,-0.040866923463470706,-264.5123515099856,15.0,0.0,27.0,-0.4,-19.666666666666668,0.0
2024,3313,3390,0,Tournament,-0.009775171065493637,-10.970674486803517,-6.6031280547409565,-4.367546432062561,-0.10463029068116914,0.016212227255310296,-0.05432860230370251,-0.026322759051466305,-68.76903282427543,13.0,0.0,30.0,0.1333333333333332,7.599999999999998,1.0
2024,3180,3400,0,Tournament,-0.31985294117647056,-23.705882352941174,-2.40625,-21.29963235294117,-0.06386817045006882,0.011636835501143195,-0.0524856604146367,-0.12389282510987001,-125.60693027168804,15.0,0.0,15.0,-0.20000000000000007,-10.533333333333333,0.0
2024,3267,3439,0,Tournament,0.02580645161290329,9.525806451612894,10.490322580645163,-0.964516129032269,-0.04084217222218478,0.017716523811878604,0.0033992825138364213,0.0715251563360888,21.09599367557098,9.0,0.0,6.0,0.19999999999999996,12.333333333333336,1.0
2024,3163,3238,1,Tournament,0.05538140020898641,11.120167189132701,-1.4096133751306184,12.52978056426332,0.12865702380253918,-0.013917393168838305,-0.106050399557585,-0.06506018757113083,96.80616915452197,-11.0,0.0,-24.0,-0.1333333333333333,5.866666666666667,0.0
2024,3166,3424,1,Tournament,-0.10416666666666663,-5.885416666666671,4.179166666666667,-10.06458333333334,-0.014570557013227015,-0.005300461055086192,-0.03182087962811281,0.022199087437332288,-36.07117925454236,-3.0,0.0,-6.0,-0.1333333333333333,-12.466666666666667,-1.0
2024,3211,3414,1,Tournament,0.16715542521994142,18.018572825024442,4.967741935483872,13.050830889540567,0.11587966630481483,0.008859808405510594,0.05795493832417342,0.03654159230461282,71.3086398407745,-9.0,0.0,-12.0,0.06666666666666654,17.6,-1.0
2024,3193,3231,0,Tournament,0.14015572858731928,-7.418242491657395,-8.647385984427132,1.2291434927697367,0.028618790598502808,0.07428222366133572,0.07500116363952561,-0.026541157756852396,37.066036582643164,9.0,0.0,14.0,0.2666666666666667,9.33333333333333,1.0
2024,3221,3234,0,Tournament,-0.26588465298142716,-30.848484848484844,-15.199413489736067,-15.649071358748778,-0.09556484359256656,0.00237129634457528,0.027106260902156898,-0.056799731760541095,-178.74035492544522,15.0,0.0,20.0,-0.2666666666666667,-16.533333333333335,0.0
2024,3242,3276,1,Tournament,0.006842619745845546,-1.747800586510266,-0.01564027370478982,-1.732160312805476,-0.000861225650929387,-0.0102312212906438,-0.08575631141931658,0.05146515869753582,61.799720400115575,-1.0,0.0,-2.0,0.1333333333333333,3.2666666666666666,0.0
2024,3266,3279,0,Tournament,0.0,1.1290322580645125,0.09677419354838435,1.0322580645161281,0.049243679633041326,0.0006689983054562199,-0.09089644863900442,-0.10435445945828839,-48.23213187472902,3.0,0.0,4.0,-0.1333333333333333,-3.3333333333333335,0.0
2024,3151,3301,0,Tournament,0.048484848484848464,-10.084848484848486,-5.333333333333343,-4.751515151515141,0.047999825784022676,0.02243173269539908,-0.03458167383455629,0.011724351464611205,-27.002209594372516,11.0,0.0,9.0,0.19999999999999996,2.1999999999999975,1.0
2024,3245,3323,0,Tournament,-0.15732758620689657,-8.980603448275858,3.9084051724137936,-12.889008620689651,0.011287853184613283,-0.007597081143236095,0.0120263473234965,-0.00985429281055969,-128.02034853881878,13.0,0.0,10.0,-0.13333333333333341,-5.866666666666666,0.0
2024,3195,3328,0,Tournament,0.16129032258064513,-3.8709677419354875,-13.225806451612911,9.354838709677416,-0.012370648273438478,-0.004613869511558483,-0.02883192964445702,0.0840224288733793,11.304903761848209,7.0,0.0,23.0,0.19999999999999996,17.266666666666666,1.0
2024,3112,3393,0,Tournament,-0.23541666666666672,-4.42916666666666,0.38333333333333997,-4.8125,0.030293580925895403,0.011906433716462023,-0.10426838727762938,0.026691770443705992,-30.708020227654515,5.0,0.0,-3.0,-0.19999999999999996,-2.933333333333333,0.0
2024,3397,3453,1,Tournament,-0.19959677419354838,2.3417338709677438,12.457661290322577,-10.115927419354833,-0.028414289331673726,0.030919999729326186,0.06345018842080341,0.0046254510732313125,-1.081150801977401,-5.0,0.0,-14.0,-0.20000000000000007,-8.8,-1.0
2024,3417,3465,1,Tournament,-0.09677419354838701,-3.3870967741935516,-10.12903225806452,6.741935483870968,0.018168091577337897,0.018938342399217906,0.1435767242564383,0.004485874391695316,16.74756787672368,-13.0,0.0,-23.0,-0.2666666666666666,-1.1333333333333329,-1.0
2024,3394,3425,0,Tournament,-0.13500597371565115,-9.492234169653514,-2.6057347670250905,-6.886499402628422,-0.03247566047762679,0.05573168963740921,0.02574486966443168,0.05502023166807732,-113.90249830929588,15.0,0.0,26.0,-0.06666666666666665,-0.20000000000000107,0.0
2024,3355,3428,0,Tournament,0.16666666666666674,-2.7333333333333343,-2.333333333333343,-0.40000000000000036,-0.02293238441327894,0.0404363031835,0.005472797273686492,0.0627381939280999,49.5100461570712,7.0,0.0,16.0,0.33333333333333337,17.799999999999997,1.0
2024,3343,3452,0,Tournament,0.08787541713014457,-4.9210233592881,-1.8086763070077865,-3.112347052280313,-0.0015963564013876108,-0.02808409466352979,0.08041513355336832,-0.0264982357670783,67.45958236168258,1.0,0.0,4.0,0.2666666666666666,6.93333333333333,1.0
2024,3124,3439,1,Tournament,0.0,0.032258064516128115,-2.0967741935483915,2.1290322580645213,-0.022632229270741877,0.02408389396844049,-0.013918860574217484,0.026750811316123307,-6.478787440264568,1.0,0.0,-1.0,-0.06666666666666665,1.8666666666666671,0.0
2024,3160,3243,1,Tournament,-0.07157258064516125,3.327620967741936,6.114919354838712,-2.787298387096776,-0.0016593532227102692,-0.004303297023185909,0.030177106574510393,0.03448506264833659,-39.052755392041945,1.0,0.0,-2.0,-0.1333333333333333,3.6666666666666665,0.0
2024,3181,3326,1,Tournament,-0.18242491657397109,-11.453837597330363,-6.602892102335922,-4.850945494994441,-0.032498410292565894,0.0379991411571364,0.11820169767964023,-0.03428487440348932,-56.509844089538774,5.0,0.0,-1.0,-0.2666666666666667,-1.5333333333333314,0.0
2024,3261,3292,1,Tournament,-0.030303030303030276,14.848484848484858,8.272727272727273,6.575757575757589,0.018389626509418555,0.024778582538213106,0.1350915329523128,0.04482601029983149,30.109045131676794,-8.0,0.0,-18.0,-0.19999999999999996,-6.400000000000002,-1.0
2024,3304,3333,0,Tournament,-0.10752688172043012,1.7184750733137832,4.58553274682307,-2.8670576735092865,-0.009321095600979323,0.008836156667815093,0.08261676608934651,0.036483271060116784,-26.260289404311834,3.0,0.0,4.0,-0.06666666666666665,-1.5333333333333332,0.0
2024,3314,3376,0,Tournament,-0.3870967741935484,-17.159274193548384,5.55846774193548,-22.717741935483865,-0.0928728661785112,0.0018236835608055058,-0.0959112508793773,0.006082970746558586,-209.42933847896188,7.0,0.0,2.0,-0.4666666666666667,-18.6,-1.0
2024,3235,3390,0,Tournament,-0.20332355816226788,-2.841642228739005,8.848484848484851,-11.690127077223856,0.014727926930691027,0.033433722400517896,-0.0564092613602179,0.002007716485562694,-35.67442916478353,5.0,0.0,2.0,-0.2666666666666667,-10.333333333333334,0.0
2024,3104,3400,0,Tournament,-0.16360294117647056,-7.737132352941174,3.75,-11.48713235294117,-0.03810079034540004,0.016839176774879283,-0.03795907641109836,-0.046682952812285516,-90.60280386879208,7.0,0.0,-1.0,-0.2666666666666667,-14.533333333333333,-1.0
2024,3163,3393,1,Tournament,0.08181818181818179,5.512121212121215,-8.396969696969691,13.909090909090907,0.0851208219356549,0.002355233291455816,-0.12077427533451113,-0.0002618236061882051,107.0566178652407,-3.0,0.0,2.0,0.20000000000000007,21.733333333333334,1.0
2024,3211,3428,1,Tournament,0.24242424242424254,4.712121212121218,-2.5,7.212121212121215,0.012293730381622625,0.010019263758081098,0.10807130124555858,0.0686846877508547,55.78185184271456,-1.0,0.0,10.0,0.2666666666666666,26.0,0.0
2024,3231,3328,1,Tournament,0.11790878754171297,2.644048943270292,-4.836484983314804,7.480533926585096,0.0672671982648464,-0.005181141591269589,-0.1191857812421184,0.029030416376697094,-1.1608320455213743,-1.0,0.0,2.0,-0.06666666666666676,2.2666666666666657,0.0
2024,3234,3452,1,Tournament,0.10459433040078203,18.203323558162268,14.13489736070381,4.068426197458457,0.06534397959380911,-0.011542241362891281,0.0022095182655488266,0.016842754858644088,102.36772979741318,-7.0,0.0,2.0,0.13333333333333341,5.533333333333331,1.0
2024,3301,3397,1,Tournament,0.2052785923753666,-2.1173020527859308,-9.645161290322577,7.527859237536644,-0.029799341819857605,-0.02047790283077419,-0.0710576276186971,-0.008252667555321808,31.345010650089762,-3.0,0.0,2.0,0.1333333333333333,2.1333333333333337,0.0
2024,3279,3323,0,Tournament,-0.07056451612903225,-10.219758064516128,-1.6199596774193523,-8.599798387096776,-0.02359451513020233,0.012610801462487081,0.06007411764736209,0.05074152139564758,-65.47829922166488,5.0,0.0,-2.0,-0.06666666666666676,-4.6,-1.0
2024,3166,3417,0,Tournament,0.026881720430107614,-4.376344086021504,1.6247311827956992,-6.001075268817205,-0.02669546187713262,-0.019788928674705802,-0.12093866752702381,-0.018834193398442417,-13.219253250035763,5.0,0.0,5.0,0.20000000000000007,1.5333333333333332,0.0
2024,3242,3425,0,Tournament,-0.22580645161290325,-6.516129032258064,1.5806451612903203,-8.096774193548383,0.015036569520123833,0.022931510274281613,-0.039619214497002425,0.03753814001031072,-74.23796154309707,7.0,0.0,2.0,-0.20000000000000007,-7.4,-1.0
2024,3301,3390,1,Tournament,-0.030303030303030276,-3.6363636363636402,0.8484848484848513,-4.484848484848493,-0.06348659861939765,-0.017702291126879793,-0.0816670592378213,0.013534247934367194,-16.03817578051917,1.0,0.0,3.0,-0.06666666666666676,-3.466666666666667,0.0
2024,3323,3333,0,Tournament,0.03830645161290325,7.5423387096774235,0.9425403225806477,6.599798387096776,-0.03631996446128288,0.011680041141803904,0.04956618614839972,0.040002662459997895,70.29514759670269,-1.0,0.0,3.0,0.13333333333333341,7.333333333333333,1.0
2024,3231,3376,0,Tournament,-0.1724137931034483,-6.579741379310349,7.721982758620683,-14.301724137931032,-0.009908828615034837,0.026671357815919117,-0.17946405693405218,-0.012673016293827721,-130.22174298872687,3.0,0.0,3.0,-0.2666666666666667,-10.933333333333335,-1.0
2024,3211,3400,0,Tournament,0.02673796791443861,0.006238859180044187,2.0,-1.9937611408199558,0.030519165073815913,0.016489473698674484,0.029098913569005125,-0.0368621197303477,-42.34483915944952,3.0,0.0,8.0,0.06666666666666654,14.866666666666665,-1.0
2024,3163,3181,1,Tournament,0.20332355816226788,11.298142717497555,-0.7722385141739991,12.070381231671554,0.047776229923355895,-0.046742564324869285,-0.09156951285123655,0.012541354081053308,105.12069161098589,-4.0,0.0,2.0,0.2666666666666667,14.2,1.0
2024,3160,3234,0,Tournament,-0.16911045943304004,-17.36461388074291,-8.231671554252195,-9.132942326490713,-0.04036786357762523,0.008114623361173079,0.007716064120254995,-0.013853036790905299,-122.81426927652296,4.0,0.0,-4.0,-0.33333333333333337,-11.4,-1.0
2024,3261,3417,1,Tournament,0.04203323558162275,8.98729227761487,1.8035190615835788,7.183773216031295,0.0006425313423300549,0.006887060499553205,0.04498767911042939,0.04931518942746799,32.469636222195504,1.0,0.0,1.0,0.13333333333333341,6.466666666666665,0.0
2024,3124,3425,0,Tournament,-0.06451612903225812,0.12903225806452667,-2.5483870967741993,2.6774193548387295,0.011480757111335727,0.0342366043585951,0.03225729763942459,-0.03806553199680829,-72.1499691401932,4.0,0.0,2.0,-0.20000000000000007,-3.666666666666667,-1.0
2024,3301,3400,1,Tournament,-0.06417112299465233,-7.387700534759361,2.0,-9.38770053475936,-0.05867901717047952,-0.015632231682673497,-0.09867134738815769,-0.05968911151756451,-54.07569645901367,2.0,0.0,1.0,-0.13333333333333341,-5.066666666666666,-1.0
2024,3333,3376,0,Tournament,-0.22580645161290325,-14.417338709677423,3.5262096774193523,-17.943548387096776,-0.05646347782085981,0.007415706726574711,-0.1391413699831243,-0.034335810853124704,-134.76687400911487,2.0,0.0,-1.0,-0.33333333333333337,-15.400000000000002,-1.0
2024,3163,3425,1,Tournament,0.009775171065493637,5.201368523949171,-5.191593352883679,10.392961876832851,0.06355180190136983,0.010364041739435115,-0.01275989265333044,-0.022265435152608593,1.98624183959123,2.0,0.0,5.0,0.0,13.399999999999999,0.0
2024,3234,3261,1,Tournament,0.030303030303030276,6.151515151515142,9.36363636363636,-3.2121212121212217,0.05696976326952696,-0.013361259820236393,-0.14854966492035399,-0.0390266267589405,8.698873518777418,-2.0,0.0,3.0,0.0,0.7333333333333343,1.0
2024,3163,3234,0,Tournament,-0.030303030303030276,-12.969696969696969,-14.939393939393938,1.9696969696969688,-0.009521005084146328,0.002533420236186995,-0.006206714300220628,-0.038473831722958096,6.378995794214688,2.0,0.0,1.0,0.06666666666666665,6.199999999999999,0.0
2024,3301,3376,0,Tournament,-0.18181818181818177,-12.244318181818187,3.6875,-15.931818181818189,-0.1035689873244281,-0.004663302027831884,-0.1306020774773794,0.0033275835659248854,-114.52309973579418,2.0,0.0,2.0,-0.2666666666666667,-11.333333333333334,-1.0
2024,3234,3376,0,Tournament,-0.12121212121212122,6.785984848484844,15.596590909090907,-8.810606060606062,-0.01108477812723907,0.006469934920370818,-0.11694109403716207,0.02196802192434208,-69.32806680591239,0.0,0.0,3.0,-0.19999999999999996,-2.666666666666668,0.0
2025,3235,3343,1,Tournament,-0.08333333333333337,10.335497835497833,10.153679653679653,0.18181818181817988,0.005129991220609087,-0.024213685805698104,-0.09465323260689182,0.0802801285020236,12.640479878250744,0.0,0.0,-5.0,-0.13333333333333341,-3.3333333333333357,0.0
2025,3380,3471,1,Tournament,0.017045454545454586,-5.96306818181818,-1.0918560606060623,-4.8712121212121176,-0.026843192441934893,-0.007854114930930384,0.010913700104001278,0.007148752134315012,-16.956890035226024,0.0,0.0,3.0,0.13333333333333341,2.5333333333333314,0.0
2025,3162,3449,1,Tournament,0.1993534482758621,0.979525862068968,-5.854525862068968,6.834051724137936,-0.05641713501540202,-0.023154324779258106,0.0647271089141731,0.0318576049263867,30.57830951783285,0.0,0.0,7.0,0.4,16.599999999999998,0.0
2025,3219,3456,0,Tournament,0.1958333333333333,3.74166666666666,-8.147916666666667,11.889583333333327,0.03529251044485349,0.00861335087189169,-0.04473445962852693,0.06168144979203388,41.353963869800964,0.0,0.0,6.0,0.4,19.266666666666666,0.0
2025,3124,3213,1,Tournament,-0.14338235294117652,2.126838235294116,2.0625,0.06433823529411598,-0.0008480055606602255,-0.047207307558147116,0.028065285106092075,0.017716173570739985,3.4076716066424524,-9.0,0.0,-15.0,-0.2666666666666667,-11.2,-1.0
2025,3181,3250,1,Tournament,-0.024621212121212155,4.5965909090909065,-0.3181818181818201,4.914772727272728,-0.023441110553879596,-0.0258617393117877,0.1622554060753695,-0.09072881945540068,81.71327765331807,-13.0,0.0,-7.0,-0.06666666666666665,3.0,0.0
2025,3231,3428,1,Tournament,-0.12043010752688166,-6.376344086021504,0.9978494623655862,-7.374193548387089,-0.005548212638813554,-0.011233366861853306,-0.0999708945501244,0.027163704278616918,2.1064818478716916,1.0,0.0,-2.0,-0.19999999999999996,-6.066666666666666,0.0
2025,3193,3243,0,Tournament,0.08308895405669603,-7.079178885630498,-4.287390029325515,-2.791788856304983,-0.001183583247337916,0.02303522365687219,-0.030559146365751466,-0.017699812437314805,48.51158181013011,7.0,0.0,18.0,0.33333333333333326,10.533333333333331,1.0
2025,3246,3251,1,Tournament,-0.04137931034482767,6.156321839080462,1.4770114942528707,4.6793103448275915,-0.016856896929573373,-0.0584163325140081,-0.07985944689381208,-0.01857197103498351,-24.415271386226095,-9.0,0.0,-11.0,-0.33333333333333326,-9.0,-1.0
2025,3257,3304,1,Tournament,0.02116935483870963,-3.8377016129032313,-1.0846774193548328,-2.7530241935483986,-0.052617632815528004,0.0038097819904278907,0.06999841963575071,-0.022119566814269714,28.11005925477002,-3.0,0.0,1.0,0.1333333333333333,1.5333333333333332,0.0
2025,3235,3276,0,Tournament,-0.02083333333333337,-1.0037878787878753,1.2206439393939377,-2.2244318181818112,0.03276604598105487,0.0028969534377486783,-0.09406591829326696,0.05088348157723199,-32.27122647184774,5.0,0.0,2.0,0.0,4.999999999999998,0.0
2025,3123,3279,0,Tournament,0.12121212121212122,-4.154545454545456,2.3121212121212196,-6.466666666666669,0.01838088854056541,0.027519049487946118,-0.12258387135509141,-0.03087230745483921,5.224691627521224,7.0,0.0,10.0,0.20000000000000007,6.133333333333334,1.0
2025,3323,3372,1,Tournament,-0.005040322580645129,8.772177419354833,-0.9647177419354804,9.736895161290317,-0.04585799328335938,-0.05578900708950549,0.03955597042512349,-0.09173258562331099,37.353776074228335,-11.0,0.0,-17.0,-0.19999999999999996,5.399999999999999,-1.0
2025,3286,3326,0,Tournament,0.10322580645161272,-6.960215053763434,-6.797849462365583,-0.1623655913978439,0.009240515932196769,0.0416428040086696,0.04694608964280578,0.03214418874925881,-9.49816865300113,9.0,0.0,14.0,0.33333333333333326,15.733333333333334,1.0
2025,3332,3435,1,Tournament,-0.054166666666666696,-15.360416666666666,-5.912500000000001,-9.447916666666664,-0.02968174227688658,-0.0019366510562270067,-0.05788161465309677,-0.04990970481186169,-33.41107730004069,3.0,0.0,1.0,0.0,-4.733333333333333,0.0
2025,3210,3350,0,Tournament,-0.13068181818181823,4.845643939393938,7.374053030303031,-2.5284090909090917,-0.0621008402092747,-0.059202781636449514,0.07046616591343441,-0.03886118427173771,-96.65531175497335,1.0,0.0,-4.0,-0.46666666666666656,-14.933333333333334,0.0
2025,3376,3399,1,Tournament,0.08150470219435746,9.174503657262278,-4.725182863113901,13.899686520376179,0.0018258769973901745,-0.05866716701271052,0.031718215332620425,-0.0450046170124746,118.3796364050495,-15.0,0.0,-25.0,-0.1333333333333333,3.4000000000000004,0.0
2025,3192,3395,0,Tournament,-0.011764705882352788,-11.221568627450992,-2.594117647058823,-8.627450980392167,-0.04959518503256294,-0.0017505878127895003,0.004555911523305367,-0.005848986402308798,-129.7558417078535,13.0,0.0,27.0,0.1333333333333333,7.799999999999999,0.0
2025,3378,3397,0,Tournament,-0.012707722385141729,-21.19354838709677,-9.964809384164226,-11.228739002932542,-0.045734520972590564,0.02460920671224101,-0.03396843329456439,0.012543894823925511,23.311242575579854,7.0,0.0,5.0,0.2666666666666667,2.4000000000000004,1.0
2025,3380,3417,0,Tournament,-0.375,-21.40625,0.3125,-21.71875,-0.06302787021916978,-0.013730262250696984,-0.08168008962411943,-0.040724005300055294,-209.668017586823,15.0,0.0,28.0,0.0,1.5999999999999996,0.0
2025,3104,3453,1,Tournament,-0.10181451612903225,10.292338709677423,5.99092741935484,4.301411290322584,0.041773418022958586,0.018317324695376114,0.02421431354233411,0.00961158028745518,-48.85455202628873,-7.0,0.0,-24.0,-0.4666666666666667,-14.399999999999995,-1.0
2025,3117,3163,0,Tournament,-0.24509803921568618,-7.3568627450980415,15.347058823529416,-22.703921568627457,-0.0800948820674885,0.03666306846004391,0.024563371311960014,0.0437934941261707,-150.78027080492961,13.0,0.0,12.0,-0.1333333333333332,-18.93333333333333,0.0
2025,3199,3206,1,Tournament,-0.09677419354838712,14.516129032258064,14.258064516129025,0.2580645161290409,0.013877401166441594,-0.0044625967217303,-0.05692187970299417,-0.007274279846045312,-19.733760668605555,-5.0,0.0,-4.0,-0.20000000000000007,-10.866666666666665,-1.0
2025,3166,3228,0,Tournament,0.11250000000000004,0.9249999999999972,1.8312499999999972,-0.90625,0.017432201079765564,-0.009039955253182491,-0.0978505754346913,-0.12050527369085129,76.92484940664167,1.0,0.0,3.0,0.13333333333333341,2.133333333333333,0.0
2025,3234,3293,1,Tournament,-0.09375,-13.46875,-6.9375,-6.53125,-0.004631033257471606,0.039287105211534085,0.023731385901514523,-0.002269423021283107,7.053120430397257,-5.0,0.0,-16.0,-0.13333333333333341,-7.466666666666665,-1.0
2025,3261,3361,1,Tournament,0.1297348484848485,16.454545454545453,4.135416666666671,12.319128787878785,-0.01542855707087426,0.002095541441871296,0.1057084535190243,0.030646683997538504,37.52782153834869,-11.0,0.0,-7.0,-0.13333333333333341,-2.466666666666667,-1.0
2025,3268,3313,1,Tournament,-0.10833333333333328,7.527083333333337,13.299999999999997,-5.77291666666666,0.05434480548576648,0.006391709938003198,0.016213657481627397,0.1033223259556865,-1.9844149265916258,-9.0,0.0,-26.0,-0.4,-29.2,-1.0
2025,3217,3277,0,Tournament,0.15714285714285714,-10.07142857142857,-11.502380952380946,1.4309523809523839,-0.022917400598017612,-0.012397631066524889,0.03833810458493542,-0.0810966393435455,44.78220092437755,3.0,0.0,7.0,0.20000000000000007,9.799999999999999,1.0
2025,3143,3280,0,Tournament,0.10132575757575757,-2.2727272727272663,0.8570075757575779,-3.129734848484844,0.0010238280382409704,0.028924673746889784,-0.047438896628803684,0.013206065025678587,55.56669970114535,-1.0,0.0,2.0,0.1333333333333333,-3.2,0.0
2025,3301,3436,1,Tournament,0.15625,15.46875,13.75,1.71875,-0.015557343134309676,-0.029071764443620696,-0.008506537142729198,-0.0077744833188555795,100.56258793899246,-13.0,0.0,-18.0,0.0,-5.733333333333334,-1.0
2025,3314,3333,1,Tournament,0.24866310160427807,8.639928698752222,-3.458110516934049,12.098039215686272,0.019734944030698864,-0.032307800625311495,-0.013700349798693279,-0.04388210100990192,80.56248700636343,-11.0,0.0,-10.0,0.06666666666666665,-4.4,-1.0
2025,3195,3328,0,Tournament,0.12197580645161277,-14.025201612903231,-14.869959677419352,0.844758064516121,-0.06073694487135145,-0.02676777437226352,-0.050716329876370925,-0.021187280010855125,8.947909160292056,11.0,0.0,14.0,0.2666666666666667,11.200000000000001,1.0
2025,3329,3355,0,Tournament,-0.09354838709677427,0.6096774193548384,-2.3322580645161253,2.9419354838709655,-0.035651563102729544,0.018478823317363002,0.04124702587419382,0.040915139364079894,-28.19921938266998,-3.0,0.0,-10.0,-0.2666666666666667,-13.866666666666664,-1.0
2025,3400,3456,1,Tournament,0.4742647058823528,17.316176470588232,-10.869485294117638,28.18566176470588,-0.027008435867512393,-0.02758121985933651,0.11943124570871128,0.0488885847678284,238.81417417211833,-15.0,0.0,-22.0,0.46666666666666656,15.866666666666667,-1.0
2025,3422,3425,0,Tournament,-0.12544802867383498,-20.15531660692951,-5.727598566308231,-14.427718040621272,-0.015968619326254208,-0.009164110636952688,-0.06182990938979982,-0.0291924734715312,-127.51289767088952,15.0,0.0,22.0,0.06666666666666654,-2.7333333333333343,1.0
2025,3162,3452,0,Tournament,0.018909899888765347,-2.4226918798665196,3.067853170189096,-5.490545050055616,-0.007513544075510026,-0.02464484753510851,0.08067360925377781,-0.060974861115589585,-39.1876796773015,5.0,0.0,5.0,0.13333333333333341,7.333333333333332,0.0
2025,3181,3332,1,Tournament,0.15454545454545454,5.675757575757572,-4.718181818181819,10.393939393939393,0.02061036387791132,0.0198068743985724,0.09144851964568879,-0.0269541241662479,146.13654088614794,-8.0,0.0,1.0,0.2666666666666667,16.933333333333334,1.0
2025,3243,3246,1,Tournament,0.02925809822361547,3.5830721003134727,-3.7648902821316597,7.347962382445132,0.04051520208029136,0.003744887801151703,0.029178876216380878,-0.012700551838442792,-14.074804209284594,1.0,0.0,3.0,0.0,-0.3333333333333339,0.0
2025,3124,3279,0,Tournament,0.12745098039215685,2.270588235294113,1.7666666666666728,0.5039215686274474,-0.002733603700692422,-0.009591320328216496,-0.06006644593802962,-0.0325994865466567,56.930009318985185,-1.0,0.0,3.0,0.1333333333333333,6.2,0.0
2025,3276,3323,0,Tournament,-0.15120967741935487,-6.584677419354833,3.5897177419354804,-10.174395161290317,6.53494466489879e-05,0.01150565572418591,0.016787404014058482,0.005260543349485003,-31.090556349441385,3.0,0.0,-1.0,-0.13333333333333341,-13.866666666666665,0.0
2025,3231,3376,0,Tournament,-0.29618768328445755,-10.194525904203317,6.306940371456498,-16.501466275659816,0.04137811965929766,0.0403974490752394,-0.1461245852474359,0.03791297456367401,-156.5076029983827,8.0,0.0,1.0,-0.4,-15.066666666666668,-1.0
2025,3257,3395,0,Tournament,-0.23434535104364318,-5.394686907020883,9.996204933586341,-15.390891840607221,-0.03960689446134413,-0.0014580381321525893,0.05973058275063359,0.011280483775613886,-108.68325923684961,5.0,0.0,-1.0,-0.20000000000000007,-8.933333333333334,-1.0
2025,3326,3397,0,Tournament,0.0903225806451613,-8.426881720430103,-6.6860215053763525,-1.7408602150537575,-0.022960632161371453,-0.004695863031854902,-0.12079378518248368,0.036015111390759,52.60908534152418,-1.0,0.0,1.0,0.06666666666666665,-2.7999999999999994,0.0
2025,3350,3417,0,Tournament,-0.11931818181818177,-6.564393939393938,-0.6865530303030312,-5.877840909090908,0.08909110613074084,0.016376790358564625,-0.10679371397217935,-0.0562629549973829,-99.55659622459984,7.0,0.0,5.0,0.06666666666666654,5.533333333333333,-1.0
2025,3163,3355,1,Tournament,0.011764705882352788,4.723529411764716,-10.44705882352941,15.170588235294128,0.02529092361957752,-0.02781877100401911,0.015289473618537497,-0.05690896073962509,56.03239019341822,-8.0,0.0,-9.0,-0.06666666666666676,9.533333333333331,0.0
2025,3199,3261,0,Tournament,-0.10654936461388076,2.7390029325513154,5.494623655913969,-2.7556207233626573,0.02046452492682488,-0.04289122653405478,-0.10525461412764386,-0.022888991348274823,-33.61112914581622,3.0,0.0,2.0,0.0,0.40000000000000036,0.0
2025,3104,3268,0,Tournament,-0.02473118279569897,-1.5784946236559136,-6.590322580645157,5.011827956989244,0.013521386054775875,-0.018121184865813406,-0.05802236555856238,-0.10148066341811621,-36.336929901805206,1.0,0.0,-1.0,-0.06666666666666665,5.333333333333333,0.0
2025,3277,3301,0,Tournament,-0.11250000000000004,2.65625,-1.4708333333333314,4.127083333333331,-0.0025663823885346826,0.032949347771599385,0.059650447138349605,0.09444521267879069,-91.61327724862008,5.0,0.0,-1.0,-0.2666666666666667,-3.2666666666666657,0.0
2025,3314,3452,1,Tournament,0.01992409867172673,-4.988614800759024,2.633776091081593,-7.622390891840615,-0.010663783213766431,-0.02462089958130001,-0.03194362312585358,-0.05179223873556921,-1.3626862503328994,-3.0,0.0,-1.0,0.0,-7.933333333333334,0.0
2025,3234,3328,0,Tournament,-0.09375,-10.9375,-3.90625,-7.03125,-0.008369409621044821,-0.006676396200932216,-0.05938626971831101,0.012553035033279286,-37.482744740672615,3.0,0.0,1.0,-0.06666666666666665,0.6666666666666679,0.0
2025,3228,3400,0,Tournament,-0.21176470588235285,-7.741176470588229,5.788235294117641,-13.52941176470588,0.05363042981681421,-0.0053360315042843,-0.09155684363660038,0.04878737346873899,-156.22777767018442,7.0,0.0,1.0,-0.2666666666666666,-6.266666666666667,0.0
2025,3280,3425,0,Tournament,-0.24697580645161277,-5.451612903225808,3.8800403225806477,-9.331653225806456,0.05871656589780144,0.015491414293451605,-0.01854018398770102,-0.04304241115036539,-174.17307617565302,8.0,0.0,-1.0,-0.4,-7.933333333333334,0.0
2025,3181,3314,1,Tournament,-0.0062388591800356386,3.0267379679144426,0.06417112299465089,2.9625668449197917,-0.0030342969101245787,0.020575365911577492,0.1069427301119818,-0.01966085700245318,57.632293815293906,-1.0,0.0,0.0,0.06666666666666676,10.266666666666666,1.0
2025,3261,3301,1,Tournament,0.03598484848484851,7.610795454545453,0.2291666666666714,7.381628787878785,-0.02854470559559319,0.028290002059218278,0.11812029198489599,0.0752303635257911,-38.0367897632284,1.0,0.0,-2.0,-0.20000000000000007,-4.666666666666666,0.0
2025,3268,3376,0,Tournament,-0.14242424242424245,-0.5515151515151473,11.54242424242424,-12.093939393939387,0.024893645246144902,0.04344078839740262,0.012724475309005667,0.0868244759477402,-112.01188051578333,3.0,0.0,1.0,-0.2666666666666667,-19.133333333333333,-1.0
2025,3279,3417,0,Tournament,-0.27083333333333337,-2.924999999999997,0.5770833333333272,-3.5020833333333314,-0.0014568138416140575,-0.0247158998948937,0.019117793324437082,-0.014760299769942004,-125.05778096774748,4.0,0.0,-1.0,-0.2666666666666667,-6.6000000000000005,-1.0
2025,3163,3328,1,Tournament,0.1305147058823528,-4.39522058823529,-17.178308823529413,12.783088235294123,0.01937002718939973,-0.05960299236441652,-0.08153684092205843,-0.07694110127095691,62.247315484208,-1.0,0.0,4.0,0.19999999999999996,21.46666666666666,1.0
2025,3323,3395,0,Tournament,-0.07305502846299794,7.121442125237181,4.8349146110056935,2.2865275142314943,0.004788170180711093,-0.008262240019863587,0.0053661852112509845,0.005422370877591592,-54.357301438525155,1.0,0.0,-1.0,-0.06666666666666665,6.799999999999999,-1.0
2025,3397,3400,0,Tournament,-0.20208728652751407,8.252371916508537,14.507590132827318,-6.2552182163187915,0.07349727531703226,-0.018024689942524902,-0.0278514185393407,-0.04558844272448581,-149.8653729410844,4.0,0.0,0.0,-0.3999999999999999,-7.133333333333334,0.0
2025,3243,3425,0,Tournament,-0.11534701857282492,-2.1788856304985416,-1.2932551319648056,-0.885630498533736,0.07127598565969379,-0.011723492480024994,-0.08548826062737003,-0.0706270493672706,-126.10707094781287,4.0,0.0,2.0,-0.2666666666666667,-6.133333333333334,0.0
2025,3181,3376,0,Tournament,-0.12121212121212133,-6.575757575757578,0.4242424242424221,-6.999999999999998,0.007350240099889327,0.0364572709130461,0.04021916114290419,-0.031242761691427284,-41.68878264860291,1.0,0.0,2.0,-0.06666666666666665,-3.533333333333335,0.0
2025,3261,3417,0,Tournament,-0.08901515151515149,5.829545454545453,8.010416666666671,-2.1808712121212146,-0.00872218635640526,-0.013743654173839798,0.0042510106855490615,-0.01639326182024539,-96.34358884889002,2.0,0.0,-1.0,-0.20000000000000007,-6.4,-1.0
2025,3163,3425,1,Tournament,0.008538899430740043,-0.6280834914610978,-7.985768500948765,7.357685009487668,0.0846725942993018,-0.038535502479339706,-0.1006368570444463,-0.0912344484593492,-2.1081668503188666,1.0,0.0,3.0,0.06666666666666654,17.13333333333333,1.0
2025,3395,3400,0,Tournament,0.0,-1.3529411764705799,1.382352941176464,-2.735294117647058,0.0722830860768901,0.009385378277491085,-0.07473407534049509,-0.022495664021804695,-13.95925865379354,1.0,0.0,3.0,-0.06666666666666654,-0.40000000000000036,1.0
2025,3163,3417,1,Tournament,-0.02573529411764719,2.19852941176471,-5.803308823529413,8.001838235294123,0.0681899597711037,-0.042455294704224295,-0.09368372518546403,-0.1070667750015718,-18.37334843490021,1.0,0.0,3.0,0.06666666666666654,17.666666666666664,0.0
2025,3376,3400,1,Tournament,-0.002673796791443639,1.5436720142602525,1.8458110516933957,-0.30213903743315385,0.04739344728421557,-0.023212431729733612,-0.04819990989463119,-0.01876952791612091,7.206518432021085,0.0,0.0,0.0,-0.06666666666666654,5.733333333333334,1.0
2025,3163,3376,1,Tournament,0.002673796791443639,0.33868092691622564,-5.904634581105171,6.2433155080213965,0.06714294658601999,-0.0027299611144420977,-0.06713106271622771,-0.05157560288463059,-19.970617256627293,1.0,0.0,4.0,0.06666666666666654,11.333333333333329,0.0
