Season,Team1,Team2,Target,GameType,WinPct_Diff,AvgPointsFor_Diff,AvgPointsAgainst_Diff,AvgMargin_Diff,eFG_Off_Diff,TORate_Off_Diff,ORBRate_Off_Diff,FTRate_Off_Diff,Elo_RegSeason_Diff,POM_Rank_Diff,SAG_Rank_Diff,Composite_Rank_Diff,SeedNum_Diff
2003,1411,1421,0,Tournament,0.15172413793103445,1.5931034482758548,-7.614942528735639,9.208045977011494,0.0015694510071272982,-0.013374189538066406,0.0116772723525283,0.024747416965088642,8.133328160916108,-5.0,6.0,-1.0625,0.0
2003,1112,1436,1,Tournament,0.23768472906403948,17.42118226600985,7.112068965517238,10.309113300492612,-0.00414606822605651,-0.026102850606406908,0.016574789361787412,0.021794949854214096,110.12675192789197,-141.0,-156.0,-150.4485294117647,-15.0
2003,1113,1272,1,Tournament,-0.1724137931034483,1.448275862068968,3.3448275862068897,-1.8965517241379217,0.023070125145256415,0.012132797875035711,0.0303988796143978,0.03211668555720498,-71.30830901937247,12.0,8.0,14.294117647058822,3.0
2003,1141,1166,1,Tournament,-0.08568443051201668,0.10240334378264038,8.908045977011497,-8.805642633228857,-0.005117496209215422,0.0539687106010428,0.0009923917494065182,0.118141662754045,-15.206869286188521,23.0,30.0,24.952205882352946,5.0
2003,1143,1301,1,Tournament,0.12413793103448278,2.0827586206896456,1.7586206896551744,0.3241379310344712,-0.014405934406997,-0.016955086131239,0.020106273749167902,-0.07513806927942857,-7.321485652053525,-8.0,-6.0,-13.90625,-1.0
2003,1140,1163,0,Tournament,0.041935483870967794,-7.581720430107524,-7.722580645161294,0.14086021505377033,-0.0006541116176086437,-2.7522970522941836e-06,-0.0466899809513629,0.11980245614420718,2.1357653656305047,3.0,5.0,1.09375,7.0
2003,1161,1181,0,Tournament,-0.2333333333333334,-7.966666666666669,2.2666666666666657,-10.233333333333336,0.04453217163448264,0.04460666712795719,-0.01223910190068317,0.015191233025960926,-48.857631447768654,79.0,79.0,72.32536764705883,11.0
2003,1153,1211,0,Tournament,-0.13479262672811065,-9.743087557603687,-6.693548387096769,-3.049539170506918,-0.06771185711269212,-0.04214992347827551,-0.013279214445645782,-0.0711201937742224,-42.913861691717784,-6.0,3.0,-0.65625,-1.0
2003,1228,1443,1,Tournament,0.058064516129032295,2.3365591397849528,-5.019354838709681,7.355913978494636,-0.003663903105089128,-0.02130518916128399,-0.06548524741900352,0.027590835419240095,22.985823073197935,-47.0,-49.0,-45.5625,-9.0
2003,1242,1429,1,Tournament,0.03333333333333344,15.36666666666666,6.266666666666659,9.100000000000001,0.011029819571924837,-0.0038750078247224984,-0.009989355163769309,-0.019899178987395794,90.08583459935494,-105.0,-97.0,-84.37316176470588,-13.0
2003,1221,1266,0,Tournament,0.04064039408866993,-9.048029556650249,-9.471674876847295,0.42364532019704626,-0.04271244658219381,0.01652117128235589,-0.0431387672086716,-0.022842357374122102,-18.744027247710846,67.0,54.0,52.39522058823529,11.0
2003,1281,1356,1,Tournament,-0.12258064516129041,-2.7591397849462282,-1.6161290322580584,-1.1430107526881699,-0.00941926346444294,0.004608139486194512,0.027231775745066134,-0.018921336332890698,-18.377824272996804,-33.0,-28.0,-23.678308823529413,-5.0
2003,1323,1454,1,Tournament,-0.05698924731182797,2.99677419354839,1.2602150537634316,1.7365591397849585,-0.016529820976265874,-0.021999843501089494,-0.009667486928905344,0.04020859245247502,-55.06303247744904,-34.0,-27.0,-26.03860294117647,-7.0
2003,1328,1354,1,Tournament,0.13333333333333341,-1.6333333333333258,-11.100000000000009,9.466666666666677,-0.015091185212395775,-0.07180160400181429,-0.03387884596521712,-0.10742191384229921,118.471151528983,-221.0,-223.0,-203.44485294117646,-15.0
2003,1360,1390,0,Tournament,-0.13479262672811065,2.4205069124423915,4.6036866359446975,-2.183179723502306,0.044207277956376245,0.043409057926992595,-0.05573334812972591,0.08060971370768427,-28.37576641882447,52.0,58.0,57.23345588235294,9.0
2003,1173,1409,0,Tournament,0.11790878754171297,-0.7230255839822064,1.0522803114571673,-1.7753058954393737,-0.006623878048420129,-0.01956433297867108,0.06371532954440151,0.019408110877953716,55.57758506578148,-22.0,-32.0,-35.41727941176471,-9.0
2003,1451,1458,0,Tournament,0.10344827586206895,3.4827586206896655,8.482758620689651,-4.999999999999986,0.004249060230368307,0.027687517298467412,0.03309884688861431,0.07087175236671439,26.3370318819766,44.0,40.0,38.299632352941174,7.0
2003,1120,1386,1,Tournament,-0.1597701149425288,-0.5206896551724185,6.29080459770114,-6.811494252873565,0.010466680797563355,0.0365580679680953,0.036535680674932625,-0.0215856618693481,-39.326195913766696,27.0,23.0,19.4375,3.0
2003,1139,1280,1,Tournament,0.12758620689655176,-1.5804597701149419,0.764367816091962,-2.3448275862068986,0.03785321232111216,-0.028421107053283184,-0.10313818974652639,0.0070774395319909145,-5.220984804465388,40.0,19.0,24.415441176470587,7.0
2003,1196,1358,1,Tournament,-0.0035842293906810374,4.125448028673844,-0.5818399044205478,4.707287933094394,0.02894240986781227,-0.0264623609661645,-0.0012211850442720995,-0.05361089983183351,14.049930216494431,-128.0,-131.0,-107.08272058823529,-13.0
2003,1104,1231,0,Tournament,-0.017857142857142905,-1.2455357142857082,-2.0,0.7544642857142918,-0.027313754706967397,0.014093280381128198,0.060541932677168675,-0.029658403536170774,-18.2076810391693,-13.0,-4.0,-3.375,3.0
2003,1237,1246,0,Tournament,-0.3125,-6.28125,6.3125,-12.59375,0.018836434357552057,0.0356653030228222,-0.0181911214733656,0.07737608562263229,-192.84632482664006,132.0,161.0,148.82904411764707,15.0
2003,1122,1257,0,Tournament,-0.059259259259259345,-12.129629629629619,-0.7629629629629591,-11.36666666666666,-0.016842699376045045,0.037365400099782814,-0.0385992691947154,-0.008686407609147184,-32.49003841651438,109.0,97.0,84.93933823529412,9.0
2003,1268,1423,1,Tournament,-0.12142857142857144,9.419047619047632,7.25714285714286,2.16190476190477,-0.0056461507368628094,-0.004323362279795989,0.08054731462785292,0.030144645626973,-51.922939340573976,-28.0,-30.0,-26.21139705882353,-5.0
2003,1160,1277,0,Tournament,0.032258064516129004,8.290322580645167,9.096774193548384,-0.8064516129032171,-0.024877382738918596,-0.033322236580934,0.032931358058524485,-0.0631435341915681,-2.8984785632881085,3.0,-3.0,5.03125,3.0
2003,1329,1335,1,Tournament,-0.12515964240102162,-1.4610472541507136,2.7994891443167305,-4.260536398467444,-0.04385739316774995,-0.002846849513356009,0.05501494598664869,0.005190240784886113,-68.09850494212401,-14.0,-24.0,-25.40909090909091,-5.0
2003,1338,1447,1,Tournament,0.18924731182795707,-0.9483870967741979,-12.618279569892472,11.669892473118276,7.26657877173631e-05,0.006492324176521597,-0.0365429093428305,0.0329065203095886,123.32366707440247,-186.0,-171.0,-154.71507352941177,-13.0
2003,1261,1345,0,Tournament,0.034562211981566726,1.4758064516128968,-2.3467741935483843,3.8225806451612794,0.061583180675426175,0.0015714933636274964,0.014895534707705327,-0.1274441223993956,48.50756579252902,-17.0,-7.0,-10.15625,-1.0
2003,1264,1393,0,Tournament,-0.03448275862068961,-3.931034482758619,-2.1379310344827616,-1.7931034482758577,0.01613533157927538,0.008941717332693111,-0.0758931326654167,0.03505834121415802,-39.25575575703692,48.0,57.0,48.28676470588235,11.0
2003,1400,1421,1,Tournament,0.3374384236453202,7.650246305418719,-9.769704433497537,17.419950738916256,-0.0059991574004995,-0.045191025662661005,0.0581605649885682,-0.011961634608893656,154.77384116419717,-266.0,-246.0,-233.1378676470588,-15.0
2003,1332,1428,0,Tournament,-0.04791666666666672,15.485416666666666,13.96875,1.5166666666666657,0.0023785107154383756,0.0034237775239298884,-0.007655073061720696,0.018556233818845913,-21.183818861610234,5.0,-8.0,0.40625,-1.0
2003,1190,1448,0,Tournament,-0.19795657726692206,1.289910600255439,9.860791826309068,-8.57088122605363,0.01943124852036493,0.036949321307177985,-0.03931415496625512,-0.04154234712264798,-70.96428354466184,135.0,124.0,114.38786764705883,13.0
2003,1407,1462,0,Tournament,0.0,1.1333333333333258,4.599999999999994,-3.4666666666666686,-0.002148653915523824,-0.029538661877923617,-0.01770440851557331,-0.0916817331560762,-41.01609323225557,52.0,65.0,56.69852941176471,11.0
2003,1112,1211,1,Tournament,0.15092165898617516,8.149769585253452,2.0564516129032313,6.093317972350221,-0.04630815994510323,-0.021259757757007225,0.04320063122915102,-0.0824938247310742,78.01612222212248,-38.0,-37.0,-40.4172794117647,-8.0
2003,1163,1390,1,Tournament,-0.041935483870967794,7.775268817204292,4.432258064516134,3.3430107526881585,0.02672700324891142,0.012240532292579098,-0.0033302700389127304,-0.0104808159403241,-3.024457791190798,-7.0,-6.0,3.2647058823529456,1.0
2003,1141,1181,0,Tournament,-0.006896551724137945,-2.621839080459779,2.84137931034482,-5.463218390804601,0.030432282249486575,0.06431396960330629,-0.02444807732493398,0.03661769268183762,2.9148336051750903,42.0,38.0,34.981617647058826,8.0
2003,1113,1242,0,Tournament,-0.1459770114942529,-5.367816091954012,2.805747126436785,-8.173563218390797,0.017943258982401122,-0.0031824617818954903,0.012677978037383186,0.05029939304279679,-95.31933276810764,28.0,28.0,30.029411764705884,8.0
2003,1266,1281,1,Tournament,0.14400921658986177,6.618663594470036,1.1947004608294947,5.423963133640541,0.019619894245471337,0.0006643043160038942,0.0344086325389647,0.10507812218222129,38.328283878871616,-11.0,-8.0,-10.029411764705879,-3.0
2003,1228,1323,0,Tournament,0.0903225806451613,-4.663440860215047,-9.79354838709677,5.130107526881725,0.014790549074530479,0.020725886949509803,-0.0375535100750774,-0.03991707030131872,91.21960377280175,-17.0,-6.0,-11.617647058823529,-1.0
2003,1143,1328,0,Tournament,-0.07586206896551728,3.31609195402298,9.591954022988517,-6.275862068965532,0.03592283144374475,0.0107057803878087,-0.017955243399796594,-0.009875347804268186,-104.13581747770172,31.0,32.0,30.28860294117647,7.0
2003,1409,1458,0,Tournament,-0.04894327030033363,2.791991101223587,6.5684093437152455,-3.7764182424916584,0.012119631003185805,0.0394294359588426,0.030062337586170496,-0.014523104482675325,-16.186684440673616,37.0,39.0,37.299632352941174,8.0
2003,1120,1448,1,Tournament,-0.1942528735632184,-8.313793103448276,-2.05402298850575,-6.259770114942526,0.03445668057914697,0.035062333994935496,-0.05880727273010439,-0.1043983511771979,-76.69516165629534,33.0,34.0,32.731617647058826,8.0
2003,1139,1257,1,Tournament,0.027586206896551668,-13.247126436781599,-7.535632183908049,-5.71149425287355,0.038649953160516004,0.00745270673128251,-0.0760798431447548,-0.09237419634760946,-25.587808073880524,37.0,29.0,31.033088235294116,8.0
2003,1246,1428,1,Tournament,0.13958333333333328,10.797916666666666,4.09375,6.704166666666666,-0.01921809369445765,-0.014588417623261102,0.04227722237909143,-0.011143330664627998,124.58317191562537,-36.0,-37.0,-33.92279411764706,-8.0
2003,1268,1462,1,Tournament,-0.15476190476190477,2.5523809523809575,0.8904761904761926,1.6619047619047649,0.02329169505166523,-0.0154960033397194,-0.01551732080416357,-0.04540621647042811,-83.86500805766195,2.0,8.0,10.20588235294118,3.0
2003,1196,1277,0,Tournament,0.16129032258064513,8.677419354838719,3.7096774193548328,4.967741935483888,0.04545658599748792,-0.014721700889683081,-0.02649101412529592,-0.09074789499121869,16.015585084007625,-19.0,-29.0,-24.98897058823529,-5.0
2003,1231,1338,0,Tournament,-0.2416666666666667,-4.068749999999994,8.166666666666664,-12.23541666666666,-0.027628788811688842,-0.0346542250384497,-0.014727506231890397,0.02138537736495949,-128.27654634939722,44.0,38.0,37.96507352941177,5.0
2003,1329,1393,0,Tournament,-0.13793103448275856,-11.379310344827587,-7.689655172413801,-3.6896551724137865,-0.0012103376319446135,0.017694972697040706,-0.0462593568393892,-0.0010334408465323963,-85.77537590336647,14.0,13.0,14.002673796791441,3.0
2003,1345,1400,0,Tournament,-0.1428571428571428,-7.107142857142861,-3.4285714285714306,-3.6785714285714306,-0.024350817131653213,0.0275341278477656,-0.1050158575227827,0.07176204928584906,-84.2028184964438,31.0,29.0,29.637867647058822,8.0
2003,1112,1323,1,Tournament,0.18317972350230416,5.117511520737324,-0.9435483870967687,6.0610599078340925,-0.028040810187564047,0.006474488546447582,0.06985057421240481,-0.03677749939339031,105.82997818136232,-19.0,-15.0,-19.441176470588236,-4.0
2003,1181,1242,0,Tournament,0.033333333333333326,0.63333333333334,4.033333333333346,-3.400000000000004,0.014413986861365524,-0.011156439137641083,-0.00468531031504954,0.05348964517202559,-26.080277911917165,4.0,6.0,4.735294117647058,1.0
2003,1246,1458,1,Tournament,0.14762931034482762,6.807112068965523,5.404094827586206,1.4030172413793167,-0.011877566127188321,0.017500875997987025,0.0621549321940702,-0.026719393753690618,118.91901097472169,-15.0,-18.0,-18.52941176470588,-4.0
2003,1266,1338,1,Tournament,-0.0452380952380953,3.7928571428571445,8.845238095238095,-5.052380952380952,-0.00922579004370061,-0.016341336111757282,0.0648479967791401,0.03307743511788169,-36.71687917208146,11.0,11.0,9.382352941176473,1.0
2003,1268,1277,0,Tournament,0.06566820276497698,13.559907834101395,5.889400921658989,7.670506912442406,0.00859955237255805,-0.03235548957994658,0.01807925893784129,-0.09048273296847839,-19.44871467026428,-6.0,-15.0,-8.930147058823529,-1.0
2003,1139,1328,0,Tournament,0.027586206896551668,-2.580459770114942,0.764367816091962,-3.3448275862068986,0.07111758452058181,0.009252964661099705,-0.07243694393945599,-0.010041040543115387,-65.57611249956403,42.0,27.0,34.94485294117647,11.0
2003,1120,1393,0,Tournament,-0.1942528735632184,-10.00344827586207,-4.329885057471273,-5.673563218390797,0.041940009383038934,0.038083743388043906,-0.03081870439013168,-0.029377533819972795,-87.43983318370101,30.0,31.0,30.84926470588235,7.0
2003,1163,1400,0,Tournament,-0.08571428571428574,1.1761904761904702,2.721428571428575,-1.5452380952381048,0.023454435624222836,0.038617742961196105,-0.014491896027101603,-0.044884828439519214,-33.848347009361305,16.0,18.0,20.294117647058822,4.0
2003,1112,1242,0,Tournament,0.1261904761904762,3.8809523809523796,3.88333333333334,-0.002380952380960366,-0.008716323691168537,-0.0165337138363153,0.009471647987902676,-0.009309422155463987,10.353411717704375,-1.0,-2.0,-3.294117647058824,-1.0
2003,1246,1266,0,Tournament,0.0848214285714286,-0.8616071428571388,-3.5848214285714306,2.723214285714292,-0.023564330936894418,-0.008035181610732495,-0.029148378938173902,-0.0774193893426264,92.44383601240725,-12.0,-13.0,-11.558823529411768,-2.0
2003,1328,1393,0,Tournament,-0.027586206896551668,-8.936781609195393,-9.729885057471279,0.7931034482758808,0.006257749417937497,-0.006400402686415396,-0.04856614789349023,-0.0342495198108933,25.58217779367419,-6.0,-4.0,-6.9705882352941195,-2.0
2003,1277,1400,0,Tournament,-0.17281105990783407,-11.631336405529964,-7.710829493087559,-3.9205069124424057,0.005168662773295807,0.04422242311278879,-0.06562381199153017,0.03985861508110816,-44.705110317578374,18.0,31.0,27.606617647058822,6.0
2003,1242,1266,1,Tournament,-0.05476190476190468,2.94047619047619,-1.3119047619047706,4.25238095238096,-0.025703726408403904,5.170419827488226e-05,-0.014677756921559093,-0.04780198120698481,9.559030518432792,-9.0,-10.0,-6.8529411764705905,-1.0
2003,1393,1400,1,Tournament,0.041871921182266014,1.2463054187192029,1.2179802955665053,0.02832512315269753,-0.020387567733157974,0.015605735268463594,-0.013105010364214686,-0.02138263313144312,6.194316074556127,8.0,7.0,5.882352941176472,2.0
2003,1242,1393,0,Tournament,-0.060919540229884994,1.2298850574712645,-3.529885057471276,4.75977011494254,0.0199701703172524,0.007716092893253396,-0.016833692743230988,-0.0038599143430129157,7.79047805411642,-11.0,-8.0,-7.117647058823531,-1.0
2004,1197,1250,1,Tournament,-0.17619047619047623,6.242857142857133,10.288095238095238,-4.045238095238105,0.024335445235619924,0.0090569049229762,-0.00027057717182710217,0.0728887607113477,-57.69776377446897,58.0,65.0,74.1875,0.0
2004,1104,1356,1,Tournament,-0.27586206896551724,0.9310344827586192,4.551724137931039,-3.62068965517242,0.04855498820206883,0.016979612874739203,-0.014209293839248072,0.05843424791876109,-44.11731611551613,-11.0,-3.0,3.890909090909094,-1.0
2004,1163,1436,1,Tournament,0.08484848484848495,12.690909090909088,1.8393939393939363,10.851515151515152,0.03444258871525513,0.004310697852030615,0.09062196918165089,-0.032963652299490886,100.08935712870357,-154.0,-143.0,-130.03125,-13.0
2004,1173,1177,0,Tournament,0.050000000000000044,-2.89791666666666,-3.5729166666666714,0.6750000000000114,-0.015593850481714633,0.01679025780806831,-0.008724892685895769,-0.00615675171915947,-33.1732135655443,9.0,9.0,4.878787878787875,3.0
2004,1106,1181,0,Tournament,-0.3104166666666667,-18.31666666666667,-4.368749999999999,-13.947916666666671,-0.030891858453694854,0.05342132652582329,-0.02109244440941399,0.036851285421070745,-138.663588109466,277.0,262.0,248.89236111111111,15.0
2004,1211,1434,1,Tournament,0.3448275862068967,10.068965517241367,-5.517241379310349,15.586206896551715,0.03600664634501599,-0.03065837637461849,0.0737990497114166,-0.07790909545667082,113.32424158652202,-130.0,-148.0,-133.30303030303028,-13.0
2004,1196,1264,0,Tournament,-0.16091954022988508,2.621839080459779,5.685057471264372,-3.063218390804593,0.09905102181917547,0.020978659443171094,-0.052478225046941884,-0.05228224532726439,5.241464016599139,-38.0,-38.0,-35.57575757575758,-7.0
2004,1268,1431,1,Tournament,-0.12528735632183907,1.8839080459770088,4.52528735632184,-2.6413793103448313,-0.01323063095211302,-0.005519699637203307,0.0664689881456284,-0.0665624836241352,26.34088353202742,-27.0,-25.0,-24.873737373737367,-9.0
2004,1277,1305,0,Tournament,-0.11264367816091947,-4.051724137931032,1.1781609195402183,-5.22988505747125,0.056173382040051845,0.0340409260605212,-0.05174654542257262,0.045328317552389696,-55.3504201381711,15.0,19.0,11.846702317290557,-3.0
2004,1102,1314,0,Tournament,0.1428571428571428,-22.89285714285714,-25.035714285714278,2.142857142857139,0.03598986917264391,0.018354677543747505,-0.14554173665315723,-0.03555321522739091,8.850641231323834,36.0,30.0,28.57323232323232,5.0
2004,1112,1371,0,Tournament,0.011083743842364546,15.231527093596057,13.949507389162562,1.2820197044334947,0.03548384310881797,0.0015008993394272918,0.05027298209423453,0.02053717690996701,-22.474127262602906,5.0,-2.0,2.529870129870133,1.0
2004,1251,1386,0,Tournament,-0.4158986175115209,-9.043778801843331,5.5,-14.543778801843331,-0.021806467207839575,0.0505097979395058,0.1425271971896124,0.010446093784112709,-137.73346879178393,176.0,194.0,174.33080808080808,15.0
2004,1390,1427,1,Tournament,0.3952380952380954,1.5047619047619065,-11.942857142857136,13.447619047619042,-0.010604626442517417,-0.015771317513064903,0.017192324861559194,-0.11492928363949709,142.7771355495056,-204.0,-227.0,-202.84375,-15.0
2004,1140,1393,0,Tournament,-0.04629629629629628,-0.7433862433862402,-1.4510582010582027,0.7076719576719626,0.05010519176908185,0.03376026473711069,-0.05793660362600406,0.08982138447747923,-19.115051030306404,4.0,-5.0,9.601010101010104,7.0
2004,1343,1400,0,Tournament,-0.03589743589743599,-14.63333333333334,-9.592307692307699,-5.041025641025641,0.0590189807073791,0.06638398166258189,-0.07533141831258927,-0.002620794698690504,-52.13667787458485,85.0,101.0,92.91919191919193,11.0
2004,1150,1403,0,Tournament,0.03663793103448276,5.93857758620689,5.010775862068968,0.9278017241379217,0.013661633669780793,0.0187607144677992,0.03949977815614458,0.02459007090478188,12.197232861357406,10.0,5.0,2.0,1.0
2004,1433,1448,0,Tournament,0.08809523809523812,-13.021428571428572,-12.076190476190469,-0.9452380952381034,-0.012725449272636191,0.0455887974223568,-0.046539955405979105,-0.0980230819575838,35.43982924836973,69.0,68.0,53.267676767676775,9.0
2004,1130,1428,1,Tournament,-0.02318548387096775,3.8467741935483843,6.137096774193552,-2.2903225806451672,-0.044770188554536294,-0.03566539199314128,0.025703970203440174,0.07238417701775599,21.333045162035887,-4.0,-1.0,-7.080213903743314,-5.0
2004,1153,1190,1,Tournament,-0.027586206896551668,-1.0310344827586135,-7.341379310344827,6.310344827586215,0.003862564924220213,-0.03031863125560752,0.04974052674828183,0.04606436858328247,30.038844757885727,-52.0,-59.0,-51.916666666666664,-9.0
2004,1210,1320,1,Tournament,0.02909482758620685,8.855603448275858,2.0398706896551744,6.815732758620683,0.034562001439485956,0.007809631441520387,0.05355357850042902,-0.00367773123275722,-4.526610900381002,-70.0,-76.0,-64.70202020202021,-11.0
2004,1228,1293,1,Tournament,-0.033333333333333326,-8.266666666666666,-6.6000000000000085,-1.6666666666666572,-0.015143713377731405,-0.005155838495871701,0.03666690146071372,-0.03688827734019359,38.56283528538688,-44.0,-32.0,-39.37373737373737,-7.0
2004,1227,1242,0,Tournament,0.05990783410138245,-4.857142857142861,-5.6624423963133665,0.8052995391705053,-0.012626110793448997,-0.008009385769522315,0.0507806947476675,-0.005582930915968787,18.719835120228254,33.0,57.0,48.29545454545455,9.0
2004,1197,1246,0,Tournament,-0.4,-1.0333333333333456,11.166666666666671,-12.200000000000019,0.011788764016562925,0.021562990660533188,-0.029007534538415425,0.10376642623109819,-226.96754337270136,272.0,283.0,264.28819444444446,15.0
2004,1272,1376,1,Tournament,0.05303030303030298,2.662337662337663,3.170995670995673,-0.5086580086580099,-0.00017084184611160236,-0.0031150226530337055,0.015121503280024873,0.02254680662277031,17.329785806322207,-3.0,5.0,-2.308225108225109,-3.0
2004,1280,1284,1,Tournament,0.2366071428571429,8.325892857142861,-0.6205357142857082,8.94642857142857,0.03599666635270182,0.025966732484873578,0.13905768682055325,-0.009280232706693536,129.4420963310938,-181.0,-172.0,-152.82291666666666,-13.0
2004,1301,1418,1,Tournament,-0.0026525198938991412,-2.924403183023884,-4.6777188328912445,1.7533156498673605,0.009692635391181814,0.0052816633402655855,-0.04829308543176841,0.04292313495099681,18.698421572598818,-54.0,-59.0,-58.83585858585858,-11.0
2004,1186,1329,0,Tournament,-0.32512315270935965,-7.956896551724142,4.460591133004932,-12.417487684729075,0.016692890226752688,0.04403686473625179,-0.04396488828274786,0.007362896337300084,-159.44722478754943,120.0,122.0,121.82986111111111,13.0
2004,1334,1344,1,Tournament,0.05238095238095242,-2.3333333333333286,-0.5214285714285722,-1.8119047619047564,-0.002481689252604724,-0.0018002901961979845,-0.06540789672978509,0.0468530780808602,55.38952644305891,50.0,50.0,47.43434343434344,7.0
2004,1338,1416,1,Tournament,0.04741379310344829,-1.6422413793103487,-6.113146551724135,4.4709051724137865,-0.010969910446366304,-0.0173908704925618,0.051918942739334895,0.008798807567134997,52.950197089078074,-95.0,-76.0,-67.84343434343435,-11.0
2004,1412,1449,1,Tournament,0.056321839080459846,-6.881609195402305,-11.233333333333334,4.351724137931029,-0.021713811661931037,-0.00575709171319691,-0.03663131181494689,-0.0691216155065604,-17.835725461676702,-15.0,-13.0,-18.78787878787879,1.0
2004,1435,1444,1,Tournament,-0.16666666666666674,-5.366666666666674,-1.2000000000000028,-4.166666666666671,-0.012352459275010164,-0.025354345557999203,-0.06970165883061658,-0.022388977361760876,-22.485465981117386,-6.0,-7.0,-8.952762923351152,-5.0
2004,1350,1458,0,Tournament,-0.17500000000000004,-4.10208333333334,2.333333333333343,-6.435416666666676,-0.023891735499557698,0.02341167249082779,-0.013659913241171162,-0.0007287374152725734,-77.21527639330793,24.0,29.0,36.505050505050505,5.0
2004,1257,1462,0,Tournament,-0.007314524555903867,2.851619644723101,-1.467084639498438,4.318704284221539,-0.020284619904038903,0.00915605490182711,-0.038195333748230864,0.040947158521427524,-84.19517996389186,-3.0,-17.0,-14.441176470588239,3.0
2004,1104,1390,1,Tournament,-0.3804597701149427,-1.7264367816091948,6.748275862068965,-8.47471264367816,0.03220105472160273,-0.015957703923165395,-0.01444166613791742,0.09822669649743651,-110.02554430896566,22.0,27.0,29.340909090909093,7.0
2004,1163,1177,1,Tournament,0.11818181818181828,8.224242424242433,-3.7272727272727337,11.951515151515167,-0.005969781293086118,-0.0066360919273602825,0.03597721760838879,-0.09022610321470109,55.97687656714811,-44.0,-40.0,-40.31818181818182,-5.0
2004,1181,1371,1,Tournament,0.1651785714285714,7.464285714285708,0.5044642857142918,6.959821428571416,0.012240267333610333,0.004512916423746294,0.053953989735962216,0.02546529422556118,76.74899415823393,-27.0,-33.0,-30.588383838383837,-7.0
2004,1211,1305,0,Tournament,0.1977011494252875,6.84482758620689,-0.23563218390805218,7.080459770114942,0.02968568526982529,-0.00047847869209649563,0.031288956231633025,-0.03036667218468822,28.56177243069351,-20.0,-22.0,-24.87878787878788,-8.0
2004,1386,1403,1,Tournament,0.2767857142857144,4.379464285714292,-4.9375,9.316964285714292,0.020735874147020494,-0.015318235948274916,-0.1037073050085536,-0.04324962291846171,88.1335070921657,-24.0,-24.0,-28.23989898989899,-7.0
2004,1268,1393,0,Tournament,-0.1166666666666667,4.438095238095229,4.945238095238096,-0.5071428571428669,0.004194028383452397,0.01809773853802868,0.0014813238216875302,0.045425034467167225,8.710633886160622,-11.0,-18.0,-3.333333333333332,-1.0
2004,1314,1400,0,Tournament,-0.12380952380952381,5.938095238095229,9.064285714285703,-3.126190476190473,0.03491795353405558,0.03439971611064929,-0.0023661153701090565,0.041392314518921225,-46.22976745657411,-6.0,-2.0,2.5277777777777786,3.0
2004,1264,1448,0,Tournament,0.1490147783251231,-9.47660098522168,-12.19458128078817,2.717980295566491,-0.08486727840535147,-0.005535059194138187,-0.020424558558025108,0.01568463608023868,33.022628212785094,43.0,46.0,38.631313131313135,8.0
2004,1130,1210,0,Tournament,0.0,-9.3125,-3.53125,-5.78125,-0.05230975994145748,-0.00911619301631228,0.06477045195478687,0.03114334378870709,21.238878300723627,30.0,30.0,20.92483660130719,3.0
2004,1153,1228,0,Tournament,0.0,4.366666666666674,0.10000000000000142,4.266666666666675,0.020673112910775393,-0.00665906887661602,-0.009630701320281376,0.07668876798351698,6.542978299410379,-4.0,-4.0,-5.3611111111111125,-1.0
2004,1242,1334,1,Tournament,-0.05238095238095242,5.69047619047619,4.378571428571433,1.3119047619047564,-0.010877457730544049,-0.009239668246952992,0.04355399659418896,-0.06961565115273072,-31.529806325120717,-46.0,-49.0,-47.62878787878789,-8.0
2004,1272,1329,0,Tournament,-0.14655172413793105,-4.635467980295573,2.0320197044335018,-6.667487684729075,-0.03376989487476956,0.003195083062332099,0.021570632297306602,-0.010896976328405195,-105.66652837955962,23.0,24.0,21.696825396825396,5.0
2004,1338,1458,1,Tournament,0.07499999999999996,0.24166666666666003,-0.5729166666666572,0.8145833333333243,-0.0005988933134420948,0.03069863283969501,0.07542426824623921,-0.050568383142998496,20.835200243373492,-11.0,-6.0,-5.944444444444442,-3.0
2004,1246,1412,0,Tournament,0.17701149425287355,-1.418390804597692,-4.200000000000003,2.7816091954023126,0.004352478544726812,0.01641088628073792,0.03542765550124549,0.015140199617952321,107.02351729119596,-32.0,-36.0,-35.118686868686865,-8.0
2004,1301,1435,0,Tournament,-0.010344827586206806,-0.4885057471264389,0.47356321839080806,-0.962068965517247,0.02163775794645173,0.026785345192278903,-0.027997245841097196,0.020381518667167697,1.663202127064551,-18.0,-9.0,-10.913398692810459,-3.0
2004,1280,1462,0,Tournament,0.1958874458874459,6.682900432900439,3.922077922077925,2.760822510822514,0.007868864110387452,0.029202026593670494,0.07186066331802654,0.03597038368900149,14.51456856488494,-19.0,-28.0,-28.475490196078436,-5.0
2004,1104,1393,1,Tournament,-0.1637931034482759,-0.7216748768472883,0.6268472906403986,-1.3485221674876868,0.04052179476827161,0.02128469563583668,-0.04113087848153818,0.0658947348140419,-47.64143845899957,7.0,-2.0,11.14646464646465,3.0
2004,1163,1435,1,Tournament,0.11818181818181828,5.257575757575765,-0.7939393939393966,6.0515151515151615,0.000998326791952664,0.007212517484184111,0.08682371925461818,-0.07514483961699531,69.92919072272412,-16.0,-14.0,-15.941176470588239,-4.0
2004,1329,1338,1,Tournament,0.02155172413793105,9.331896551724142,7.802801724137929,1.5290948275862135,0.04009644036651466,-0.01869985380541961,-0.0728854866116535,0.05409744199536831,27.435625145294807,6.0,-5.0,-0.8888888888888884,-1.0
2004,1386,1448,1,Tournament,0.2857142857142858,-6.035714285714278,-14.142857142857139,8.107142857142861,-0.026590284516668394,-0.027853939019575308,-0.16245561479738682,-0.09567582633711821,85.79648099773613,-8.0,-9.0,-12.63888888888889,-3.0
2004,1181,1228,1,Tournament,0.043749999999999956,7.216666666666669,2.168750000000003,5.047916666666666,0.021676565321664232,0.00725866935389799,0.023744630532952504,0.07651535842696938,10.554353131210519,-18.0,-17.0,-15.63888888888889,-4.0
2004,1210,1305,1,Tournament,-0.014583333333333282,2.5625,1.1145833333333286,1.4479166666666714,0.029451770813391787,0.01590797980435399,-0.056991327968539784,0.005720934594627969,-27.745716504630536,-12.0,-17.0,-20.48989898989899,-7.0
2004,1242,1412,1,Tournament,0.024630541871921152,0.30541871921182917,1.1785714285714306,-0.8731527093596014,0.009844282841602825,0.017275153406714622,0.02851760688848476,0.03925980824201439,14.891278255939369,-11.0,-17.0,-17.840909090909093,-5.0
2004,1400,1462,0,Tournament,0.0696969696969697,6.709090909090918,4.036363636363639,2.672727272727279,-0.024399896363670903,-0.027464877841167995,0.059426287082974094,-0.0295763616890157,-21.709033660743216,-9.0,-22.0,-21.947712418300657,-4.0
2004,1104,1163,0,Tournament,-0.23197492163009414,-6.884012539184951,3.5088819226750303,-10.392894461859981,0.011514677223588676,0.007408890165680887,-0.07773422177709038,0.1016213892163298,-94.436302679346,26.0,26.0,27.590909090909093,6.0
2004,1329,1386,1,Tournament,-0.06773399014778336,0.42118226600985054,2.396551724137929,-1.9753694581280783,0.02090163621400437,0.017825839304019514,0.11731701318482399,0.05062715028443501,30.201042710000365,4.0,3.0,3.0833333333333335,1.0
2004,1181,1462,1,Tournament,0.14678030303030298,9.325757575757578,2.605113636363633,6.720643939393945,0.012177389957833351,0.0045818623507973,0.05834356662587992,0.027455380724414585,8.61379224041707,-25.0,-36.0,-33.91993464052288,-6.0
2004,1210,1242,1,Tournament,0.004464285714285698,3.205357142857139,-0.8973214285714306,4.102678571428569,0.03180688775836227,-0.0003031111795252228,-0.02022964695616497,0.01744826735049121,5.563712050787217,-15.0,-15.0,-10.861111111111109,-1.0
2004,1163,1181,1,Tournament,-0.025568181818181768,-0.6590909090909065,-1.0293560606060623,0.3702651515151558,-0.007595020580292711,-0.004002162575817592,0.020147233493620686,-0.10026864444725347,15.803945233228205,7.0,6.0,5.361111111111111,1.0
2004,1210,1329,1,Tournament,-0.17780172413793105,-0.14439655172414234,3.384698275862071,-3.5290948275862135,0.004383549539091813,0.020384931263461387,-0.020903818237338168,0.002848533258321684,-83.33191076619573,1.0,3.0,4.33333333333333,1.0
2004,1163,1210,1,Tournament,0.09943181818181823,1.0284090909090935,-3.3418560606060623,4.370265151515156,-0.021414694485276442,-0.013388229822337783,0.09356244657494067,-0.10056327462099318,58.957200026203054,-2.0,-1.0,-3.2222222222222197,-1.0
2005,1105,1324,0,Tournament,0.1724137931034483,-1.275862068965509,-5.689655172413794,4.413793103448285,-0.0661254929596169,0.027668425915107292,-0.032424035655028216,0.000978265515040877,-7.370294988950491,95.0,101.0,53.685714285714255,0.0
2005,1112,1429,1,Tournament,0.04398826979472148,6.6989247311827995,12.06158357771261,-5.362658846529811,-0.054947852142414155,-0.007386835889191201,0.07524967801722099,-0.06726328978785162,42.63126191965398,-11.0,-32.0,-41.11282051282051,-11.0
2005,1130,1335,1,Tournament,0.1428571428571428,3.4642857142857224,3.0,0.4642857142857224,0.004439616310253525,-0.03721215132013592,0.055279634431868285,0.015935122262942414,29.3414574824626,-60.0,-51.0,-71.7135531135531,-9.0
2005,1153,1234,1,Tournament,0.11794354838709675,3.2006048387096797,-2.6118951612903203,5.8125,-0.027252625569735955,-0.027341159761106015,0.03800550775235689,0.02406700583151694,20.30225672935626,-2.0,-3.0,-8.58119658119659,-3.0
2005,1211,1457,1,Tournament,0.03448275862068961,12.93103448275862,10.758620689655167,2.172413793103452,0.02578928969057559,-0.02798477198287,0.06972548249837751,0.08321474208171939,59.165953994493975,-78.0,-85.0,-77.27894736842106,-11.0
2005,1192,1228,0,Tournament,-0.356793743890518,-3.2629521016617815,10.782013685239491,-14.044965786901273,0.007063792088644771,0.038510006774764294,-0.009474237182519107,0.001244855561550906,-177.61237085441985,192.0,200.0,180.80366300366302,15.0
2005,1184,1246,0,Tournament,-0.12962962962962965,-3.3629629629629676,5.581481481481482,-8.94444444444445,0.03002514082902691,0.011743313837079716,0.006115746276869061,-0.025999717087399205,-92.62035046981327,135.0,136.0,124.0923076923077,13.0
2005,1305,1400,1,Tournament,0.13793103448275867,-7.793103448275858,-6.482758620689658,-1.3103448275861993,-0.03642495575250371,0.005638972734891695,-0.023397829226217692,0.015546054357767791,48.94963676420889,13.0,16.0,3.5863363363363376,1.0
2005,1310,1328,0,Tournament,-0.0845383759733036,9.753058954393765,15.140155728587317,-5.387096774193552,-0.031458347295579725,-0.03105454702631219,0.019084051731514284,0.09387091809852471,-74.4484883375469,100.0,117.0,108.189010989011,11.0
2005,1334,1338,1,Tournament,0.18226600985221675,0.05665024630540927,0.5874384236453096,-0.5307881773399075,0.00895593699040298,0.006104693731244504,-0.121815455566184,-0.016515123394782283,47.52583441720412,17.0,-2.0,-2.7503373819163244,-1.0
2005,1403,1417,1,Tournament,0.023809523809523725,3.5333333333333314,-1.8619047619047677,5.395238095238099,-0.010217055174336687,-0.03422149404209371,-0.026675044768687595,0.002379006930515515,20.84823995733268,-10.0,-29.0,-12.957602339181282,-5.0
2005,1261,1412,0,Tournament,0.012235817575083519,-2.32369299221358,-0.5139043381535089,-1.8097886540600712,0.010324982233176627,0.01120373202078781,0.017939394410288245,0.021078384954619667,50.30627948525421,-23.0,-18.0,-21.833333333333336,-5.0
2005,1428,1431,1,Tournament,0.05208333333333337,-8.28958333333334,-9.56666666666667,1.27708333333333,0.04325179275155838,0.03826827111844089,0.058274433847970986,0.01483505488149639,5.3379817944123715,-43.0,-28.0,-20.955128205128208,-5.0
2005,1151,1448,0,Tournament,-0.20908004778972522,-14.26523297491039,-5.863799283154123,-8.401433691756266,-0.063421217162208,0.04687111399499261,0.008880141433919353,-0.0170599774178265,-122.13074634862005,160.0,139.0,134.15970695970697,13.0
2005,1285,1449,0,Tournament,-0.2672811059907835,-16.940092165898605,-4.383640552995388,-12.556451612903215,-0.021703695089710373,0.04656877498586878,-0.09108092482739072,0.12026688770381028,-143.20472394933404,182.0,177.0,161.47765567765566,15.0
2005,1166,1452,0,Tournament,0.019550342130987386,1.2893450635386188,-0.7399804496578639,2.0293255131964827,0.02816396800837495,0.015717481126107408,0.008305245939714212,0.05719175839466489,14.698489788419238,2.0,7.0,9.80158730158729,3.0
2005,1104,1454,0,Tournament,-0.04814814814814805,1.5444444444444514,0.7592592592592524,0.785185185185199,0.052220721998998354,-0.0096684978124644,-0.05453909520630912,0.10050628480497839,7.736092943499216,-24.0,-20.0,-29.79194139194139,-7.0
2005,1137,1242,1,Tournament,-0.08342602892102335,-11.867630700778648,-6.789766407119018,-5.07786429365963,-0.024933506454970444,0.03839463539036539,-0.04374500082066152,0.05324402340578277,-26.036246089439146,98.0,105.0,93.41172161172162,11.0
2005,1163,1416,1,Tournament,0.03448275862068961,10.34482758620689,1.6551724137931103,8.68965517241378,-0.04648429678258492,-0.027454322157294986,0.03473534159739755,0.024739761179600916,75.19687835807804,-180.0,-156.0,-117.07545787545789,-13.0
2005,1175,1181,0,Tournament,-0.23958333333333337,-17.360416666666666,-3.956249999999997,-13.404166666666669,-0.02138072341078423,0.04365066574399468,-0.028253007299163524,0.04700270162491632,-108.3058409972266,196.0,207.0,173.85201465201465,15.0
2005,1196,1325,1,Tournament,0.08924731182795709,5.060215053763429,-5.234408602150545,10.294623655913966,0.0327662473728948,0.0033687888427469947,-0.0007245903254201047,-0.04243724761853307,56.62917863808502,-75.0,-61.0,-52.90915750915751,-9.0
2005,1203,1210,0,Tournament,0.12528735632183907,2.6747126436781627,0.6310344827586221,2.0436781609195407,0.010376534261811898,0.006352856704882698,0.029729182366640294,0.001200871261777925,-1.676877546315609,21.0,20.0,21.525604551920345,7.0
2005,1235,1278,1,Tournament,-0.05672969966629582,-0.07230255839822064,1.2992213570634092,-1.3715239154616308,-0.02388478758257989,-0.043339002159027584,-0.026225358081504502,-0.030678091907925142,-23.083875735790798,14.0,13.0,11.30555555555555,1.0
2005,1257,1418,1,Tournament,0.21579532814238045,8.203559510567302,-5.561735261401566,13.765294771968861,0.026301225674630724,-0.0011968947275910191,-0.04915182823222741,0.10804198855197839,119.95290215650857,-49.0,-69.0,-61.43516483516484,-9.0
2005,1277,1330,1,Tournament,-0.0580357142857143,7.758928571428569,2.857142857142847,4.901785714285715,0.07246025104708775,0.01905315893368098,0.023336558400899488,0.026925040623775265,3.0529181876597704,-66.0,-42.0,-34.15091575091575,-7.0
2005,1280,1390,1,Tournament,0.08750000000000002,2.3375000000000057,-2.0333333333333314,4.370833333333337,0.015687656643939285,0.010544315545568117,0.04229222623546108,-0.008559844685742002,-20.269340775262663,3.0,-17.0,-4.833333333333343,1.0
2005,1150,1301,0,Tournament,0.15625,4.513392857142861,5.696428571428569,-1.1830357142857082,-0.04779337913318921,-0.007047604155266618,0.029278625227510124,0.006284272719914719,-14.834650429200565,25.0,18.0,0.728070175438603,-3.0
2005,1314,1324,1,Tournament,0.4916573971078977,18.429365962180214,-3.224694104560612,21.654060066740826,-0.010000523020085916,0.03588998866055429,0.06703766430175001,0.05211857482937349,179.73275996207894,-171.0,-184.0,-191.34652014652016,-15.0
2005,1329,1368,1,Tournament,0.08939974457215838,16.807151979565766,9.56577266922094,7.241379310344826,0.05818123425875599,-0.03263896825880572,0.040764858090855616,-0.06347860811016762,74.21180837327188,-124.0,-134.0,-122.17289377289377,-13.0
2005,1356,1388,1,Tournament,0.03931451612903225,-3.092741935483872,-5.164314516129039,2.0715725806451672,0.0008977136587911549,-0.0253145250285102,-0.03215619451163271,-0.1132747857104624,8.97700877854436,-34.0,-24.0,-4.5428571428571445,-3.0
2005,1393,1436,0,Tournament,0.018181818181818188,2.88484848484849,2.8242424242424207,0.060606060606069434,-0.0010922555125542632,-0.0049232902339022,0.0447887139462107,0.033734958589933,45.49144195615122,-59.0,-28.0,-39.29157509157509,-9.0
2005,1307,1437,0,Tournament,0.04783092324805338,2.112347052280313,2.2803114571746406,-0.1679644048943274,0.05545601539328937,0.03476257924198639,-0.0614429811175734,0.02052779935088972,-15.30424052867943,20.0,22.0,24.305555555555557,7.0
2005,1320,1458,0,Tournament,-0.06666666666666665,5.333333333333329,7.166666666666664,-1.8333333333333348,0.04747088490880497,-0.008704082819143005,-0.029998218987620284,-0.0187844624836922,-72.83973006546148,30.0,23.0,32.393406593406596,5.0
2005,1112,1412,1,Tournament,0.1407624633431086,1.86021505376344,-2.0029325513196454,3.8631476050830855,0.009466665583715284,0.014990875984188606,0.07146503499215501,-0.05181111655625392,81.12441055387853,-40.0,-36.0,-41.06837606837607,-8.0
2005,1228,1305,1,Tournament,0.1765935214211075,7.87251828631139,-2.396029258098217,10.268547544409607,0.019287847827428595,-0.049212323642629896,-0.009364270307995137,-0.0887384352340286,102.8470937543043,-46.0,-40.0,-37.60984060984061,-8.0
2005,1153,1246,0,Tournament,-0.05913978494623662,2.6860215053763454,2.519354838709681,0.1666666666666643,0.008122824562259268,-0.019057302606206195,0.03524560711891139,0.08493810827208742,-56.26935454814202,12.0,15.0,13.666666666666663,5.0
2005,1211,1403,0,Tournament,0.1954022988505747,2.156321839080462,0.22643678160919478,1.9298850574712674,0.03049773277137957,0.007086515512015196,0.07542055685192861,0.051679907349320875,58.469214124093696,-20.0,-1.0,-13.315789473684212,-3.0
2005,1328,1428,0,Tournament,-0.05913978494623662,8.05268817204302,6.098924731182798,1.9537634408602216,-0.00031847172850074656,-0.0301888589392888,-0.007189639896878486,-0.07287194308120659,2.029635706599038,-2.0,-14.0,-9.974358974358976,-3.0
2005,1334,1449,0,Tournament,0.05784204671857618,-13.812013348164626,-9.867630700778648,-3.944382647385977,-0.003972482371063957,0.020003215952388187,-0.0989831138163274,0.050964783622995,-22.82528612941701,29.0,22.0,20.557354925775982,7.0
2005,1448,1452,0,Tournament,0.16129032258064524,14.483870967741936,7.709677419354847,6.774193548387087,0.05305805951627973,0.012757981757207298,0.08122816168617875,0.09293846538641859,39.12973116724038,-30.0,-34.0,-29.15811965811966,-5.0
2005,1130,1454,0,Tournament,0.042328042328042326,-1.9603174603174551,-0.2526455026455068,-1.7076719576719483,-0.0011145836634757766,-0.014970047104250012,0.038193363319234064,0.05696353066125523,10.640088946059223,-21.0,-18.0,-36.22783882783882,-8.0
2005,1181,1280,1,Tournament,0.14583333333333337,7.329166666666666,-0.20000000000000284,7.529166666666669,0.03057697124838732,-0.029262998952513997,-0.0432534365092101,0.006810497592944276,100.67193161789646,-38.0,-29.0,-32.71153846153845,-8.0
2005,1210,1257,0,Tournament,-0.23763440860215057,-5.981720430107529,3.6548387096774206,-9.636559139784943,-0.028031172312504016,-0.009197308167913282,-0.011742295475216102,-0.06544164799140051,-92.57601668814891,14.0,13.0,18.139676113360323,1.0
2005,1277,1436,1,Tournament,-0.014285714285714346,5.471428571428575,1.423809523809517,4.047619047619051,0.050635111393260546,0.020750562167980297,0.03355464281761117,0.06261220910134568,12.72930060908493,-69.0,-32.0,-38.522344322344324,-8.0
2005,1163,1301,0,Tournament,0.16487068965517238,4.776939655172413,0.3836206896551744,4.393318965517238,-0.0538240855677955,0.011766551769192002,0.09344037128480998,-0.006341249140493388,60.205035219515594,-18.0,-15.0,-25.75641025641025,-8.0
2005,1235,1314,0,Tournament,-0.25027808676307006,-20.394883203559516,-6.120133481646278,-14.274749721913238,-0.04564300834949575,-0.02512810651132169,-0.07965663553257041,-0.06764220897700501,-99.42318298753821,43.0,48.0,45.8568376068376,8.0
2005,1329,1356,1,Tournament,0.0118534482758621,11.228448275862064,5.768318965517238,5.460129310344826,0.059271696236930294,0.00484047206956989,0.035223928710699404,0.054668385552179705,26.412894874697713,-22.0,-25.0,-20.144322344322347,-5.0
2005,1196,1437,0,Tournament,0.008045977011494343,3.1080459770114857,0.07816091954022397,3.0298850574712546,0.045186651339462314,0.025333159496122887,-0.06436446928334,0.025469728294917116,19.575603263369885,3.0,-3.0,0.2051282051282044,-1.0
2005,1137,1458,0,Tournament,-0.023655913978494536,-3.586021505376351,-1.181720430107525,-2.404301075268825,0.010107251813951779,0.05863356059160099,-0.004463672161983789,0.0564042751815812,-59.677877379784604,90.0,95.0,82.82197802197803,8.0
2005,1112,1329,1,Tournament,0.025078369905956133,1.5632183908046073,3.6833855799373083,-2.120167189132701,-0.038148814732056,0.000621716876901407,0.022685638625597193,-0.023766973587371204,8.032033708147537,8.0,6.0,2.9743589743589745,1.0
2005,1228,1454,1,Tournament,0.15488215488215484,3.5353535353535364,-3.9528619528619515,7.488215488215488,0.0191553313224212,-0.04367472222814059,-0.005309031171454537,0.005452529656909011,109.95701904326597,-41.0,-35.0,-47.68937728937728,-11.0
2005,1257,1449,1,Tournament,0.032258064516129004,-5.677419354838705,-10.774193548387103,5.096774193548393,-0.012056103105376192,0.021739335300174384,-0.0643816590506166,0.1276519552169752,15.179775804832161,-1.0,2.0,3.1282051282051286,3.0
2005,1403,1452,0,Tournament,-0.010752688172043001,7.307526881720435,3.85698924731183,3.4505376344086045,-0.005826168055219849,0.010209943601127203,0.030121457042248723,0.05746971846505372,-0.1799146372593441,1.0,-16.0,-6.818713450292396,-1.0
2005,1246,1428,1,Tournament,0.0,6.366666666666674,4.966666666666669,1.4000000000000057,-0.05103364549103845,-0.0313136490557224,-0.060801651375670174,-0.0766167343938608,20.463225241536747,-6.0,-16.0,-13.82051282051282,-4.0
2005,1181,1277,0,Tournament,0.04761904761904767,1.6952380952380963,2.44285714285715,-0.7476190476190467,-0.026213526928311026,-0.023298890584575876,-0.015134184675036688,-0.0015212181003856906,46.5389050300214,-1.0,-8.0,-11.615384615384613,-4.0
2005,1314,1437,1,Tournament,0.1123470522803115,15.015572858731929,7.602892102335936,7.412680756395993,0.013069689237342974,0.0372110952784272,0.01517452390829932,0.070361912173806,22.88484778965926,-6.0,-15.0,-14.717948717948719,-4.0
2005,1301,1458,0,Tournament,-0.13958333333333328,6.677083333333329,6.741666666666667,-0.06458333333333766,0.04496594926630598,-0.0032343757470862933,0.021013792951171117,0.027081855489058004,-50.66731465536304,4.0,9.0,20.474358974358964,4.0
2005,1112,1228,0,Tournament,-0.15151515151515138,2.2424242424242493,9.424242424242422,-7.181818181818173,0.011079000004995787,0.04291621075728108,0.0452596017534051,-0.010688666898469007,-62.263560726289825,14.0,11.0,9.205128205128204,2.0
2005,1257,1452,1,Tournament,0.19354838709677424,10.322580645161295,-3.0645161290322562,13.387096774193544,0.02442050527927564,0.0397358450707353,0.05471759899086903,0.1177638458050233,78.60453034009174,-26.0,-31.0,-24.74786324786325,-3.0
2005,1246,1277,0,Tournament,0.04761904761904767,-4.338095238095235,-1.4571428571428484,-2.8809523809523796,-0.05944010280632511,-0.002172154457590697,-0.03631247744006727,-0.049195025653351376,29.139956207877503,9.0,-3.0,-6.512820512820511,-3.0
2005,1314,1458,1,Tournament,0.1376344086021506,21.607526881720432,10.624731182795706,10.982795698924726,0.021362861332772265,0.022700983400397695,0.10215749876196034,0.0755015350986179,37.25118503694466,-18.0,-17.0,-16.410256410256412,-5.0
2005,1228,1257,1,Tournament,0.09872922776148574,-3.12414467253177,-2.523949169110452,-0.6001955034213111,-0.023506017450992733,-0.06147351267631998,-0.0018265183188295175,-0.1149794329260834,28.729233000854265,-8.0,-6.0,-8.025641025641026,-3.0
2005,1277,1314,0,Tournament,-0.08525345622119818,-10.702764976958534,-6.900921658986192,-3.8018433179723488,0.030745530753009565,-0.00920098494940691,-0.045620711942374936,-0.04914779465051772,-54.90326233814176,2.0,9.0,13.538461538461537,4.0
2005,1228,1314,0,Tournament,0.09872922776148574,-11.349951124144681,-10.136852394916914,-1.2130987292277666,-0.01217022943851559,-0.057593183316319685,-0.06270051976806523,-0.10420619772281639,43.42136786894548,-1.0,-1.0,-0.9999999999999998,0.0
2006,1214,1284,0,Tournament,-0.0463709677419355,1.9627016129032313,-0.1935483870967829,2.156250000000007,-0.03433536434941281,-0.006255017410997182,0.09936633645837673,0.02467723037015221,-72.92668720189295,67.0,101.0,92.15151515151513,0.0
2006,1104,1266,1,Tournament,-0.06896551724137934,-4.241379310344826,-2.5172413793103487,-1.7241379310344769,-0.018602283802578334,-0.005551642258695699,0.022359951832872427,0.06176510908811231,-25.548200336932496,49.0,26.0,23.028571428571432,3.0
2006,1130,1334,1,Tournament,0.022629310344827624,0.8071120689655231,3.2887931034482776,-2.4816810344827545,0.00587439579771587,0.004198415644343895,0.09387455390011018,0.03990695670322128,52.08123635883135,-70.0,-62.0,-65.45372645372646,-9.0
2006,1181,1380,1,Tournament,0.29618768328445755,16.740957966764412,4.453567937438905,12.28739002932551,0.0729277724458629,-0.045339443655639994,-0.04967875920731818,0.0584601778714767,156.41656043604166,-174.0,-204.0,-179.90417690417695,-15.0
2006,1196,1375,1,Tournament,0.025078369905956133,5.169278996865202,-1.108672936259154,6.277951933124356,0.05166742685719794,0.016437157166188404,-0.010904134414404965,0.06580494541370419,44.76692001663582,-70.0,-85.0,-60.55528255528256,-11.0
2006,1203,1423,1,Tournament,0.1473214285714286,11.308035714285708,7.709821428571431,3.5982142857142776,-0.028466830170993218,-0.0064315563297153155,0.020090487746026786,0.03572276698308191,3.935374145384685,-9.0,-26.0,-18.068796068796065,-1.0
2006,1211,1462,1,Tournament,0.2225806451612904,8.648387096774186,9.531182795698925,-0.8827956989247383,-0.027177366423309424,-0.023700242472086797,0.0597676917831621,0.008586664729428095,98.01352442568805,-40.0,-41.0,-47.97694753577106,-11.0
2006,1102,1228,0,Tournament,-0.020737327188940058,-6.467741935483872,-3.525345622119815,-2.942396313364057,0.05177898571251893,0.011126508450864603,-0.08645122011198042,0.0533932152325064,-37.933553698125706,38.0,49.0,42.64942084942085,9.0
2006,1231,1361,1,Tournament,-0.11264367816091947,-2.7609195402298923,-0.9034482758620612,-1.857471264367831,0.012460550922305691,-0.00043240773170791225,-0.08611628972872332,-0.07315798714054972,-34.80519241096499,-10.0,-37.0,-22.16386554621849,-5.0
2006,1233,1261,0,Tournament,0.03333333333333344,5.599999999999994,6.700000000000003,-1.1000000000000085,0.012716489567104694,-0.019820583354495103,-0.0306725677788679,0.017678867728476877,-47.85845490997917,48.0,49.0,49.283374283374286,9.0
2006,1285,1305,1,Tournament,-0.06093189964157708,5.9223416965352556,8.139784946236553,-2.2174432497012955,0.06999105744204581,0.018248643676974208,-0.030402358960724685,0.00955997921382154,-67.20234517329095,69.0,73.0,56.47747747747748,7.0
2006,1397,1457,1,Tournament,0.0,8.642857142857139,12.67857142857143,-4.035714285714292,0.029130027234614664,-0.02415564698911002,-0.0648589746230101,-0.030795860005252695,11.159651512903793,-76.0,-57.0,-70.87633087633088,-13.0
2006,1393,1401,0,Tournament,-0.047667342799188606,3.6460446247464517,8.551724137931032,-4.90567951318458,-0.009176265458557376,0.005837706191865494,0.05289217870295693,-0.08427440788468779,16.753798633550105,19.0,-13.0,-7.18996138996139,-7.0
2006,1125,1417,0,Tournament,-0.1515151515151516,13.25757575757575,16.812121212121212,-3.554545454545459,0.04691922555891603,0.005183742507220895,-0.025479830776410306,-0.023639618338127277,-87.47542191368439,131.0,169.0,144.22358722358723,13.0
2006,1429,1449,0,Tournament,-0.06666666666666676,-10.933333333333337,-5.1000000000000085,-5.833333333333329,0.0515376425024362,-0.005696659614298105,-0.09050882376924341,-0.042480081267902925,-28.74434357772884,46.0,47.0,41.60492845786963,7.0
2006,1328,1454,0,Tournament,0.0,-4.928571428571431,-2.7142857142857153,-2.2142857142857153,0.033852078193346014,0.012146497581760285,0.041212307630785594,-0.0475165466576169,7.03530380121606,-30.0,-31.0,-32.645372645372646,-5.0
2006,1371,1455,0,Tournament,-0.12124582869855394,-0.4949944382647402,4.899888765294776,-5.394883203559516,-0.02995723897379432,-0.007109185214932201,0.00543149516426189,0.019293903357697706,-47.85065993325384,17.0,26.0,22.17142857142857,3.0
2006,1112,1458,1,Tournament,-0.02043010752688168,1.9354838709677438,3.3645161290322534,-1.4290322580645087,0.007126703233273024,0.014913717167518381,0.009760794894087599,-0.025758144322063414,24.688647864606082,1.0,5.0,4.70420168067227,-1.0
2006,1133,1242,1,Tournament,-0.10752688172043012,-2.821505376344092,3.235483870967741,-6.056989247311833,-0.023961206115620637,-0.005477622423820688,-0.025061219195033846,0.003948061649046208,-77.34859924706575,28.0,26.0,29.7670906200318,9.0
2006,1116,1137,0,Tournament,-0.15239154616240258,8.012235817575089,9.409343715239153,-1.397107897664064,0.0023809669977692405,-0.03341570339915309,0.032145778222886445,0.023619674122217688,-17.63468383774898,-26.0,-24.0,-14.688311688311689,-1.0
2006,1107,1163,0,Tournament,-0.2225806451612904,-12.462365591397841,-1.1430107526881699,-11.319354838709671,0.021273891730479833,0.033427456565151004,-0.08059660451171319,0.024118772166749902,-142.0451101589549,135.0,152.0,137.16707616707615,15.0
2006,1206,1277,1,Tournament,0.11041666666666672,-4.537499999999994,-9.666666666666664,5.12916666666667,-0.0004276949512371786,-0.0044951710500354125,-0.035350769197517895,-0.06663142570314498,22.935631403647676,5.0,9.0,16.98787878787879,5.0
2006,1207,1320,1,Tournament,0.0,1.2333333333333343,0.8999999999999986,0.3333333333333357,0.032548336669479594,-0.003166882083237288,0.06761785842728762,-0.022351868709636097,31.50844659246991,-7.0,-17.0,-12.954689984101744,-3.0
2006,1246,1412,1,Tournament,-0.15673981191222575,-3.476489028213166,0.1922675026123386,-3.6687565308255046,0.03167861608140732,0.008179049139066086,0.07751225073202761,-0.03404241490688728,-43.74156094970181,-14.0,-10.0,-2.479365079365081,-1.0
2006,1272,1331,1,Tournament,0.26392961876832854,6.586510263929611,-1.927663734115356,8.514173998044967,-0.04207749827211088,0.003151859898664011,0.026643596428527816,-0.04045625750686607,139.3396038080607,-121.0,-116.0,-117.18345618345619,-15.0
2006,1143,1301,0,Tournament,-0.033333333333333326,-6.5,-2.933333333333337,-3.566666666666663,-0.04441260085489673,-0.011035063497221886,0.035240217843521715,0.028514565825116522,32.213297345264436,25.0,27.0,15.511128775834663,-3.0
2006,1293,1314,0,Tournament,0.034482758620689724,-9.275862068965523,-7.482758620689658,-1.7931034482758648,-0.0338063486536212,-0.0317202034108402,-0.050843658308165285,-0.1061503910418361,-43.62715758102627,83.0,83.0,68.05896805896806,11.0
2006,1234,1322,0,Tournament,-0.0010449320794148065,-9.364681295715783,-10.828631138975972,1.4639498432601883,-0.050619835862450335,-0.01181253352357331,-0.03894315103540957,-0.004360641696729395,56.36038391722104,-60.0,-72.0,-66.2022932022932,-11.0
2006,1172,1326,0,Tournament,-0.20370370370370372,0.8925925925925924,6.6851851851851904,-5.7925925925926,-0.0005904777517059534,0.020311868096535096,0.0724466920180476,-0.016440015767053784,-106.01177434277133,111.0,117.0,110.02620802620802,13.0
2006,1245,1338,0,Tournament,-0.024193548387096753,-0.3891129032258078,2.350806451612904,-2.7399193548387117,-0.014115887613218914,0.0031664182432842025,-0.06899277723043651,0.04883334781654147,3.340097120985547,51.0,55.0,45.4930384930385,7.0
2006,1335,1400,0,Tournament,-0.11447811447811451,-7.121212121212125,-0.016835016835010208,-7.104377104377107,-0.017521445437494954,0.0005918777105106965,-0.10381182289755819,-0.04641908187859167,-107.75423711473354,97.0,93.0,96.61261261261264,13.0
2006,1284,1437,0,Tournament,-0.2995689655172413,-10.57004310344827,0.20689655172413524,-10.776939655172406,0.013448874644476805,0.050683233410443895,-0.09292514662215412,-0.03711788083682008,-127.65184192871061,191.0,174.0,167.58067158067158,15.0
2006,1356,1452,0,Tournament,0.05450500556173532,-9.880978865406014,-9.292547274749715,-0.5884315906562989,-0.06168834567937004,0.08106838182979731,0.10693238589978768,0.06017984827900272,23.11824146684944,30.0,24.0,18.86724960254373,5.0
2006,1130,1285,1,Tournament,0.00347222222222221,-3.6168981481481524,-4.458333333333329,0.8414351851851762,-0.017137703017572004,-0.01210424740793331,0.06451779793055656,0.015894222562579163,59.96309622123658,-71.0,-83.0,-65.42342342342343,-8.0
2006,1181,1203,1,Tournament,-0.01948051948051943,3.5508658008658074,2.2911255411255382,1.259740259740271,0.09529980242411462,0.011206161869912912,-0.03876829364823048,0.03810930358362369,42.16299817780214,-30.0,-21.0,-21.10810810810811,-7.0
2006,1196,1454,1,Tournament,0.10389610389610393,5.7370129870129745,-0.9621212121212182,6.699134199134193,0.09117775656985799,0.021857328575293905,-0.0702737510820079,0.023882997875531886,73.77478818705504,-63.0,-60.0,-53.88861588861589,-8.0
2006,1211,1231,1,Tournament,0.2793103448275862,8.92758620689655,6.570114942528733,2.357471264367817,-0.03596942384742147,-0.035540585169589606,0.0823985038868616,0.0868113880952624,87.00088115103358,-14.0,-7.0,-15.166023166023162,-3.0
2006,1261,1401,1,Tournament,0.009195402298850519,5.559770114942523,4.785057471264366,0.7747126436781571,0.006414903136623296,0.015876079893692496,0.10158463298669052,-0.04078001327230968,14.572619763762077,-20.0,-27.0,-18.676447876447874,-8.0
2006,1104,1417,0,Tournament,-0.23197492163009414,1.3897596656217388,8.016718913270637,-6.626959247648896,-0.01451073065412245,-0.017943812160883893,-0.012062862499757077,0.009997046503906815,-97.84334735484276,59.0,44.0,44.176833976833976,8.0
2006,1228,1449,0,Tournament,0.006451612903225712,-12.432258064516134,-11.336559139784953,-1.095698924731181,-0.002911109508159093,-0.011802386914215396,-0.059464483907030685,-0.07032779354149332,-1.5995535814336108,-9.0,-13.0,-12.324324324324326,-1.0
2006,1397,1455,0,Tournament,0.008064516129032251,12.998847926267274,12.130184331797238,0.8686635944700356,0.044257511435605246,-0.0210188293109676,-0.03264986009557602,-0.03335137472645422,-10.454168641980004,-24.0,-18.0,-16.27027027027027,-5.0
2006,1133,1338,1,Tournament,-0.10752688172043012,-0.9182795698924764,1.525806451612901,-2.4440860215053775,-0.013980139928066793,0.010217569520018205,-0.02887819959482113,-0.027392751356781014,-27.28764124188183,24.0,27.0,30.226550079491258,8.0
2006,1163,1246,1,Tournament,0.26363636363636367,10.878787878787875,-0.17272727272727195,11.051515151515147,-0.025001318790454585,-0.007760158270791601,0.0637669111556326,0.07222405509817051,106.50886073926245,-28.0,-32.0,-33.36447876447876,-7.0
2006,1206,1314,1,Tournament,0.008045977011494343,-10.979310344827582,-10.0632183908046,-0.9160919540229813,-0.009508784650761437,-0.019812094845678502,-0.09267471009517375,-0.0699335710210672,-44.828690308602745,18.0,29.0,32.301392301392305,8.0
2006,1207,1326,1,Tournament,-0.13333333333333341,-8.033333333333331,-3.9666666666666686,-4.066666666666665,0.019751321853913262,0.0258215481529164,0.0689575091564219,-0.01481528981783689,-61.9758753426795,8.0,8.0,16.270270270270274,5.0
2006,1137,1272,0,Tournament,-0.047021943573667846,-14.5987460815047,-10.223615464994772,-4.375130616509928,0.035813522875302206,0.020814830292000597,-0.09839850617181944,0.007035091635320789,-57.004364404617036,35.0,38.0,35.03194103194103,8.0
2006,1301,1400,0,Tournament,-0.11818181818181828,-0.4212121212121218,7.575757575757578,-7.9969696969697,0.02771127997873657,-0.0015836670270545083,-0.1231782393740124,0.021775768894925218,-101.07307954332373,19.0,20.0,26.405405405405403,8.0
2006,1112,1437,0,Tournament,-0.2491657397107897,-2.4783092324805267,4.2714126807563915,-6.749721913236917,-0.01201292961088668,0.010975664148119596,-0.001213911330986528,-0.03414128137205888,-105.04035430851968,32.0,38.0,36.10651828298887,7.0
2006,1322,1452,0,Tournament,0.10344827586206895,5.103448275862064,4.551724137931046,0.5517241379310178,-0.0110350081838817,0.08631598453463271,0.1255892318578524,0.12167950048022452,26.53917888058527,56.0,66.0,53.95904995904996,8.0
2006,1181,1261,0,Tournament,0.1757575757575759,7.74848484848485,3.7363636363636346,4.012121212121217,0.03773040669154004,-0.017607899423086992,-0.09344371563558279,0.03067146151701089,62.045280516203775,-12.0,-11.0,-14.37837837837838,-3.0
2006,1133,1272,0,Tournament,-0.24242424242424254,-9.375757575757575,-1.5787878787878782,-7.796969696969697,0.02330439930156991,0.007852504075255895,-0.06178955505216904,-0.014350077047120102,-85.59527117448624,25.0,32.0,36.28060413354531,12.0
2006,1400,1452,1,Tournament,0.1630094043887148,5.466039707419014,-4.94357366771159,10.409613375130604,-0.01553480989791689,0.0662889882738715,0.1664943104629165,0.10492508611628498,71.3540415219029,-12.0,-17.0,-18.108108108108105,-4.0
2006,1211,1417,0,Tournament,0.08181818181818179,11.524242424242416,13.345454545454544,-1.8212121212121257,-0.026104330840290235,-0.04179331385759061,0.007186028646366416,0.03420999428218141,14.257379454135389,15.0,5.0,5.8108108108108105,1.0
2006,1163,1449,1,Tournament,0.09999999999999998,-1.066666666666677,-4.0,2.933333333333323,-0.024332678561056864,-0.018711977385869605,0.031201975144654615,0.019513799612366406,69.76041953515187,-18.0,-18.0,-19.81081081081081,-4.0
2006,1196,1207,1,Tournament,0.11818181818181828,12.606060606060595,5.25454545454545,7.3515151515151445,0.025374188664531783,0.019993262662358208,-0.0280027238140389,0.07770520488950869,54.38053613232364,-12.0,-10.0,-13.405405405405407,-4.0
2006,1206,1455,1,Tournament,0.02473118279569897,1.0774193548387103,-2.7150537634408565,3.792473118279567,0.03230625097238454,0.0038477545198541963,-0.01992243001993388,-0.03788984145786442,7.0995686165683765,-11.0,6.0,8.787878787878789,4.0
2006,1130,1437,0,Tournament,-0.08081896551724133,-0.8825431034482705,3.0818965517241352,-3.9644396551724057,0.04081286678476942,0.016770994138764206,0.039596028252412874,0.016267621025910117,-23.37759643382128,16.0,14.0,13.702702702702702,3.0
2006,1261,1400,1,Tournament,-0.08484848484848495,-1.354545454545459,5.142424242424241,-6.4969696969697,0.00017798396682833229,0.0078733638003812,0.009520084345247926,-0.02049637163741047,-21.11820076148615,7.0,8.0,9.783783783783786,2.0
2006,1272,1417,0,Tournament,0.09090909090909094,12.333333333333329,6.757575757575751,5.57575757575758,-0.05351399222528902,-0.015295442644085694,0.026703172085236038,-0.02870069687441898,29.14199749937484,-5.0,-8.0,-6.081081081081083,-1.0
2006,1196,1437,1,Tournament,-0.04388714733542309,3.858934169278996,0.9947753396029171,2.8641588296760787,0.06662279854459191,0.04162554878728872,-0.03677239456794229,0.040464601681900914,-22.046923169729098,2.0,3.0,6.54054054054054,2.0
2006,1163,1206,0,Tournament,0.1333333333333333,11.933333333333323,6.600000000000001,5.3333333333333215,-0.032361373024868245,-0.0189648008299636,0.11457818958186078,0.05191026484153452,77.17440204522904,-26.0,-36.0,-39.40950040950041,-10.0
2006,1196,1206,1,Tournament,0.051515151515151514,9.87272727272726,5.954545454545446,3.9181818181818144,0.04389743955795633,0.013877339100425518,0.00047342792521398724,0.08154524174221209,40.997230863547884,-23.0,-32.0,-31.70679770679771,-8.0
2006,1261,1417,0,Tournament,-0.08484848484848495,6.190909090909088,6.11212121212121,0.07878787878787996,-0.00693216514574424,-0.004497969960357701,0.026802952075910824,-0.019961007703641176,-26.4953013408101,1.0,-1.0,4.243243243243244,2.0
2006,1196,1417,1,Tournament,0.0,10.696969696969688,5.666666666666657,5.030303030303033,0.04170567114818857,-0.0021842308920682896,-0.061397414704069175,0.03159862185922491,-5.04855953639003,-7.0,-7.0,-1.5135135135135158,1.0
2007,1197,1310,0,Tournament,-0.08602150537634401,-7.09286412512219,-3.3724340175953103,-3.72043010752688,0.021623119315222872,0.0589804270213152,-0.004021465666881885,0.039648044787536085,-69.06367983208793,87.0,69.0,61.58299595141699,0.0
2007,1130,1403,1,Tournament,0.008797653958944274,3.0694037145649986,1.2346041055718473,1.8347996089931513,0.02990050491674623,0.030445793710461994,0.07986868446231221,0.050470846406005576,-7.254664503406957,-26.0,-30.0,-20.4,-3.0
2007,1139,1330,1,Tournament,0.056451612903225756,-1.8346774193548328,-5.220766129032256,3.3860887096774235,0.02588376633250905,-0.02886069998052679,-0.0513065256992139,0.059860707648366596,-25.37325379008439,-42.0,-47.0,-25.863664790494063,-7.0
2007,1125,1207,0,Tournament,-0.10282258064516125,4.1764112903225765,7.447580645161295,-3.271169354838719,-0.016885638691773064,-0.005486337135227198,-0.057006095172886795,-0.046554637258687914,-142.05497108900227,126.0,118.0,114.97069597069599,13.0
2007,1211,1231,0,Tournament,0.030303030303030387,8.221212121212119,7.924242424242436,0.2969696969696898,0.03631001014957613,0.011788830215046814,-0.024386708688412417,0.04744757228750812,19.23325612638837,34.0,18.0,21.800000000000004,3.0
2007,1257,1390,1,Tournament,0.10967741935483877,1.3569892473118301,-3.86344086021505,5.22043010752688,-0.010762895165293107,-0.027883138519197104,0.002268117531959213,-0.012613579458025187,89.55525292519337,-38.0,-20.0,-25.272619047619045,-5.0
2007,1172,1268,0,Tournament,0.12096774193548387,0.5,1.1159274193548328,-0.6159274193548328,-0.007395218228010758,0.007371916757722807,0.011004492236950991,-0.052400382206867185,21.46483302182105,63.0,44.0,32.16849816849817,9.0
2007,1266,1277,0,Tournament,0.05208333333333337,7.3465909090909065,8.303030303030305,-0.956439393939398,-0.029173279003080588,-0.03480537334037892,0.007699855875667738,-0.016474182999545617,27.428092495127203,15.0,14.0,0.8642857142857139,-1.0
2007,1184,1314,0,Tournament,-0.19019607843137254,-20.931372549019613,-4.617647058823536,-16.31372549019608,0.010451122726028883,0.04437020792338428,-0.08817180081200199,-0.0955569765738006,-117.83856256831086,187.0,167.0,158.48370927318294,15.0
2007,1148,1326,0,Tournament,-0.24242424242424254,-4.333333333333343,5.575757575757585,-9.909090909090928,-0.03609737850622147,0.025085391904934196,0.032133433534710376,0.05587885256692898,-139.44576241350114,170.0,191.0,160.55263157894737,15.0
2007,1338,1460,1,Tournament,0.07536764705882348,6.553308823529406,0.816176470588232,5.737132352941174,0.015951207607790674,-0.014809857979813212,0.064863183053192,0.017528791066636823,40.10853486041265,-85.0,-78.0,-73.62454212454212,-11.0
2007,1335,1401,0,Tournament,-0.082313681868743,-2.2536151279199146,8.323692992213573,-10.577308120133488,-0.0024275797064927662,0.010444203016793996,-0.018747477469730378,-0.023651208142626612,-27.921868353173068,97.0,101.0,84.80402930402931,11.0
2007,1417,1451,1,Tournament,0.22619047619047628,0.9309523809523768,-9.719047619047622,10.65,-0.03452582892621514,-0.05100301535601828,0.04254700420863611,-0.1490247137750927,101.27876597017848,-176.0,-147.0,-148.5563909774436,-13.0
2007,1181,1433,0,Tournament,-0.13068181818181823,-4.600378787878782,-3.2575757575757507,-1.3428030303030312,0.014927101415442512,0.04531395836370722,0.024703174713923026,-0.010135277555011979,-55.85441091826215,-62.0,-45.0,-32.07628205128205,-5.0
2007,1203,1435,0,Tournament,0.10860215053763445,-4.668817204301078,-7.2731182795699,2.6043010752688227,-0.025556622326615763,0.012723523951460702,0.06598438504902898,-0.02658990694409069,15.69904066933168,31.0,17.0,23.6,5.0
2007,1331,1450,0,Tournament,-0.09375,5.1875,6.34375,-1.15625,0.010191218193927987,0.050499283794638,0.08097456749846688,0.10980982888089591,-60.16556693396615,61.0,73.0,75.41575091575092,11.0
2007,1140,1462,0,Tournament,0.0,0.9375,4.84375,-3.90625,0.022686457340232447,0.008335126431686907,-0.02574172373856709,-0.10777247134358853,24.34026267029253,21.0,3.0,-5.602380952380948,-1.0
2007,1196,1238,1,Tournament,0.24688057040998213,8.293226381461679,-10.74420677361853,19.03743315508021,0.10751505871157468,0.0166951701588125,0.01936337347853545,0.014617788844839164,160.18478294605688,-289.0,-229.0,-205.1528822055138,-15.0
2007,1242,1310,1,Tournament,0.21568627450980393,2.3805704099821696,-12.697860962566843,15.07843137254902,0.03177110500782793,0.021007385266121892,-0.0068639764339354925,-0.05739817840752673,112.64887717780675,-167.0,-158.0,-144.60622710622712,-15.0
2007,1246,1437,1,Tournament,-0.02116935483870963,1.3699596774193594,2.6975806451612954,-1.327620967741936,0.0554232781402938,0.018193377378120212,-0.03757287305761253,-0.06085042727425288,-50.06514720892096,-1.0,-2.0,-2.875,-1.0
2007,1272,1317,1,Tournament,0.24242424242424254,3.3424242424242436,-9.800000000000004,13.142424242424248,-0.009230684992243776,-0.0238946143824518,-0.012280494318175739,-0.005642362345207208,143.6925554616721,-176.0,-136.0,-136.75062656641603,-13.0
2007,1166,1305,0,Tournament,-0.18346774193548387,-10.521169354838705,-6.820564516129039,-3.7006048387096655,-0.03143993687922075,-0.007948302786184497,-0.0545771760104532,0.08593794886516729,4.688057478171913,-31.0,-1.0,3.3902439024390247,3.0
2007,1275,1332,0,Tournament,-0.22537878787878785,-16.83143939393939,-8.533143939393938,-8.298295454545451,-0.010034710751290477,0.0472835061233072,-0.05580932712810699,0.009202336950529605,-72.98356522035078,72.0,84.0,90.28388278388279,11.0
2007,1112,1345,0,Tournament,0.01041666666666663,8.560416666666669,9.46875,-0.9083333333333314,0.0034350797997417803,-0.020649501996660796,0.02512406420075841,0.05061555253617511,-11.23171028446518,1.0,-20.0,-18.625,-1.0
2007,1221,1356,0,Tournament,-0.05492424242424243,0.9611742424242493,0.019886363636366866,0.9412878787878816,-0.04027523065989469,-0.007341265965758209,0.058081996746364384,-0.028505408123469855,-66.45025498161817,65.0,76.0,71.66666666666666,9.0
2007,1253,1397,0,Tournament,0.07916666666666672,0.8770833333333314,-0.5374999999999943,1.4145833333333258,-0.005525088543050061,0.003981091289937011,-0.0006134744119738467,-0.0034253306922560067,-3.098171564890663,92.0,67.0,62.6260162601626,7.0
2007,1308,1400,0,Tournament,0.022727272727272707,-4.555871212121218,0.15435606060606233,-4.7102272727272805,0.01185019864271497,0.059831346449194606,0.021383440156427402,0.02936527370113312,-30.468535687953363,80.0,67.0,51.578571428571436,9.0
2007,1210,1424,0,Tournament,-0.1730205278592376,4.066471163245353,2.6070381231671576,1.4594330400781956,0.05193158264313591,0.03958789553581671,0.04645553789135337,0.018033828508219996,-81.88416323480874,-38.0,-10.0,8.895238095238096,3.0
2007,1116,1425,0,Tournament,-0.05882352941176472,-0.029411764705884025,0.6764705882352899,-0.705882352941174,-0.004133550053801338,0.005990670836476586,0.06022695676238937,0.0015530485308514197,-7.293274739622348,-13.0,5.0,7.186904761904756,7.0
2007,1107,1438,0,Tournament,0.06357758620689657,-9.198275862068968,-7.289870689655174,-1.9084051724137936,0.01717807060638671,0.011666332529844198,-0.025745391313068244,-0.07914502513399718,14.674345803576898,102.0,85.0,71.53205128205128,9.0
2007,1228,1439,0,Tournament,0.03130929791271353,-7.532258064516128,-7.981973434535099,0.4497153700189713,-0.03076956712692641,0.03884363515293149,0.03944777932228061,-0.02308611204736427,24.3993531317019,-2.0,20.0,0.25,7.0
2007,1323,1457,0,Tournament,-0.08294930875576034,7.441244239631331,4.949308755760384,2.491935483870952,-0.01655281275973719,-0.017904090047171195,0.04542046574833081,0.09630260869398527,-4.178585752519211,-54.0,-23.0,-25.06271777003484,-5.0
2007,1394,1458,0,Tournament,-0.05294117647058816,9.07843137254902,13.23137254901961,-4.152941176470591,0.05646318001819711,0.04953171593927311,0.026272644073435714,0.0792530086519243,-63.16691451323754,122.0,81.0,82.95054945054945,13.0
2007,1139,1268,1,Tournament,0.056451612903225756,-11.209677419354833,-10.658266129032256,-0.5514112903225765,0.008964314474326995,-0.05329927363784939,-0.059330007111806526,0.0350618863300301,-34.909320450134146,16.0,10.0,17.817653890824623,1.0
2007,1130,1207,0,Tournament,-0.16733870967741937,6.1764112903225765,12.995967741935488,-6.819556451612911,-0.018030497554212488,-0.022166579004936293,-0.017926395266401385,0.08451753536762385,-141.18082006208738,36.0,26.0,31.85595238095238,5.0
2007,1277,1314,0,Tournament,-0.1568627450980392,-21.17379679144385,-11.42067736185384,-9.753119429590011,-0.019158127526155422,0.059095135193582504,0.01494652518936429,-0.013254574693455423,-80.85299250022786,12.0,21.0,24.754761904761907,8.0
2007,1326,1462,1,Tournament,0.15909090909090917,-2.7698863636363598,-4.629734848484851,1.8598484848484915,-0.005523108685393852,-0.003191818639496996,-0.042085236620199584,-0.11883127250718872,120.61455911877442,-30.0,-39.0,-36.15,-8.0
2007,1338,1433,1,Tournament,-0.02406417112299475,-3.640819964349376,-2.3163992869875187,-1.3244206773618572,-0.013599736905189896,0.004275627758828698,0.0482940821576997,-0.018594837396279762,27.290371291451947,-60.0,-48.0,-39.93223443223443,-8.0
2007,1257,1401,0,Tournament,-0.09677419354838701,-5.032258064516128,3.70967741935484,-8.741935483870968,-0.06343166288320201,-0.021067037397188515,0.02353427322929974,-0.04942538979697339,12.26019146374756,10.0,24.0,16.16666666666667,3.0
2007,1231,1417,0,Tournament,-0.16666666666666674,-1.0666666666666629,1.5999999999999872,-2.666666666666659,-0.0020642174301341853,0.009334398004142291,-0.01190033227841819,0.050840319268088185,-61.691700911209864,12.0,22.0,25.364285714285714,5.0
2007,1435,1450,1,Tournament,-0.1479166666666667,9.202083333333334,12.341666666666669,-3.1395833333333343,0.016230394309127538,0.00999064853679249,0.026353762170737094,0.015523974703771898,-42.21189916183312,18.0,31.0,29.661904761904758,3.0
2007,1196,1345,1,Tournament,0.1966911764705882,9.41727941176471,-1.472426470588232,10.889705882352942,0.06003325742991028,0.01193046268621109,0.01649260425790866,0.020062802371624888,73.10680237398196,-19.0,-29.0,-33.82261904761904,-8.0
2007,1242,1246,1,Tournament,0.22610294117647056,4.909926470588232,-6.345588235294109,11.255514705882348,-0.02562468535461726,-0.011593245687384512,0.034054820681270304,-0.046243961623539914,142.95411679270433,-16.0,-14.0,-15.552380952380954,-7.0
2007,1272,1305,1,Tournament,0.0381231671554253,1.8983382209188733,-4.924731182795703,6.823069403714577,-0.03058094106380249,-0.028598667655589993,-0.019099842622520402,0.0020385245936979934,67.7840846653512,-54.0,-24.0,-17.61904761904762,-5.0
2007,1332,1457,1,Tournament,-0.06926406926406925,2.2867965367965297,3.0822510822510907,-0.7954545454545574,-0.01227722738426329,-0.023114909454105992,0.01978077547711582,0.0431720006613652,7.267786642508099,-50.0,-22.0,-31.943670150987224,-8.0
2007,1356,1439,1,Tournament,0.16733870967741937,-8.751008064516128,-7.7852822580645125,-0.9657258064516157,0.006144515645365889,0.0684080757487055,-0.02702306996744508,0.043004935106014,101.23799214271685,9.0,-8.0,-22.083333333333336,-1.0
2007,1397,1438,1,Tournament,0.032327586206896575,2.207974137931032,2.6788793103448256,-0.4709051724137936,0.007688354918621465,-3.035447245061662e-05,-0.0271969833972443,-0.08272373205317429,39.05705110076724,-9.0,-15.0,-20.04268292682927,1.0
2007,1424,1458,1,Tournament,-0.03475935828876997,4.942067736185379,9.673796791443849,-4.731729055258469,0.0015049986869057341,-0.011568805244031088,0.016162274284430345,-0.0262464642311398,2.9523418478779604,45.0,24.0,16.047619047619047,5.0
2007,1400,1425,0,Tournament,0.050802139037433136,10.80035650623887,6.909982174688054,3.8903743315508166,-0.010560502045673048,-0.0506141320680889,0.056884749655597255,0.017133833880342286,38.71794755294786,-27.0,-19.0,-15.166666666666668,-1.0
2007,1242,1356,1,Tournament,0.06985294117647056,15.159926470588232,3.685661764705891,11.474264705882348,-0.006291672255560932,-0.036240598323349915,0.07468974066578776,-0.09659335203868849,44.242171689615134,-33.0,-13.0,-10.119047619047617,-3.0
2007,1272,1401,1,Tournament,0.10263929618768342,3.2531769305962825,3.13978494623656,0.11339198435972264,-0.04679885000320283,-0.022474850356431902,0.013207567561209999,-0.0374649628322653,63.42695351206703,4.0,-2.0,-2.404761904761905,-1.0
2007,1326,1397,1,Tournament,0.22159090909090917,-6.01988636363636,-14.285984848484851,8.266098484848492,0.022885371082669193,-0.004754641408518695,-0.016813075842428415,-0.026300026423772105,118.06103037230878,-35.0,-22.0,-22.70731707317073,-4.0
2007,1338,1417,0,Tournament,-0.03921568627450989,-0.8196078431372626,1.874509803921562,-2.6941176470588264,-0.015472845717629968,-0.003394684054967817,0.019448349994602487,0.05869250789496622,21.48679499855143,4.0,4.0,4.833333333333335,1.0
2007,1139,1196,0,Tournament,-0.046489563567362446,-11.033206831119543,-4.623339658444024,-6.4098671726755185,-0.05865899208133163,-0.070950568482858,-0.07744946230962257,0.0268012337930002,-83.02946510060656,24.0,18.0,27.889082462253196,4.0
2007,1207,1435,1,Tournament,0.1791666666666667,-7.264583333333334,-14.591666666666669,7.327083333333334,0.023990890609452586,0.050322295724031296,0.09134689517231248,0.02008233817903124,126.52437759433565,-45.0,-46.0,-40.78095238095238,-4.0
2007,1314,1425,1,Tournament,0.1470588235294117,14.852941176470594,3.088235294117652,11.764705882352946,0.006521572876460158,-0.03998989577316919,0.08207672139788846,0.01863885294434492,59.63774119914501,-42.0,-34.0,-32.142857142857146,-4.0
2007,1332,1424,1,Tournament,-0.030303030303030387,1.3636363636363598,-0.9696969696969688,2.333333333333327,0.030950271544236463,0.0013707747658565916,-0.015949237603063326,-0.0024085603415857915,-27.439619376088558,-31.0,-14.0,-7.714285714285715,-4.0
2007,1272,1326,0,Tournament,0.0,5.939393939393938,2.181818181818187,3.7575757575757507,-0.030404949537351067,-0.0061248864023465965,0.04526943485163898,0.040107422570199,-39.30301507659533,5.0,5.0,6.380952380952381,1.0
2007,1242,1417,0,Tournament,0.04901960784313719,6.474509803921563,0.46274509803922115,6.011764705882348,0.0033174213553400778,0.019836736635402086,0.01615916328822009,0.007117998972297285,80.94656258845089,-6.0,-2.0,-0.7380952380952372,-1.0
2007,1196,1332,1,Tournament,0.06506238859180036,2.929590017825319,-4.38057040998217,7.3101604278074905,0.05053777972949658,0.047647595821902006,0.024564875934218577,0.058889678120621874,34.055118204874816,-18.0,-12.0,-9.238095238095237,-2.0
2007,1207,1314,1,Tournament,-0.011029411764705843,-17.795955882352942,-11.242647058823536,-6.5533088235294095,0.018617618168333516,0.05762378197814408,0.005831217939406497,-0.03288776724629289,48.320547688105535,5.0,7.0,5.023809523809523,1.0
2007,1196,1417,1,Tournament,0.019607843137254832,7.3568627450980415,0.9921568627450981,6.364705882352942,0.0623555919351757,0.03986230480088909,0.005351390998886374,0.07751202420551928,39.63283435274002,-5.0,-3.0,-0.833333333333333,-1.0
2007,1207,1326,0,Tournament,-0.09659090909090917,-5.16761363636364,-3.2765151515151487,-1.8910984848484915,0.018315286576434886,0.047292932640791485,0.06354211950960548,0.05241889488828183,-19.52292320368838,2.0,6.0,5.619047619047619,1.0
2007,1196,1326,1,Tournament,-0.05614973262032097,5.68716577540107,1.4073083778966193,4.2798573975044505,0.04281236271042732,0.0378577932025789,0.048530771469375567,0.07277342664209119,-56.548122201634214,-1.0,1.0,2.4523809523809526,0.0
2008,1164,1291,0,Tournament,-0.15073529411764708,-9.915441176470587,-0.3823529411764639,-9.533088235294123,-0.06124987662770787,0.0069018015377207975,0.02525847557768013,0.0035952221178806587,-53.8748700313688,140.0,110.0,101.42857142857139,0.0
2008,1125,1181,0,Tournament,-0.09375,-4.8125,4.96875,-9.78125,0.012903427790792676,0.011110035617419106,-0.015721706999317908,-0.03598789610621067,-42.05535244693533,154.0,129.0,105.70576339737109,13.0
2008,1242,1340,1,Tournament,0.20909090909090922,7.081818181818193,-6.666666666666671,13.748484848484857,-0.01172786686451699,-0.01656028845561719,0.05096517001642775,0.045037690310024914,111.348831713364,-125.0,-116.0,-104.21946169772256,-15.0
2008,1243,1425,1,Tournament,-0.022916666666666696,9.704166666666666,5.779166666666669,3.9249999999999954,-0.02940444727620911,-0.030796878766526287,0.1058580042033469,0.008767398028488527,-63.08206578011095,-5.0,10.0,13.11627906976744,5.0
2008,1246,1266,0,Tournament,-0.11875000000000002,-7.306250000000006,1.0208333333333286,-8.327083333333334,0.03739859746351143,0.05020034006092089,-0.045719310545496494,0.036792805319191935,-12.939163478916953,49.0,46.0,37.036175710594314,5.0
2008,1277,1396,1,Tournament,0.12121212121212122,-1.3030303030303116,-6.575757575757578,5.2727272727272645,-0.03371223593431161,0.015654846316684096,0.08019277871896868,-0.025344196041336586,-25.90158349967146,-48.0,-46.0,-36.9464105156724,-7.0
2008,1206,1323,0,Tournament,-0.07722385141739974,-10.734115347018573,-8.213098729227752,-2.5210166177908135,0.019550756337182396,0.003912329616512389,-0.059816519657671596,0.015394999518466568,-68.59486669907619,66.0,64.0,60.84024266936299,7.0
2008,1331,1338,0,Tournament,-0.0009216589861751334,-5.271889400921651,-3.716129032258067,-1.5557603686635844,-0.0026651838901060043,0.017344579720264985,-0.06128476370190089,0.01733043693017161,-71.47005243719218,53.0,56.0,49.10490956072351,9.0
2008,1124,1345,0,Tournament,-0.08333333333333337,12.014583333333334,13.279166666666669,-1.2645833333333343,0.029825248187874964,-0.015269336978045,0.0005488194609649111,0.009204528561803094,-51.18278758034626,14.0,9.0,10.38725985844287,5.0
2008,1165,1390,0,Tournament,0.019813519813519864,5.948717948717942,8.393939393939391,-2.445221445221449,0.0591989546854636,0.027583774674578093,-0.0937459242741675,-0.027377574628801693,-44.15723291620225,122.0,95.0,78.43933265925176,11.0
2008,1140,1401,0,Tournament,0.09714795008912647,2.9376114081996434,1.1782531194295913,1.759358288770052,0.02060896765328346,0.02090344710273681,-0.05176603519553463,-0.043748624039555706,42.01669876535016,28.0,3.0,4.807082452431295,-1.0
2008,1290,1417,0,Tournament,-0.40909090909090917,-12.9969696969697,5.996969696969707,-18.993939393939407,-0.03584015226736048,0.0286549741946166,-0.05210760707656947,0.0287204368370777,-216.72994826433046,316.0,301.0,268.37613751263905,15.0
2008,1245,1424,0,Tournament,0.04227941176470584,-0.014705882352942012,-0.34926470588235503,0.334558823529413,0.03969814607834349,0.038492366509892295,0.08596369676868665,0.06134986586834676,7.80462051596237,13.0,-4.0,-6.169133192389005,1.0
2008,1450,1457,1,Tournament,0.10483870967741937,1.9334677419354875,-1.7762096774193523,3.70967741935484,0.043640611989354317,-0.0197167350870954,-0.041207282654134314,0.05886713405013619,51.09717063407629,-98.0,-95.0,-89.46410515672397,-9.0
2008,1112,1452,0,Tournament,-0.13446969696969702,-3.1344696969697026,3.5085227272727266,-6.642992424242429,0.051570828338406816,0.0285101091541608,-0.05532108518926193,0.06004727429098952,-70.5561236963681,-1.0,9.0,10.534883720930235,3.0
2008,1168,1458,0,Tournament,-0.13685239491691104,15.150537634408607,19.145650048875858,-3.9951124144672505,0.04631512428711493,-0.017059403480675694,-0.0551154924339009,-0.04327379176564433,-93.97117199909462,106.0,77.0,76.01263902932256,11.0
2008,1208,1462,0,Tournament,-0.31818181818181823,-7.458333333333329,4.635416666666664,-12.093749999999991,-0.036017247254163665,0.005513019941523589,0.02971840530628722,-0.06535297356284922,-78.5847023237377,63.0,80.0,73.10010111223458,11.0
2008,1116,1231,1,Tournament,-0.11458333333333337,-1.4886363636363598,2.342803030303031,-3.831439393939391,0.01631095612101635,0.026719785514155797,0.019099242063267796,-0.06867295588303979,-0.5662058909281313,21.0,18.0,14.798281092012129,1.0
2008,1139,1375,1,Tournament,0.09979838709677424,-7.269153225806448,-7.927419354838705,0.6582661290322562,-0.037054589479468436,-0.018610065615746407,-0.04702775350742178,-0.08681598213619238,70.14017576314268,-43.0,-31.0,-38.77704752275025,-3.0
2008,1172,1211,1,Tournament,0.025201612903225756,0.8225806451612954,-0.12096774193548043,0.9435483870967758,0.002625094352690982,-0.0254536476486818,-0.022336286829685414,-0.1029977257679256,48.623043034448756,5.0,1.0,1.7608695652173907,3.0
2008,1207,1420,1,Tournament,0.10181451612903225,-5.1522177419354875,-11.547379032258064,6.395161290322576,0.035504901266933064,0.05200885020360391,-0.014985238253330535,-0.020608573498860694,98.1518227243564,-137.0,-116.0,-109.81780538302277,-13.0
2008,1129,1257,0,Tournament,0.0,9.28125,14.75,-5.46875,0.07004705165619529,0.0230721922685444,-0.05120034446331562,0.039752554838484916,-40.280729137915614,122.0,93.0,83.65369059656217,11.0
2008,1272,1426,1,Tournament,0.36344537815126055,7.17647058823529,-9.34663865546218,16.52310924369747,-0.017302507320938743,-0.0680953871781379,-0.010600169347251942,-0.09223994482513731,193.098396820458,-183.0,-164.0,-159.38198757763973,-15.0
2008,1274,1388,1,Tournament,-0.12258064516129041,-2.0268817204300973,4.6322580645161295,-6.659139784946227,-0.00703032252750041,-0.005545394816385191,-0.007686488303189409,0.029332498880086377,-8.00766997088067,1.0,5.0,0.4492600422832993,-3.0
2008,1280,1332,1,Tournament,0.10685483870967738,-3.7127016129032313,-7.35685483870968,3.6441532258064484,-0.04687974024559871,0.02295950533104099,0.032884320021500046,-0.013992672496352304,40.49641597239906,-3.0,5.0,-8.069767441860463,-1.0
2008,1291,1314,0,Tournament,-0.37867647058823517,-19.643382352941174,-6.235294117647058,-13.408088235294116,0.02165092830887344,0.030586029237900186,-0.1311366761098014,0.009179430998589033,-169.7653806946862,164.0,177.0,161.71221532091099,15.0
2008,1328,1386,1,Tournament,0.030303030303030276,-4.9090909090909065,-3.8787878787878753,-1.0303030303030312,-0.055176660641019115,0.0027934477708368988,0.009995679985731643,-0.03832411713560821,24.233265295127694,-19.0,-18.0,-17.860465116279073,-5.0
2008,1163,1360,0,Tournament,0.14393939393939392,12.71875,5.625,7.09375,0.008370717619865131,-0.0299686528623391,0.05577463136303018,0.09893996719026704,33.42908180140512,-96.0,-92.0,-84.96461071789686,-9.0
2008,1373,1435,1,Tournament,-0.10037878787878785,-3.763257575757578,-3.3011363636363598,-0.46212121212121815,-0.023569891587834124,-0.0469480315611214,0.022205168520383067,-0.04456226244975511,-1.7332022757241248,65.0,63.0,58.850859453993934,9.0
2008,1110,1397,0,Tournament,-0.21875,-17.3125,-9.09375,-8.21875,0.006494469402908987,0.061321860882007806,-0.00412848513799452,0.03857242994992127,-101.72391304102621,145.0,148.0,127.8136645962733,13.0
2008,1122,1400,0,Tournament,-0.11229946524064172,-0.2602495543671921,5.767379679144383,-6.0276292335115755,0.009959528208155821,0.055118414880038796,-0.06845195010189964,0.12083981130295929,-99.05322897828023,163.0,143.0,125.22497472194135,13.0
2008,1155,1437,0,Tournament,0.09375,6.34375,0.1875,6.15625,0.03139063440603779,-0.004614177619991389,0.03674650090428028,-0.07980643194645812,34.06121526980928,-38.0,-36.0,-30.644444444444446,-7.0
2008,1179,1443,0,Tournament,0.06021505376344094,-4.346236559139783,-4.095698924731181,-0.25053763440860166,0.015719841621941066,-0.005619120657446214,-0.022666430649539604,-0.0120556203777194,15.571814142405856,-40.0,-31.0,-31.04398382204247,-7.0
2008,1242,1424,1,Tournament,0.12784090909090917,11.931818181818187,-0.2708333333333428,12.202651515151523,0.06916586411239323,0.028603654263515604,0.09345218881292955,0.0531834686669245,67.76470793734507,-52.0,-43.0,-37.42292490118577,-7.0
2008,1277,1338,1,Tournament,0.014718614718614687,-2.8398268398268414,-3.200000000000003,0.3601731601731597,0.021655420812973114,0.041027301056466986,-0.027499348752182684,0.013123462190171908,-49.15307839848856,-9.0,2.0,-0.1903381642512123,1.0
2008,1266,1390,0,Tournament,-0.06912878787878785,5.239583333333329,3.706439393939391,1.5331439393939377,0.00291140360819242,0.008363752227805998,0.005367633448518483,0.003646241834616093,-42.68870594638565,2.0,4.0,7.147342995169083,3.0
2008,1401,1417,0,Tournament,-0.21212121212121215,-2.9090909090909065,2.3030303030303045,-5.212121212121209,0.015945582903879874,0.010911056258924301,-0.030842546245629265,0.01504273920323651,-132.6266969067392,14.0,24.0,25.097067745197165,8.0
2008,1323,1450,0,Tournament,0.024193548387096753,13.550403225806448,13.453629032258064,0.09677419354838435,-0.027981851737740815,0.009118587386824806,0.08364329321603031,-0.020823705624935573,16.720992106804943,16.0,11.0,3.3913043478260896,1.0
2008,1181,1452,0,Tournament,0.14678030303030298,9.428030303030297,6.039772727272727,3.388257575757571,0.025904288462593017,0.037149960767726004,0.011939384398470476,0.018670044647647682,27.60752806343089,-17.0,-14.0,-19.24064711830131,-5.0
2008,1243,1458,0,Tournament,-0.24545454545454548,11.433333333333337,15.20909090909091,-3.7757575757575754,0.018825353693184,-0.008376472449173084,0.020171603456476506,-0.0442768172536297,-142.21119432976593,11.0,26.0,30.780080889787662,8.0
2008,1345,1462,0,Tournament,-0.06818181818181823,-6.614583333333329,-1.1458333333333357,-5.468749999999991,-0.030380836847324566,-0.014083789349497194,-0.027587148200338085,-0.03946743562387872,-43.38506994534805,7.0,18.0,14.782608695652172,3.0
2008,1172,1207,1,Tournament,-0.037298387096774244,7.603830645161295,5.16028225806452,2.443548387096776,-0.012487359980002721,-0.027894356624668687,-0.014672538255157297,-0.043617363680498206,-19.456932149104432,25.0,18.0,20.826086956521742,8.0
2008,1257,1328,1,Tournament,0.08333333333333337,3.513257575757578,-2.050189393939391,5.563446969696969,0.018225071182305763,-0.0023701752896388983,0.004565166228185369,-0.019650977173614304,31.51175446795901,-27.0,-20.0,-21.70020222446916,-3.0
2008,1272,1280,1,Tournament,0.28308823529411764,6.58272058823529,-4.444852941176471,11.027573529411761,-0.011212761934549786,-0.04498284907207151,-0.03736349526416094,-0.05125441098643138,122.14883611527193,-31.0,-36.0,-34.23913043478261,-7.0
2008,1116,1314,0,Tournament,-0.27450980392156854,-15.069518716577534,-5.704991087344027,-9.364527629233507,0.026052401428756145,0.03384665536046538,-0.0634528874307585,-0.02596614714692469,-138.98118586601868,35.0,38.0,36.92871587462083,8.0
2008,1139,1397,0,Tournament,0.03125,-14.0625,-13.125,-0.9375,-0.023630245807293393,0.023763776356463595,-0.013237030439920694,-0.044341620004976406,-12.865008077136736,18.0,17.0,10.76086956521739,5.0
2008,1274,1400,0,Tournament,-0.1407624633431086,-1.0420332355816129,3.1231671554252216,-4.1652003910068345,-0.009335696914392677,0.04975145001117601,-0.011462357354491526,0.07221519274999799,-108.43947353886733,40.0,27.0,32.87613751263903,5.0
2008,1373,1437,0,Tournament,0.0625,3.96875,1.75,2.21875,0.016343695797876978,-0.0399350685327384,-0.049007105499956016,-0.03747276935009872,12.310269370423384,62.0,44.0,41.04651162790698,1.0
2008,1360,1443,0,Tournament,-0.20039100684261968,-11.612903225806448,-2.1290322580645125,-9.483870967741936,-0.023564809823033384,0.028778031232435802,-0.049663822558842885,0.0047926009882831855,-51.844227813204725,53.0,66.0,59.11627906976743,1.0
2008,1257,1397,1,Tournament,-0.125,-10.46875,-9.53125,-0.9375,-0.014346718400699565,0.0317899134571209,0.004649633242150175,-0.03253174950811802,-42.84498923830188,-5.0,6.0,6.326086956521739,1.0
2008,1314,1450,1,Tournament,0.19117647058823517,21.643382352941174,15.672794117647058,5.970588235294116,-0.05104174485659979,0.0020113582052735113,0.14419789776874609,-0.014451415516260002,119.53057372244234,-6.0,-11.0,-15.67391304347826,-3.0
2008,1417,1443,1,Tournament,0.10263929618768342,-2.5826001955034172,-5.492668621700879,2.910068426197462,-0.029585470672384873,-0.008012945446357417,0.009654434478069795,0.004812797252933904,81.62437578692766,-62.0,-43.0,-42.28311425682508,-11.0
2008,1452,1462,0,Tournament,-0.12121212121212122,-0.636363636363626,0.9393939393939377,-1.575757575757562,-0.031010920780815188,-0.03918032523966941,-0.018683302107980082,-0.04747053922585273,-34.75176072561271,5.0,8.0,10.588473205257834,4.0
2008,1172,1458,1,Tournament,-0.07233626588465303,9.989247311827967,9.371456500488762,0.617790811339205,0.049701553499966966,-0.026392272029177183,-0.0970314066554907,-0.13105726900542303,-41.883085394135605,29.0,20.0,22.56521739130435,7.0
2008,1242,1437,1,Tournament,0.28409090909090917,8.338068181818187,-7.645833333333343,15.983901515151523,0.046169233140343324,0.0012890681472134957,0.015259884158308978,0.00018368093331050384,110.9861933935756,-50.0,-51.0,-45.69565217391305,-11.0
2008,1272,1277,1,Tournament,0.21301247771836007,8.373440285204993,-1.382352941176471,9.755793226381465,-0.007565965841394129,-0.04706007698789311,-0.05141420649236911,-0.047117539124128194,120.46909594754516,-14.0,-14.0,-15.804347826086957,-4.0
2008,1390,1400,0,Tournament,-0.030303030303030387,-4.181818181818173,-4.303030303030297,0.12121212121212466,-0.015955632316561996,0.03646385696933202,0.0036991509116530708,0.06165360598843039,-31.35224491103895,3.0,1.0,4.739130434782608,1.0
2008,1257,1314,0,Tournament,-0.19117647058823517,-16.768382352941174,-11.391544117647058,-5.376838235294116,0.02041648416501113,0.01189382472823039,-0.0957744877123406,-0.03410521543780029,-92.38779323560016,4.0,12.0,11.391304347826088,2.0
2008,1417,1462,1,Tournament,0.09090909090909094,-1.3030303030302974,-2.6969696969697026,1.393939393939407,-0.03896127911518538,-0.01687893340475391,0.032818839341191786,-0.03704297788608513,71.57175513359834,-16.0,-8.0,-12.043478260869566,-2.0
2008,1172,1242,0,Tournament,-0.10263929618768342,-3.8592375366568916,1.4623655913978624,-5.321603128054747,-0.002387077608107635,-0.022720154494377087,-0.08721964843429109,-0.10909661613985422,-47.647505518985554,32.0,24.0,26.108695652173914,9.0
2008,1272,1400,1,Tournament,0.1524064171122994,4.827985739750446,-4.2914438502673775,9.119429590017823,0.0007720960916868247,0.029177278475082696,-0.04873881029018734,-0.010996356327829082,46.48378663660492,-4.0,-5.0,-5.130434782608695,-1.0
2008,1242,1314,1,Tournament,-0.032085561497326,-7.524064171122987,-11.0686274509804,3.5445632798574067,0.047166327696576416,0.02133434051523969,-0.04983911341512931,0.008807443225607725,-28.99164764252646,-4.0,1.0,1.3260869565217392,0.0
2008,1272,1417,1,Tournament,0.06149732620320847,5.646167557932259,0.9812834224598959,4.664884135472363,0.0221798991103061,-0.0159088552192366,-0.06887429615254359,-0.06400162267871079,4.283292902550329,1.0,1.0,-0.6304347826086958,0.0
2008,1242,1272,1,Tournament,-0.06149732620320847,1.505347593582897,1.0490196078431282,0.45632798573976174,0.02778792062166202,0.03190155474071771,0.06663411847840389,0.0834660984188032,-22.587353211952177,-2.0,-2.0,0.5434782608695654,0.0
2009,1106,1287,0,Tournament,0.15840517241379315,0.13900862068965125,-5.101293103448278,5.240301724137929,0.02454392327383459,-0.0120002577603959,-0.05296290632032169,-0.08900789497073391,9.198209630421616,28.0,23.0,25.41860465116278,0.0
2009,1151,1163,0,Tournament,-0.3709677419354839,-2.3225806451612954,12.501008064516128,-14.823588709677423,0.028236051258138994,0.027311905343587795,-0.052625258532166264,0.04058476124621063,-156.4876758488865,210.0,205.0,187.69619000494802,15.0
2009,1127,1181,0,Tournament,-0.09019607843137256,-8.129411764705878,1.315686274509801,-9.44509803921568,-0.006717333862740482,0.014597633223521311,-0.04357516620364621,0.00278253545091639,-85.88934691900863,155.0,154.0,125.90598713508163,13.0
2009,1103,1211,0,Tournament,-0.18627450980392157,-12.38823529411765,-1.06666666666667,-11.32156862745098,-0.034815309095987124,0.033498686807751116,0.04247865836794118,0.013658287664307406,-95.154057348567,86.0,93.0,89.90103908955962,9.0
2009,1139,1261,0,Tournament,0.045454545454545525,-7.9090909090909065,-7.284848484848482,-0.6242424242424249,0.023441745658318025,0.0386391255533898,-0.044071862437228826,0.07801020103506731,-5.221015238912514,-3.0,-7.0,-2.5471785383903907,1.0
2009,1143,1268,0,Tournament,0.08143939393939392,3.5767045454545467,-0.11079545454545325,3.6875,0.06309646577133132,0.010145605394463797,-0.03572817860037231,0.049344055792970076,-19.075775377792525,-25.0,-16.0,-14.923361522198732,-3.0
2009,1169,1272,0,Tournament,-0.36004056795131834,-0.3002028397565937,13.290060851926974,-13.590263691683568,0.06811659652013419,0.04495519826320121,-0.022782422544054826,-0.002296651804561317,-178.67193810279355,103.0,116.0,124.07768431469569,13.0
2009,1155,1276,0,Tournament,0.14818548387096775,12.123991935483872,4.913306451612897,7.210685483870977,0.027492880465999625,0.020960163675271315,0.1033664599664535,-0.0110810344618259,-9.755635716893494,-27.0,-16.0,-22.19198416625433,-3.0
2009,1314,1347,1,Tournament,0.25027808676307006,14.593993325917694,0.3192436040044555,14.274749721913238,-0.023589246114536166,-0.05701432084699809,0.08253004624314769,0.013294605229884793,103.1774822740847,-168.0,-163.0,-142.19643740722412,-15.0
2009,1288,1328,0,Tournament,-0.17708333333333337,-12.248106060606062,-6.236742424242422,-6.01136363636364,-0.08526041361648212,-0.015005157503944183,0.01827698769553343,-0.06076189574858279,-76.954518877478,122.0,135.0,132.73527956457198,13.0
2009,1320,1345,0,Tournament,-0.03832442067736186,-1.6559714795008915,4.427807486631018,-6.0837789661319075,0.008514613782067748,0.009405520311266208,0.0004234703508920745,0.08193356626776838,-28.021584865734212,68.0,71.0,51.929242949035135,7.0
2009,1278,1400,0,Tournament,0.010752688172043001,-6.172043010752688,-4.002932551319645,-2.1691104594330426,0.010903377465447506,0.03949856417426659,-0.032606355321936786,0.00014470483554471225,-6.129324054848212,17.0,3.0,8.045454545454547,3.0
2009,1140,1401,0,Tournament,0.05544354838709675,5.474798387096769,-1.6018145161290391,7.076612903225808,0.049132703009615475,-0.027543613609509993,-0.07642856828576011,-0.08371011013932178,23.50089475058121,-34.0,-23.0,-17.27272727272727,-1.0
2009,1417,1433,1,Tournament,0.030303030303030276,4.0,-0.09090909090909349,4.090909090909095,0.02407028022895208,0.00021863454081078038,0.0328708441202229,-0.05254461383675779,12.607557866380148,-46.0,-59.0,-47.8698664027709,-5.0
2009,1110,1437,0,Tournament,-0.013685239491691092,-12.093841642228739,-8.58064516129032,-3.5131964809384204,0.024157572542732375,0.013127834813232597,-0.017063442833993803,-0.13317265697678637,-27.736095685048667,90.0,96.0,88.60316674913409,11.0
2009,1228,1443,0,Tournament,-0.014662756598240456,-7.490713587487775,-10.329423264907135,2.8387096774193594,-0.024838218881497176,-0.005447093968530992,-0.05981347070568399,-0.06535519610614968,-20.45211364906595,-76.0,-66.0,-55.922997416020664,-7.0
2009,1280,1449,0,Tournament,-0.11051693404634577,-4.909982174688054,-0.576648841354725,-4.333333333333329,0.003248661136841746,0.0031214366628008194,-0.11066624096104694,0.0029744516403822363,-23.318817237019402,44.0,52.0,41.124195942602675,9.0
2009,1112,1428,1,Tournament,-0.15625,1.21875,4.96875,-3.75,-0.002272066750898305,-0.02070463533808431,0.09675269295787825,-0.0465701998832847,-78.73458938772023,14.0,17.0,19.24909560723514,7.0
2009,1113,1396,1,Tournament,0.06060606060606066,0.5757575757575779,-3.3333333333333286,3.9090909090909065,0.032998887975030144,-0.006298862224402402,-0.020441302925220506,0.07423414181208562,-4.369700345293495,-35.0,-32.0,-28.740722414646218,-5.0
2009,1156,1448,1,Tournament,-0.11250000000000004,-16.39791666666666,-10.456249999999997,-5.941666666666665,-0.04870654519236156,-0.011795023744067212,-0.04342269048144409,-0.010923728974335634,-18.08666741332422,47.0,55.0,52.15635823849579,9.0
2009,1173,1452,1,Tournament,0.11140819964349369,-4.867201426024948,-0.1024955436720063,-4.764705882352937,0.007467578532258823,0.0218349645395865,-0.0313855090928038,-0.008514350164313206,-21.153279959893098,75.0,50.0,41.076109936575044,5.0
2009,1242,1295,1,Tournament,-0.018750000000000044,-2.00833333333334,-3.1875,1.17916666666666,-0.02739898192546919,0.029750540113918894,0.04969050689579241,0.006891403988083578,36.55941776751047,-60.0,-64.0,-60.47996041563582,-11.0
2009,1257,1287,1,Tournament,0.3172348484848485,4.595643939393938,-7.081439393939391,11.677083333333329,-0.020034210614245374,-0.023396316354981406,-0.06306464011672008,-0.09103621834166303,187.55319857565632,-163.0,-182.0,-163.94111825828796,-15.0
2009,1266,1429,1,Tournament,-0.1515151515151515,5.939393939393938,7.0,-1.0606060606060588,-0.020818254300909445,-0.024431288956005687,-0.018330799760052807,0.04276804561905578,-39.204594488508064,-36.0,-19.0,-18.623167848699765,-5.0
2009,1277,1352,1,Tournament,0.10661764705882348,1.170955882352942,-2.123161764705884,3.294117647058826,-0.04880552676225497,-0.016471898983121708,0.09307622817228922,0.0195217148161958,89.19975736032393,-109.0,-130.0,-118.92825333993072,-13.0
2009,1165,1281,0,Tournament,-0.1338742393509127,-7.910750507099394,-1.5050709939147993,-6.4056795131845945,0.013553020867142496,0.024429923839393408,-0.014226522252808349,-0.0014031417281408776,-134.22440140669278,90.0,108.0,102.09896091044038,11.0
2009,1329,1397,1,Tournament,0.030303030303030276,2.6363636363636402,1.8484848484848584,0.7878787878787818,0.029872987295667452,0.0039652900273221825,-0.0978892259630344,0.0417280584066807,17.969081786738116,1.0,-6.0,-4.044926004228326,-1.0
2009,1190,1338,0,Tournament,-0.18346774193548387,0.38407258064516725,5.994959677419359,-5.610887096774192,-0.0062040631508694655,-0.005564124572465912,-0.10205700204881102,0.061607160760668994,-137.43123024162742,107.0,131.0,113.85848589807026,15.0
2009,1326,1373,0,Tournament,-0.10037878787878785,-10.979166666666671,-8.405303030303031,-2.5738636363636402,0.03446668863614111,0.03337968112416401,-0.05970891500640502,0.023059664647505723,-23.291960770512105,-29.0,-33.0,-16.759689922480625,-1.0
2009,1372,1393,0,Tournament,0.005446623093681824,-16.748366013071887,-14.837690631808265,-1.9106753812636157,-0.06837475217272054,-0.016891048380072604,-0.1074251918927045,-0.058167756246537194,-70.18836994007324,78.0,82.0,82.2380009896091,11.0
2009,1130,1425,0,Tournament,0.030303030303030276,6.575757575757578,6.969696969696976,-0.3939393939393909,-0.0188609431199524,-0.019024011866989182,0.04008900611990002,0.0007255177783385136,-27.683160922802017,32.0,13.0,14.659090909090907,-3.0
2009,1199,1458,0,Tournament,0.12239089184060725,4.2305502846299845,6.0,-1.7694497153700155,-0.01746544008335743,0.05070844094900892,0.027524194236782096,0.022330642974705606,68.97608535348195,5.0,-4.0,-13.826818406729341,-7.0
2009,1340,1462,0,Tournament,-0.07157258064516125,1.3346774193548328,5.9485887096774235,-4.613911290322591,0.017496188275404556,-0.01849016057879671,-0.04123084719447351,-0.08754111376130752,-36.186501405817125,93.0,78.0,91.7896865520728,9.0
2009,1163,1401,1,Tournament,0.15221774193548387,5.603830645161295,-2.376008064516128,7.9798387096774235,0.0018787610148354172,-0.015446775196796575,0.03151469686123537,-0.0596958924588894,73.75456073004557,-49.0,-43.0,-36.69777562862669,-8.0
2009,1181,1400,1,Tournament,0.1568627450980392,5.696078431372555,0.16310160427808285,5.532976827094473,0.016242189454753198,-0.002002936538183425,-0.03068449932095807,0.026586847749730413,113.63360843064675,-21.0,-25.0,-28.283365570599614,-5.0
2009,1211,1443,1,Tournament,0.09139784946236562,6.703225806451613,-5.368817204301074,12.072043010752687,-0.0035364261497511373,-0.02667021325842911,-0.07741065131276448,0.03148904909802591,34.21368006665443,-94.0,-79.0,-65.83127164769915,-8.0
2009,1268,1272,0,Tournament,-0.30570409982174673,-2.604278074866315,11.572192513368982,-14.176470588235297,0.017645339715145314,-0.01302909850120379,-0.03692757942642938,-0.038012351666713795,-134.47273547342252,53.0,38.0,47.54280059376546,8.0
2009,1261,1314,0,Tournament,-0.08308895405669603,-14.478005865102645,-7.386119257087003,-7.091886608015642,-0.010735765979999312,0.004460257331849904,-0.06999507334994126,-0.06988662829808198,-59.008365949136305,44.0,39.0,33.468085106382986,7.0
2009,1276,1328,0,Tournament,-0.25,-12.34375,-4.5,-7.84375,-0.04317250144855722,-0.025000628561813093,-0.07872742625182588,-0.07018276055677561,-57.98895042789172,32.0,26.0,34.85155863433943,8.0
2009,1345,1449,1,Tournament,-0.022281639928698693,-9.586452762923344,-10.48841354723708,0.9019607843137347,0.006815278269053593,-0.013058026732161693,-0.1356689565965351,-0.060288555359501894,-4.842690480355941,-2.0,-7.0,0.40425531914893753,1.0
2009,1417,1437,0,Tournament,-0.030303030303030276,-0.5454545454545467,-3.7272727272727266,3.18181818181818,0.05642837678208551,-0.018274537193842505,0.015307270153176677,-0.1315467192713557,-23.919229334805323,-10.0,1.0,1.6170212765957448,3.0
2009,1112,1156,1,Tournament,-0.09375,7.21875,8.59375,-1.375,0.071962305250382,-0.0004292222635768894,0.02359252555001423,0.00559968834687502,-49.057982800062746,-29.0,-24.0,-19.23255813953488,-1.0
2009,1173,1242,0,Tournament,0.006628787878787845,-9.609848484848484,-4.297348484848477,-5.3125,-0.02917713152661261,-0.003386789374563909,-0.0052194941206561984,-0.04248015252650508,-45.9925739044711,72.0,49.0,46.68926274121721,8.0
2009,1257,1373,1,Tournament,0.06060606060606066,-3.7272727272727337,-8.424242424242422,4.696969696969688,-0.04540494487879676,0.009671172517647791,-0.005668660843238693,-0.009486584846848306,76.82560654009444,-61.0,-53.0,-43.47600197921821,-8.0
2009,1277,1425,1,Tournament,0.17613636363636365,3.5426136363636402,-0.5785984848484773,4.121212121212125,-0.04025007407142772,-0.0011378769296541968,0.03571675904916333,0.0052104104221413206,52.981026753639526,-14.0,-27.0,-27.316731141199227,-8.0
2009,1266,1281,0,Tournament,-0.09625668449197855,-2.269162210338692,2.9839572192513373,-5.253119429590027,-1.9157556909954465e-05,-0.006223143326324482,-0.007967330198541178,0.09834304110403452,-84.11114913251777,10.0,12.0,13.957446808510637,3.0
2009,1329,1338,0,Tournament,-0.20430107526881724,3.411534701857292,10.050830889540578,-6.639296187683286,0.021468251159598606,-0.01733469926075032,-0.12861302882977044,0.07890048715767331,-67.48829806060303,27.0,28.0,26.953094777562864,7.0
2009,1113,1393,0,Tournament,-0.008021390374331583,-11.42513368983957,-12.851158645276286,1.4260249554367164,0.014133897249558602,-0.01643151250328259,-0.06544925754496811,0.028389020382188934,-37.64101284628464,-3.0,7.0,6.4042553191489375,3.0
2009,1458,1462,0,Tournament,-0.16834677419354838,-7.987903225806448,-3.40625,-4.581653225806448,-0.011002826162114787,-0.03911793026206742,-0.04576263095765942,-0.03149680411059541,-19.185645928728718,6.0,7.0,14.812942366026288,8.0
2009,1163,1345,1,Tournament,0.135673624288425,7.969639468690701,4.850094876660343,3.11954459203036,-0.005751240727314366,0.0015898587833331201,0.11492699718408927,0.044479081894192585,24.89274197334862,-11.0,-8.0,-13.25531914893617,-4.0
2009,1272,1281,0,Tournament,0.08823529411764697,-7.058823529411768,-9.588235294117645,2.529411764705877,-0.05673675515724069,0.015560187499350897,0.05373177613074542,0.010354465305964122,47.271831910496076,-9.0,-4.0,-5.97872340425532,-1.0
2009,1338,1462,1,Tournament,0.08971774193548387,5.334677419354833,1.7550403225806406,3.579637096774192,-0.006787120161974691,-0.015038796826543493,0.035290101298272314,-0.07066678794359363,93.36309634835288,-18.0,-22.0,-20.67345050878816,-3.0
2009,1181,1437,0,Tournament,0.035650623885918,1.4839572192513373,-1.382352941176464,2.8663101604277994,0.005833771785956787,-0.028406537905228513,0.012026482761465396,-0.05271536694561918,45.486985653359625,-12.0,-12.0,-8.74468085106383,-1.0
2009,1112,1257,0,Tournament,-0.2547348484848485,-1.7518939393939377,6.831439393939391,-8.583333333333329,0.06568266113182697,-0.0010285872557128928,0.02283047099553781,0.03994041086224981,-154.16114658557944,35.0,38.0,42.98762988619495,11.0
2009,1242,1277,0,Tournament,-0.03125,5.21875,2.90625,2.3125,0.03496603231553613,-0.004246373486510496,-0.033486211289022016,-0.0017753102220158246,-22.996768728016832,-2.0,8.0,1.6808510638297864,1.0
2009,1211,1314,0,Tournament,-0.037634408602150504,-10.587096774193554,-11.304301075268818,0.7172043010752631,0.035839868020527854,0.01122159797244729,-0.13890284961277877,-0.06693197845970258,-27.180823222477557,3.0,7.0,10.574468085106382,3.0
2009,1328,1393,1,Tournament,0.10845588235294112,-1.783088235294116,-5.099264705882348,3.316176470588232,0.0064020549684485895,-0.0005621306302741047,0.004465331638094094,0.04244082652232101,-17.188330594392255,2.0,-4.0,-3.4042553191489358,-1.0
2009,1163,1281,1,Tournament,0.04743833017077803,-3.7950664136622407,-2.502846299810244,-1.2922201138519966,-0.014496645036421896,0.00883264340277512,0.057477186069283204,0.043419891122880194,-3.7872582564145887,-7.0,-7.0,-5.829787234042554,-2.0
2009,1338,1437,0,Tournament,0.08308895405669603,1.164222873900286,-2.8387096774193594,4.002932551319644,0.022057632928491222,-0.008967647689298086,0.0544485851387993,-0.11525155021164199,35.91682350161659,-13.0,-14.0,-11.25531914893617,-2.0
2009,1257,1277,0,Tournament,0.03598484848484851,2.0331439393939377,-1.300189393939391,3.3333333333333286,-0.005192442507729378,-0.0146719202669153,-0.07079560271248209,-0.05427719746034082,51.17422401589647,-9.0,-2.0,-5.361702127659575,-1.0
2009,1314,1328,1,Tournament,0.027217741935483875,10.199596774193552,5.0584677419354875,5.141129032258064,-0.05939133248860873,-0.03965200097269969,0.0706175015654178,0.026682959572362885,45.42113096208254,-15.0,-8.0,-8.042553191489361,-1.0
2009,1163,1277,0,Tournament,0.058467741935483875,5.416330645161295,1.0614919354838719,4.3548387096774235,0.019412381460253314,-0.02488260916373608,-0.010146897937416022,-0.0012727769987341264,2.4920335185277054,-10.0,-4.0,-5.74468085106383,-1.0
2009,1314,1437,1,Tournament,0.08308895405669603,12.841642228739005,5.8709677419354875,6.9706744868035155,-0.006123709564540836,-0.0427867058296999,0.07827716297456627,-0.017986303618285404,34.0191159070132,-17.0,-15.0,-11.872340425531915,-2.0
2009,1277,1314,0,Tournament,-0.058467741935483875,-17.48084677419355,-9.964717741935488,-7.516129032258064,-0.009529425741714392,0.042344290580359295,-0.026218454372599287,-0.035039160628460075,-13.707961158306716,11.0,6.0,7.617021276595745,1.0
2010,1115,1457,1,Tournament,-0.03541666666666665,1.83958333333333,2.75416666666667,-0.91458333333334,0.037625674366375095,0.05800521489072702,0.01806878310292037,0.10658268047522251,-10.88035887541173,26.0,29.0,37.54166666666663,0.0
2010,1124,1358,1,Tournament,0.024193548387096753,-3.183179723502306,-5.773041474654377,2.589861751152071,0.013087633569216495,0.01730339470693501,0.03914624457559168,-0.006868741861999927,61.33965537047857,-90.0,-98.0,-82.51442307692308,-11.0
2010,1139,1431,1,Tournament,0.0625,-5.6875,-4.15625,-1.53125,-0.01790904444482372,0.007422904832992988,-0.0017406519800284848,0.07374040337123428,39.95517410978164,-8.0,-11.0,-15.921568627450977,-7.0
2010,1140,1196,1,Tournament,0.21212121212121215,11.0,0.24242424242424931,10.75757575757575,0.0207313589388477,-0.01951701717980381,-0.08016225265804883,0.052839297631557675,74.70315187871188,-42.0,-39.0,-36.459935897435884,-3.0
2010,1242,1250,1,Tournament,0.25367647058823517,6.639705882352942,-6.237132352941174,12.876838235294116,0.01826955762332716,-0.008468031689630812,0.04492741017820151,-0.019636660551040575,179.46626624109308,-178.0,-203.0,-174.9471153846154,-15.0
2010,1243,1317,1,Tournament,0.04791666666666672,6.002083333333331,-0.6812500000000057,6.683333333333337,-0.008146724532521799,-0.023767685552813195,0.07457450049142017,-0.03126619549561338,53.40787343934562,-160.0,-148.0,-125.76602564102565,-13.0
2010,1190,1246,0,Tournament,-0.36541889483065937,-10.204991087344027,1.129233511586449,-11.334224598930476,0.013293389252521048,0.0115804002077039,-0.03370892759071292,-0.03856386265628181,-173.0920755638058,136.0,152.0,151.65384615384616,15.0
2010,1293,1435,1,Tournament,0.13306451612903225,-1.4546370967741922,-8.871975806451616,7.417338709677424,0.04417068149227327,0.016986359124913197,0.0743735923219716,-0.04713704617026249,28.854443599457,21.0,34.0,29.98878205128204,9.0
2010,1285,1307,0,Tournament,-0.18913270637408564,-7.188087774294672,-4.8881922675026175,-2.299895506792055,0.04305243001742726,0.028011381041423394,-0.04977694604276239,-0.05463596619610139,-99.48355322367865,58.0,79.0,83.91826923076923,11.0
2010,1320,1424,1,Tournament,0.125,-9.4375,-9.6875,0.25,-0.04255538700191197,0.0022748025203304933,0.01981444719429909,0.03625741672467178,59.28593412502255,-5.0,-13.0,-12.836734693877553,1.0
2010,1207,1325,0,Tournament,0.10873440285204994,-0.19875222816398264,-3.4376114081996434,3.2388591800356608,0.06276788553699875,0.026808102107216514,0.016244198588831527,-0.033843707687927826,43.965248816712574,-89.0,-101.0,-94.51960784313724,-11.0
2010,1323,1330,0,Tournament,-0.08823529411764697,8.5,11.73529411764705,-3.2352941176470527,0.054392533146996436,-0.041032961944502816,-0.0805284187165623,0.08449425993376988,-14.802540417687396,5.0,-4.0,-7.173044217687064,-5.0
2010,1350,1388,0,Tournament,-0.06862745098039225,-9.505882352941171,-4.031372549019608,-5.474509803921563,-0.023483212804476628,-0.008325924452886407,-0.05971253381149838,-0.0445914457846498,16.502278675766775,5.0,11.0,4.102040816326529,-3.0
2010,1361,1397,0,Tournament,-0.01564027370478982,-3.829912023460409,-2.5845552297165213,-1.2453567937438876,0.03467359430597883,0.017765133580450093,0.08553828520714452,0.003924455889606299,10.753325117965915,5.0,19.0,17.662307692307692,5.0
2010,1352,1437,0,Tournament,-0.0977229601518026,-14.048387096774192,-7.194497153700198,-6.853889943073995,-0.04325170406433232,0.02058143948637242,-0.01722291222066369,-0.02297663124838517,-33.74916655434072,173.0,181.0,154.87339743589743,13.0
2010,1400,1448,0,Tournament,0.07210031347962387,8.276907001044933,1.2486938349007346,7.0282131661442,0.033571934025461436,-0.01328027620936642,0.012646141445959325,-0.020516319343207107,31.496681146235005,-33.0,-32.0,-25.816326530612244,-1.0
2010,1266,1449,0,Tournament,-0.06060606060606066,-6.848484848484844,-5.757575757575751,-1.0909090909090935,0.022914870458153158,-0.016025283522038303,-0.04137328803268997,-0.04167664198529769,-20.6461068405074,-1.0,-18.0,-2.9107142857142847,-5.0
2010,1143,1257,1,Tournament,0.07196969696969702,1.6259469696969688,-1.199810606060609,2.825757575757578,0.0034941593759518774,-0.015487813947048817,-0.040993917262351076,0.01758941186340096,26.933176754775786,-25.0,-8.0,-11.293367346938773,-1.0
2010,1165,1396,1,Tournament,0.009127789046653123,10.231237322515213,8.404665314401619,1.8265720081135939,0.11578037743366393,0.02936089564206379,-0.011698890689963493,-0.0025699682552954017,-55.905715771087216,48.0,36.0,37.05729984301412,7.0
2010,1115,1181,0,Tournament,-0.3216911764705882,-13.564338235294116,2.981617647058833,-16.545955882352942,-0.0362974756302929,0.06908863908835422,-0.02800146954230981,0.05321922340903701,-167.89318732731158,237.0,237.0,225.34935897435895,15.0
2010,1210,1329,1,Tournament,-0.051136363636363646,-1.7973484848484844,-2.0028409090909065,0.2054924242424221,-0.004137542960702123,0.0325077465380432,0.0921017828235346,-0.015450035055400907,-0.9685517081045418,-17.0,-4.0,0.551020408163275,3.0
2010,1199,1211,0,Tournament,-0.09677419354838701,-9.032258064516128,-7.70967741935484,-1.3225806451612883,-0.011575120550067208,0.0483414043790949,0.07809534716094019,-0.07779269480202441,-25.18761941974003,-37.0,-9.0,-2.5818327330932362,1.0
2010,1222,1268,0,Tournament,-0.18787878787878787,-0.4484848484848527,7.057575757575762,-7.506060606060615,-0.0191598912672285,-0.044233825328402296,-0.03399538081268422,-0.007818726713727298,-92.63165632005325,75.0,85.0,84.13141025641023,9.0
2010,1277,1308,1,Tournament,0.09375,-5.875,-14.3125,8.4375,-0.018417084511466564,0.0170764888688614,0.11291143140994625,-0.029753404746886314,-8.5489055913215,-91.0,-73.0,-62.61858974358975,-7.0
2010,1155,1281,0,Tournament,-0.01008064516129037,-4.272177419354833,-1.9737903225806477,-2.2983870967741833,0.009179900011868802,0.034493413594572225,0.031497647375684,-0.0019819392495507016,2.193326344357729,-5.0,7.0,-0.9183673469387763,-3.0
2010,1326,1364,1,Tournament,0.11554621848739488,6.663865546218489,-4.758403361344541,11.422268907563023,0.03581887529060884,-0.04115194309244641,0.005113447258455028,-0.07006970512397592,109.8948096925933,-148.0,-114.0,-107.8397435897436,-13.0
2010,1324,1338,0,Tournament,0.0,7.125,10.34375,-3.21875,-0.0158372844968811,0.01301271290900649,-0.012113408982254381,-0.00758505000923021,-3.732041166028921,111.0,83.0,71.42628205128207,11.0
2010,1345,1373,1,Tournament,0.025568181818181768,-4.360795454545453,-4.366477272727266,0.005681818181811238,-0.012544139293711287,-0.003777306567979005,-0.08849459663482312,0.026553632489354884,-0.15635593336128295,-45.0,-43.0,-39.44551282051281,-9.0
2010,1393,1436,1,Tournament,0.13970588235294112,10.851102941176464,2.522058823529406,8.329044117647058,0.07382940340459615,-0.006464076994046303,0.01637301419232201,-0.12240381033781439,66.11972905175708,-124.0,-142.0,-128.12980769230768,-15.0
2010,1401,1429,1,Tournament,-0.0782013685239491,-2.349951124144681,4.560117302052781,-6.910068426197462,-0.03900548512588281,0.003950229438151015,-0.002333803235200216,0.1045638753659206,-6.711828454171609,3.0,-23.0,-16.68107242897159,-7.0
2010,1288,1452,0,Tournament,-0.06818181818181823,3.780303030303031,6.462121212121211,-2.68181818181818,-0.025652837361521075,0.0068202035200538025,-0.024203895630999173,0.05118189996811168,-106.63233185388003,141.0,139.0,127.21794871794873,13.0
2010,1458,1459,1,Tournament,-0.01564027370478982,-1.5464320625610952,-5.685239491691107,4.138807429130004,0.012632950364788287,-0.02117690402318098,-0.02673868516381117,-0.06369298345855309,-33.161535338563226,-84.0,-68.0,-62.70512820512821,-9.0
2010,1278,1462,0,Tournament,-0.13235294117647056,-7.119485294117652,-5.033088235294116,-2.086397058823536,0.020719494944396954,0.009250175924670201,0.00021414103150163566,-0.04450310181090247,-55.319891252198204,3.0,28.0,21.75042517006803,5.0
2010,1124,1330,1,Tournament,0.009487666034155628,9.180265654648949,9.40132827324478,-0.2210626185958322,0.06368853040075051,0.003034787697469704,-0.02773202770860761,0.07389461356310398,3.8987584367168893,-21.0,-35.0,-30.556089743589734,-8.0
2010,1139,1293,1,Tournament,0.0,-6.0,-1.0,-5.0,-0.052982023794041655,-0.013995809069140497,-0.090022558283684,0.06191176943499088,47.996847220540985,-31.0,-39.0,-38.95220588235293,-8.0
2010,1140,1243,0,Tournament,0.06723484848484851,3.137310606060609,-3.5520833333333286,6.689393939393938,0.03189882660158583,-0.02679903678461551,-0.12095412704305819,-0.052664083808688644,-15.65655999360547,-2.0,3.0,7.5769230769230775,5.0
2010,1246,1448,1,Tournament,0.28600405679513174,6.269776876267741,-3.183569979716026,9.453346855983767,0.0032423903198463,-0.006354181969898898,0.006476150330012531,0.040292089935612396,158.78478941311323,-44.0,-41.0,-44.28649921507064,-8.0
2010,1242,1320,0,Tournament,0.06617647058823517,18.452205882352942,9.512867647058826,8.939338235294116,0.06185465370019283,-5.078407487069114e-05,0.04065841341079551,0.01070816177834022,69.54598441257895,-30.0,-30.0,-25.884615384615383,-8.0
2010,1388,1437,1,Tournament,0.05913978494623662,-3.748387096774195,-6.604301075268822,2.855913978494627,-0.0023493157203910986,-0.0033333029725972907,-0.02309328011869921,-0.07042187120719168,24.97481922302586,28.0,23.0,20.01923076923077,8.0
2010,1325,1397,0,Tournament,-0.1693404634581105,-0.1951871657754083,3.6194295900178304,-3.8146167557932387,0.006674239805668281,-0.0059271202437568005,-0.005595519289594286,0.05450492390668232,-53.2456578968347,65.0,93.0,86.27564102564101,8.0
2010,1307,1449,0,Tournament,0.1515151515151515,-3.1515151515151416,-2.8787878787878753,-0.27272727272726627,-0.008182415587165481,-0.014914232837118901,0.004459859489524598,0.02067742277379131,27.991075451054712,18.0,-19.0,-14.10576923076923,-8.0
2010,1165,1458,1,Tournament,0.12013348164627358,7.688542825361509,8.358175750834256,-0.6696329254727473,0.050711457934947135,0.0413619401713648,0.025070559053347985,-0.0291002329776075,35.81512184478447,63.0,38.0,36.364992150706435,8.0
2010,1143,1181,0,Tournament,-0.15597147950089119,-0.0008912655971471395,6.688057040998224,-6.688948306595364,0.024575049327366316,0.012541772820991504,-0.04077498870911528,-0.016055527564848016,-80.29959783356344,13.0,27.0,24.182692307692307,7.0
2010,1268,1277,0,Tournament,-0.01666666666666672,6.641666666666666,4.345833333333331,2.2958333333333343,-0.0018484116437960108,-0.02911517963636301,-0.06387449484136748,-0.0039641719663306985,43.525058866519885,-14.0,-10.0,-5.596153846153847,-1.0
2010,1210,1326,0,Tournament,-0.15775401069518713,-1.7201426024955424,4.885026737967927,-6.605169340463462,-0.02898677748118128,0.030879981787922922,0.10245904608222928,0.005522887503550206,-78.7728932237153,23.0,20.0,26.040423861852435,8.0
2010,1345,1401,1,Tournament,0.13407258064516125,-0.1320564516128968,-3.835685483870961,3.703629032258064,-0.026933159674392804,-0.014733568752648502,-0.06736743615734653,-0.0525625817107806,1.896182359318118,-10.0,-7.0,-7.090120663650074,-1.0
2010,1211,1393,0,Tournament,-0.06854838709677424,-3.952620967741936,0.9959677419354875,-4.9485887096774235,-0.043153193614054064,-0.011160971389493207,-0.06299304063452699,0.10702333075086962,-37.287548587121364,51.0,32.0,30.937405731523377,7.0
2010,1281,1452,0,Tournament,-0.13068181818181823,4.592803030303031,2.024621212121211,2.56818181818182,-0.01200905831512028,0.0006739973783093933,-0.08095990575082629,-0.012592327365622408,-109.69507237068228,13.0,16.0,26.62951334379906,8.0
2010,1338,1462,0,Tournament,0.0,-11.9375,-7.6875,-4.25,-0.030834482024235166,0.0014705768644174833,0.03938910131560841,-0.009899597129368887,-20.513205852618285,8.0,2.0,-2.9050235478806883,-3.0
2010,1139,1393,1,Tournament,0.0,-11.375,-6.84375,-4.53125,-0.05327858765393084,-0.003274833131179017,-0.08650701211654938,0.1399643531736593,34.92270826055869,21.0,19.0,14.094268476621417,4.0
2010,1243,1462,1,Tournament,0.03125,-0.5625,0.15625,-0.71875,-0.020043409958385494,0.004152358501879394,0.07441453240141471,0.05474151795183324,1.1271782329929465,-13.0,-12.0,-16.07810047095761,-4.0
2010,1165,1246,0,Tournament,-0.07910750507099384,-4.062880324543613,-0.71298174442191,-3.349898580121703,0.08281903622252795,-4.741274685390873e-05,-0.06508754358540353,-0.11404012150187001,-82.1259792160779,60.0,48.0,48.98037676609105,11.0
2010,1449,1452,0,Tournament,-0.09090909090909094,6.818181818181813,6.151515151515149,0.6666666666666643,-0.003907733026501714,0.008770061978678106,-0.0627574003119295,0.04708863945987557,-48.65991020455681,21.0,37.0,28.009615384615387,9.0
2010,1124,1388,1,Tournament,-0.05913978494623662,-2.0903225806451644,0.28172043010752645,-2.372043010752691,0.020152628422585916,0.017392070890754813,0.051947071169266,0.03329503296936137,18.810404602708104,-31.0,-22.0,-20.076923076923077,-7.0
2010,1181,1345,1,Tournament,0.009191176470588203,6.876838235294116,0.7996323529411669,6.077205882352942,0.029163260267275615,-0.0007988507160175129,0.12085649732225301,0.024718513149907806,52.56697096333551,-12.0,-8.0,-8.153846153846157,-3.0
2010,1277,1320,1,Tournament,-0.125,9.3125,9.40625,-0.09375,0.04186425932969312,0.017547082173566514,0.10739806156596049,-0.01830000945710758,-62.05049282322898,-8.0,-6.0,-3.8269230769230766,-4.0
2010,1326,1397,0,Tournament,0.036541889483065915,0.5989304812834177,-3.733511586452771,4.3324420677361815,0.054740221135583966,-0.0003799854402523062,-0.026554530952823563,-0.007111343877972409,34.047697025443995,-31.0,-7.0,-9.23076923076923,-4.0
2010,1139,1243,1,Tournament,0.09375,-9.375,-9.1875,-0.1875,0.004177354616810625,0.008453158538780287,-0.11820285039866107,0.01982415593721487,37.77926685060402,17.0,16.0,10.959653092006032,3.0
2010,1246,1452,0,Tournament,0.12299465240641694,6.265597147950089,1.476827094474153,4.788770053475936,-0.026808907706436014,0.024057745542260617,-0.026365955942118158,0.0564245625033622,26.22281911506525,-2.0,-1.0,-2.2692307692307687,-1.0
2010,1124,1181,0,Tournament,-0.07874762808349145,-1.2609108159392832,4.842504743833025,-6.103415559772301,0.051931729959460715,0.036744660479381824,-0.006583367531998396,-0.011942130866736622,-47.564355967835354,11.0,6.0,8.48076923076923,2.0
2010,1277,1397,1,Tournament,-0.007575757575757569,-1.0113636363636402,-1.2518939393939377,0.24053030303029743,0.023156394113555023,0.015534745044007509,0.0928808480143839,0.010672719672447206,-35.59273176580541,-11.0,6.0,2.6153846153846168,-1.0
2010,1139,1277,1,Tournament,0.125,-2.53125,-3.65625,1.125,-0.011841218893449912,-0.008529081149357909,-0.11662272829431436,0.10887240128365339,81.39360943382962,2.0,-3.0,-5.2711161387631975,0.0
2010,1181,1452,1,Tournament,0.03475935828876997,5.000891265597147,-2.081996434937622,7.082887700534762,-0.0022747563561247852,-0.004967475337047805,-0.024843351778204292,0.035946557659198186,5.275121540993723,-7.0,-3.0,-2.1730769230769225,-1.0
2010,1139,1181,0,Tournament,0.022058823529411797,-7.876838235294116,-1.6746323529411669,-6.202205882352942,-0.0003241967865258988,0.029496122562118504,-0.09804232715142608,0.07471607339566799,-7.539530870148383,25.0,20.0,14.459653092006032,4.0
2011,1155,1412,1,Tournament,-0.07708333333333328,-0.6500000000000057,-1.3958333333333357,0.74583333333333,-0.005105173520592865,0.006440664264636714,0.01642856607546972,0.04002458015775612,-17.314150422272633,-32.0,-11.0,-9.122448979591837,0.0
2011,1114,1421,0,Tournament,-0.03657262277951934,-5.520376175548591,-1.247648902821311,-4.2727272727272805,-0.011979773293529616,-0.03124536770355671,-0.026004468792244606,0.0026277792397311206,-33.597228875464225,67.0,52.0,43.20408163265307,0.0
2011,1106,1427,0,Tournament,-0.08297413793103448,-8.920258620689651,-6.286637931034477,-2.6336206896551744,-0.046846838601431906,0.02450467658583491,0.0668653714844411,-0.00445606235251178,-20.077659316153586,76.0,89.0,74.0408163265306,0.0
2011,1425,1433,0,Tournament,-0.10071301247771836,-4.68092691622104,-4.653297682709443,-0.02762923351159685,-0.0008381158748502204,-0.0034614476976472797,-0.0008363741207030317,-0.0446725523261976,-15.060236036364813,-40.0,-15.0,-6.816326530612244,0.0
2011,1139,1330,1,Tournament,-0.10850439882697949,6.635386119257092,6.696969696969688,-0.0615835777126037,0.035928755544694435,-0.0127111406576354,-0.09923616909856942,0.03455453755298399,-48.3599425048717,2.0,7.0,12.938775510204081,-1.0
2011,1140,1459,1,Tournament,0.24242424242424243,7.454545454545453,0.0,7.454545454545453,-0.0315798233538076,-0.0162270046692623,-0.024605977617740582,-0.004340897155920009,72.25577861543456,-73.0,-91.0,-90.31318681318683,-11.0
2011,1153,1281,1,Tournament,0.07007575757575757,-11.874053030303031,-12.631628787878789,0.7575757575757578,-0.03972732028879933,0.0041705224429806065,0.06438888957672328,-0.04508503151586887,45.61857946710779,-11.0,-11.0,-11.611844737895158,-5.0
2011,1137,1163,0,Tournament,0.014718614718614687,-2.642424242424255,-2.9471861471861445,0.30476190476188947,0.04742586647331576,0.014350073700241994,-0.12895621386166362,0.00639312597300179,-41.67355623270282,73.0,74.0,73.93995290423861,11.0
2011,1196,1364,1,Tournament,0.23615464994775337,3.6833855799373083,-2.698014629049112,6.38140020898642,-0.01404624659698861,-0.0291024069243164,0.106493973232417,-0.0672609136853784,139.00120361303198,-106.0,-126.0,-132.56828885400313,-13.0
2011,1211,1385,1,Tournament,0.0625,5.8125,-1.21875,7.03125,0.025989329141932194,0.009220417139974901,0.017632257127903173,0.012957288591310068,6.669914906607573,-8.0,18.0,11.765490196078431,5.0
2011,1243,1429,1,Tournament,-0.22883064516129037,1.4284274193548328,8.129032258064512,-6.70060483870968,-0.025674477926585892,0.015571591856766709,0.07612524337909893,0.0303789014511604,-38.388337980135475,13.0,4.0,8.01923076923077,-7.0
2011,1246,1343,1,Tournament,-0.042424242424242475,6.924242424242422,-0.08484848484847873,7.009090909090901,-0.0011384989353396824,-0.0297682803227797,0.04011130862355339,-0.008710154733503894,52.87935060130758,-80.0,-64.0,-55.907378335949765,-9.0
2011,1257,1287,0,Tournament,0.02561669829222013,6.4819734345351065,2.585388994307408,3.8965844402276986,0.0188546567254142,-0.031006526413043883,-0.08175966233558529,-0.04883151306436809,42.36751584288436,-83.0,-95.0,-80.8634222919937,-9.0
2011,1338,1421,1,Tournament,0.2920258620689655,2.2693965517241423,-7.824353448275858,10.09375,0.03005118743708457,-0.024039064877307892,0.07533754992605629,-0.008475973416263882,105.83596408506992,-138.0,-150.0,-149.44466248037676,-15.0
2011,1350,1435,1,Tournament,0.09714795008912647,-6.035650623885928,-6.63636363636364,0.600713012477712,2.7948517535625328e-05,-0.015187674161028591,-0.039804372599157534,-0.12029457596292689,59.87664694485716,14.0,6.0,5.619047619047617,7.0
2011,1294,1361,0,Tournament,-0.2823275862068966,0.003232758620683285,7.74892241379311,-7.745689655172427,0.02897639588706391,0.046518132304917,-0.023599230298367024,0.1556494259021213,-126.07017631579674,116.0,121.0,115.30926216640502,13.0
2011,1336,1396,0,Tournament,-0.2054924242424242,-7.907196969696969,0.2679924242424221,-8.175189393939391,0.03081157029835946,0.00961847290179721,0.009171317466465323,-0.014328781190228207,-30.52927487436,1.0,13.0,17.501800720288113,3.0
2011,1277,1417,0,Tournament,-0.125,-1.84375,0.1875,-2.03125,-0.005580124822597066,-0.01898009440904111,-0.00924036444816917,-0.04579720745420329,-25.0880031112099,-12.0,-10.0,2.2040816326530646,3.0
2011,1155,1452,0,Tournament,0.011088709677419373,-1.2983870967741922,-3.1592741935483843,1.8608870967741922,0.015433939336062297,0.016198269925843112,-0.04490664071108008,-0.024962726989871287,-19.959356512569002,3.0,23.0,17.868747498999596,7.0
2011,1125,1458,0,Tournament,0.1404174573055028,12.159392789373825,3.6185958254269437,8.540796963946878,0.020170461403524742,0.0676561163809998,0.0032513888775837496,0.043144322963690585,23.98932652149597,9.0,23.0,20.02040816326531,9.0
2011,1112,1272,1,Tournament,0.05882352941176461,4.5,-0.6176470588235361,5.117647058823536,0.034873809965992375,-0.027491395391470774,-0.04167994506422812,0.05525994531071138,7.26066113575439,-60.0,-45.0,-36.55846153846154,-7.0
2011,1181,1214,1,Tournament,0.1404174573055028,14.155597722960152,2.3937381404174616,11.76185958254269,0.04406809982015997,-0.009014861739156527,0.04013098096387019,0.004043475371879712,159.8211522199274,-209.0,-175.0,-159.34733124018837,-15.0
2011,1199,1401,1,Tournament,-0.06451612903225812,0.709677419354847,0.7741935483870961,-0.06451612903224913,0.0032729397903408786,0.03150686118141019,-0.02627238670111981,-0.08130023005630718,-31.936628811008177,-3.0,11.0,13.297719087635056,3.0
2011,1206,1437,1,Tournament,0.15625,0.625,-4.03125,4.65625,0.026392798856427757,-0.0003893666344789992,-0.0029849190550494953,-0.06803381850859358,102.83148270648599,-2.0,7.0,-4.020408163265298,-1.0
2011,1228,1424,1,Tournament,-0.15625,-0.625,2.59375,-3.21875,0.039003875452184866,0.005512851526558699,-0.017748866636499883,-0.06587652892343068,-76.88590890527735,-2.0,7.0,13.604489795918365,1.0
2011,1131,1242,0,Tournament,-0.32352941176470573,-17.17647058823529,-2.0,-15.17647058823529,-0.043128914609108615,-0.0099631844894075,0.0019100348244451282,-0.02110179522331529,-149.08684772483753,166.0,164.0,152.75863422291994,15.0
2011,1266,1462,1,Tournament,-0.18595825426944967,3.4753320683112037,4.510436432637576,-1.0351043643263722,0.017729661763394022,-0.013560139009242994,0.05853175795132287,0.0018846093727830082,-55.963218070756284,-4.0,-6.0,11.634653861544624,5.0
2011,1276,1397,1,Tournament,0.0179924242424242,-5.13636363636364,-4.678030303030297,-0.4583333333333428,0.03462900558785992,-0.01828848128935398,-0.140595062562005,-0.0857433170466029,35.055267454266186,-15.0,-13.0,-6.734693877551017,-1.0
2011,1254,1314,0,Tournament,0.055871212121212155,5.927083333333329,6.117424242424249,-0.19034090909092072,0.030653630467151083,-0.00045704712244051815,0.015284164467382566,0.055525886683148395,-46.281345713061,107.0,83.0,75.66640502354788,13.0
2011,1103,1323,0,Tournament,-0.1654411764705882,-6.029411764705884,0.6985294117647101,-6.727941176470594,-0.014105412499115955,0.0013278003334575017,-0.03570328712260662,-0.08955360135082088,-81.7710215172865,113.0,119.0,108.87755102040816,13.0
2011,1326,1427,1,Tournament,0.3894523326572007,6.605476673428001,-10.900608519269774,17.506085192697775,0.039225991421767414,-0.020968292200824995,0.0021214725347457053,0.03492098685928491,188.15524853815964,-218.0,-218.0,-203.57339089481948,-15.0
2011,1345,1389,1,Tournament,0.17518939393939392,11.262310606060609,1.5284090909090935,9.733901515151516,0.033582795227444784,-0.0660660153074038,-0.029465768624278188,-0.020555903644601914,63.83373502819768,-102.0,-119.0,-109.44270015698588,-11.0
2011,1232,1393,0,Tournament,-0.19412878787878785,-7.762310606060609,1.4479166666666643,-9.210227272727272,-0.03175910908915891,0.027391498735844122,-0.04376188829855954,0.059668767319995986,-36.912348819017325,98.0,102.0,91.78963893249608,11.0
2011,1324,1400,0,Tournament,-0.06684491978609619,10.179144385026746,15.163101604278076,-4.983957219251328,0.05780129800337025,0.03546528866301932,-0.0124531542587491,-0.007008967001479627,-25.49510284271605,65.0,49.0,52.53689167974882,9.0
2011,1207,1433,0,Tournament,0.000948766603415474,-0.4971537001897559,-1.3444022770398476,0.8472485768500917,0.018050283905876208,0.02658511624764201,0.027434094849839774,-0.02114151649803811,-15.412613466834955,-53.0,-61.0,-46.088435374149654,-5.0
2011,1208,1449,0,Tournament,-0.04071969696969702,-14.702651515151516,-6.112689393939391,-8.589962121212125,-0.030984383555577477,0.017992393451542604,-0.0053229117665377634,0.027865022105495185,-41.889988862862765,42.0,26.0,25.045525902668757,3.0
2011,1139,1338,1,Tournament,-0.13407258064516125,-1.578629032258064,4.03125,-5.609879032258064,-0.027580381682370758,-0.007157023097550619,-0.07329836388987943,-0.017024494443779792,-24.03261529707879,49.0,41.0,39.852825745682885,7.0
2011,1140,1211,1,Tournament,0.16003787878787878,5.397727272727266,2.660984848484844,2.736742424242422,-0.019599366949906494,-0.0327543812626106,-0.031857522317741194,-0.03829146423463131,34.59719342317703,-14.0,-35.0,-31.924615384615386,-8.0
2011,1153,1163,0,Tournament,0.014718614718614687,-4.430303030303037,-7.1593073593073555,2.7290043290043187,-0.002289403797003209,0.005226222100757405,0.0004045292694382918,-0.02080745753772459,-38.926209294755836,6.0,3.0,9.4709653092006,3.0
2011,1196,1417,1,Tournament,0.10037878787878785,1.5767045454545467,-2.7206439393939377,4.297348484848484,0.015760155853430713,-0.02529729160960062,0.02885570171803392,-0.0727591418413937,67.57745687473084,-34.0,-29.0,-28.915227629513343,-5.0
2011,1246,1452,1,Tournament,0.11241446725317694,6.87585532746823,-0.24828934506353306,7.124144672531763,0.028179936829700047,-0.020251552958824914,-0.051833804568192476,-0.024506049105358807,60.73997710964977,-14.0,-7.0,-10.630467571644049,-1.0
2011,1287,1350,0,Tournament,-0.08444022770398474,-1.3055028462998024,1.0322580645161281,-2.3377609108159305,-0.021903432102836295,0.05068668930437259,0.1454899701360408,0.03084353449229041,-53.031077129152436,49.0,72.0,59.34693877551019,1.0
2011,1361,1396,1,Tournament,0.15625,0.09375,-3.25,3.34375,-0.005576948234317425,0.0018462689146332978,0.06967697136269341,-0.04468056473175391,76.62711693927167,-32.0,-28.0,-24.90950226244344,-5.0
2011,1243,1458,0,Tournament,-0.06451612903225812,4.516129032258064,7.806451612903224,-3.29032258064516,-0.017749456542187902,0.07818285310247,0.07508554276754015,0.0711213805106507,6.552669208536827,20.0,14.0,12.23076923076923,1.0
2011,1112,1400,1,Tournament,0.0,1.617647058823536,6.088235294117645,-4.470588235294107,0.033585811162105295,0.02811557611948462,-0.060040443885653605,0.025762229090583066,-27.20442307400799,21.0,15.0,13.19230769230769,1.0
2011,1181,1276,1,Tournament,0.28860294117647056,15.558823529411768,1.639705882352942,13.919117647058826,-0.02610103205038594,-0.001295465050517225,0.09946201939367039,0.0753074219039189,100.6375513194348,-38.0,-35.0,-40.469780219780226,-7.0
2011,1199,1323,1,Tournament,-0.13508064516129037,-6.677419354838705,-3.366935483870968,-3.3104838709677367,-0.025929716838407557,0.0476623135023215,0.03617018964389457,-0.07601160083420697,-88.68560580625171,32.0,36.0,36.59183673469388,8.0
2011,1228,1242,0,Tournament,-0.34742647058823517,-11.101102941176464,-0.016544117647057988,-11.084558823529406,0.010694982321920454,-0.005860265987132407,-0.022429489446419093,-0.07821943857839328,-183.02217962598843,17.0,25.0,35.16679748822606,8.0
2011,1266,1393,1,Tournament,-0.19964349376114077,2.482174688057043,5.725490196078432,-3.2433155080213876,-0.009214759400143602,-0.010508746984976586,-0.004116869726241035,0.09870221564664178,-71.01559402642943,22.0,19.0,29.952904238618533,8.0
2011,1314,1449,1,Tournament,0.09090909090909083,-6.848484848484844,-2.6363636363636402,-4.212121212121204,-0.05365461896398366,0.015008471596717726,8.591953697323351e-05,0.029565852124752823,73.54258135620421,-1.0,-11.0,-15.192307692307697,-5.0
2011,1206,1326,0,Tournament,-0.12867647058823517,-3.744485294117652,1.707720588235297,-5.452205882352949,-0.016124947848698667,-0.0026067640563743055,0.04707055024369122,-0.08150636226221109,-66.78734984617881,25.0,30.0,27.94073783359498,7.0
2011,1345,1433,0,Tournament,0.10477941176470584,1.126838235294116,-6.003676470588232,7.130514705882348,-0.01666148030778042,-0.0242364736150196,-0.012028084242842296,-0.032993659030328304,35.05444994640561,-76.0,-68.0,-58.5243328100471,-8.0
2011,1112,1181,1,Tournament,-0.08823529411764708,-4.529411764705884,3.205882352941174,-7.735294117647058,0.02913787761968689,0.019258135343626026,-0.03371175795470138,0.04186046132618698,-65.45348704411253,23.0,19.0,18.288461538461537,4.0
2011,1139,1458,1,Tournament,-0.032258064516129004,4.290322580645167,6.677419354838712,-2.3870967741935445,-0.0017497415100252711,0.04771624208143649,-0.009631912477750304,0.05838025148092091,0.9390180754699031,45.0,35.0,30.448979591836732,4.0
2011,1163,1361,1,Tournament,-0.19464285714285712,2.3687500000000057,7.465178571428567,-5.096428571428561,0.001934088986697502,0.0016473488110658185,-0.0035959720282038865,0.0444874612750418,-43.37741799773153,11.0,10.0,7.634615384615385,1.0
2011,1140,1196,0,Tournament,0.09090909090909094,9.72727272727272,4.787878787878782,4.939393939393938,-0.015044587395956599,-0.02268632405827639,-0.06701614393264022,0.06383749760498159,6.64050903066186,-6.0,-12.0,-7.500000000000002,1.0
2011,1242,1350,1,Tournament,0.1470588235294117,12.205882352941174,4.235294117647058,7.970588235294116,-0.0036659657593319794,0.024562653548934,0.07281143738350221,0.0757260096805025,71.75723958390017,-43.0,-34.0,-33.22802197802198,-11.0
2011,1246,1326,1,Tournament,-0.1836007130124776,-0.66399286987523,4.024955436720148,-4.688948306595378,-0.026431873617918766,-0.016860012817794007,0.04135425300103063,-0.08046617651929638,-45.106371164179336,6.0,11.0,10.788461538461537,3.0
2011,1266,1314,0,Tournament,-0.19964349376114077,-0.5784313725490193,1.3012477718360174,-1.8796791443850367,0.04544063860623743,-0.019751628070233007,-0.008279011402931136,0.06369258901515606,-109.79390210431848,19.0,14.0,29.29905808477238,9.0
2011,1199,1433,0,Tournament,0.000948766603415474,-2.2068311195445887,-5.1831119544592,2.9762808349146113,-0.019528125333398427,0.0479403816863547,0.048700708979650675,-0.04247301476747059,-17.468425912389648,-42.0,-33.0,-24.163265306122447,-1.0
2011,1139,1196,1,Tournament,-0.0782013685239491,0.9384164222873892,1.9393939393939377,-1.0009775171065485,-0.011956851106767585,-0.008471601281964003,-0.06155271864878453,0.046079731288829806,-34.4014987272642,35.0,28.0,29.833594976452115,6.0
2011,1112,1163,0,Tournament,0.0512605042016806,3.1294117647058783,1.0991596638655494,2.030252100840329,0.047776652792875185,0.017602266556002305,-0.07381134675454332,0.06311549353671908,-38.12914496876442,8.0,8.0,8.94230769230769,2.0
2011,1246,1314,1,Tournament,-0.030303030303030276,-0.24242424242424931,-3.9090909090908994,3.66666666666665,0.045602169090111555,-0.031934655042889726,-0.017379768140417307,0.0008771906590350764,-13.599227872737401,-7.0,-3.0,0.2692307692307683,2.0
2011,1242,1433,0,Tournament,0.264705882352941,10.85294117647058,-2.205882352941174,13.058823529411754,0.012614349018924498,0.01742480230765031,0.03612274108853658,0.020448350245019786,132.83976610457694,-81.0,-75.0,-66.69740973312402,-10.0
2011,1139,1433,1,Tournament,0.03320683111954459,0.9544592030360519,-2.441176470588232,3.395635673624284,-0.006561813768406088,-0.00018400205530580416,0.019288258400685765,0.0021939372007035995,32.11544449197186,-30.0,-31.0,-23.306122448979593,-3.0
2011,1163,1246,1,Tournament,-0.014718614718614687,-3.0242424242424164,2.5229437229437153,-5.547186147186132,-0.039299097997431864,0.008876044031705721,0.035818898840744406,-0.009565396974797302,-6.241307860688494,10.0,2.0,0.8653846153846185,-1.0
2011,1139,1163,0,Tournament,-0.03317972350230414,-0.9161290322580697,-1.3714285714285666,0.4552995391704968,0.024373233836730124,0.010130624336762678,-0.05835085971078624,0.0263394377778835,-38.2021861989831,37.0,32.0,32.42974882260596,5.0
2012,1140,1233,1,Tournament,-0.03931451612903225,-4.8951612903225765,-4.98185483870968,0.08669354838710319,-0.04851330059629927,0.006215265641879991,0.0036134041307195885,0.015756491332070216,-6.674591132075193,-12.0,-13.0,-10.913793103448278,0.0
2012,1290,1443,0,Tournament,0.18181818181818188,3.848484848484844,1.2727272727272663,2.575757575757578,-0.002955092745952903,-0.019449234324237924,-0.01031571615506971,-0.07543801395534541,8.094361184727177,65.0,31.0,13.5,0.0
2012,1143,1378,0,Tournament,0.1335227272727273,12.854166666666671,4.475378787878789,8.378787878787882,0.03226173874120952,-0.0379275185607828,-0.010069459355558363,0.016005560701360305,-23.914022869148766,-39.0,-39.0,-25.94827586206896,0.0
2012,1249,1436,0,Tournament,-0.020220588235294157,5.389705882352942,5.375,0.014705882352942012,-0.033361880397430654,-0.01827628042401841,0.03879671695427184,0.02934303373366609,-5.906509963060898,-15.0,-32.0,-20.82758620689654,0.0
2012,1124,1355,1,Tournament,0.006628787878787845,-2.1022727272727337,-1.3522727272727337,-0.75,-0.016304707094305648,0.028229590892778017,0.06233828974013711,-0.010296693091306597,10.145738065592923,-43.0,-47.0,-46.24590163934427,-11.0
2012,1160,1424,1,Tournament,-0.09375,-9.65625,-2.78125,-6.875,-0.025343156570920178,0.006301478507731995,-0.009929696712213998,0.03470830751077397,-5.5545555457879345,42.0,56.0,42.62436404748445,5.0
2012,1211,1452,1,Tournament,0.21270161290322576,2.342741935483872,-2.962701612903224,5.305443548387096,0.04619594252622411,0.027665776025212085,-0.0830338334663469,0.07357706847528328,65.34597451400145,-10.0,-8.0,-25.051724137931032,-3.0
2012,1231,1308,1,Tournament,0.030303030303030276,-0.12121212121212466,-2.5454545454545467,2.424242424242424,0.04297403765861052,0.0007290896021786009,-0.046748555514648016,-0.0214316736617981,31.992818326907127,-52.0,-54.0,-51.436970039570376,-9.0
2012,1163,1235,0,Tournament,-0.08143939393939392,-4.339015151515156,-2.5975378787878753,-1.7414772727272796,-0.019326401132564064,0.0024608467242808185,0.037349375245099126,-0.0219415571235988,-34.805228282111784,8.0,5.0,8.879310344827587,1.0
2012,1243,1379,1,Tournament,-0.06451612903225812,0.6774193548387188,-2.516129032258057,3.193548387096776,0.0356806118161781,0.0490885780574791,0.048804177173473906,0.0038760619176975153,22.210376036282014,-52.0,-35.0,-21.172413793103452,-1.0
2012,1246,1443,1,Tournament,0.4866310160427807,11.615864527629228,-9.0,20.615864527629228,0.05438770294473799,-0.03940191223633582,0.044434199205441616,-0.05422045983561663,173.47769719111216,-190.0,-201.0,-184.1498021481063,-15.0
2012,1172,1257,0,Tournament,0.03133640552995387,8.526267281106001,6.731797235023045,1.7944700460829566,0.044917636797210614,-0.026429071712008617,-0.006673875308576438,0.03573885159000062,-61.73020251047751,48.0,53.0,43.67863199547767,9.0
2012,1140,1266,0,Tournament,-0.03931451612903225,2.4173387096774235,1.3618951612903203,1.0554435483871032,0.017118659905712652,-0.007340792877510105,-0.03308400316457283,-0.00946419041954022,-42.21311324183125,30.0,24.0,31.209723007348785,11.0
2012,1161,1293,0,Tournament,-0.3191244239631338,-3.18202764976958,5.9976958525345765,-9.17972350230415,-0.030880286319263428,-0.03843831399854261,-0.0040628059027491,0.027245857587590627,-83.43630700658105,27.0,36.0,39.12634256642171,5.0
2012,1253,1307,0,Tournament,-0.07056451612903225,1.2116935483871032,4.956653225806448,-3.7449596774193434,0.024796535156034527,-0.008644436081139295,-0.033236513759320796,0.02438305712179667,-57.926202216209276,23.0,25.0,24.579423403052573,7.0
2012,1259,1326,0,Tournament,-0.044117647058823484,-7.170955882352942,4.753676470588232,-11.924632352941174,-0.04090930001663645,0.005071309203135116,0.007602105419191485,0.04919669573411062,-83.98947909283561,126.0,131.0,100.0799886941775,13.0
2012,1393,1421,1,Tournament,0.2393939393939395,-3.9575757575757535,-11.939393939393938,7.981818181818186,-0.019420762914095835,-0.025480514911950997,0.036773898240620606,-0.13980106141423182,141.29218458855848,-113.0,-120.0,-110.9055963821368,-15.0
2012,1433,1455,1,Tournament,-0.015180265654649028,-8.520872865275152,-2.977229601518026,-5.543643263757126,-0.04650661762341479,-0.0073928027638309746,-0.009076775951492089,-0.004667321537399988,14.928985645533658,37.0,40.0,31.07413793103448,7.0
2012,1217,1435,0,Tournament,0.1561866125760648,-7.842799188640967,-9.936105476673426,2.0933062880324584,-0.02668588092990737,0.010216362779181087,0.004562038293804305,0.02722162549714041,-45.931676704521806,23.0,23.0,21.13753820505696,7.0
2012,1285,1458,0,Tournament,0.0658307210031348,7.362591431556943,9.328108672936253,-1.9655172413793096,0.02197884984152093,0.029088960085038307,-0.02814578552341329,0.05725980966206187,-8.228466124367742,88.0,89.0,65.31514980214811,9.0
2012,1153,1400,1,Tournament,0.09982174688057044,-4.560606060606062,-5.641711229946516,1.0811051693404536,-0.030289203975399193,-0.024449066187394092,-0.027528808255913695,-0.1456018086810092,66.00939671659421,3.0,7.0,-7.913793103448278,-5.0
2012,1104,1166,0,Tournament,-0.1922348484848485,-15.092803030303031,-11.420454545454547,-3.6723484848484844,-0.05309496015450538,0.018183366537183193,0.01984576461000509,-0.004202197006905495,-81.16451098387847,-5.0,4.0,15.05114942528736,1.0
2012,1196,1438,1,Tournament,-0.012707722385141729,13.20821114369501,12.35288367546432,0.8553274682306924,0.04033012706760675,-0.02670544138756889,0.05530672479792009,-0.026399350985466197,38.07251373309259,-7.0,-9.0,-13.402298850574713,-3.0
2012,1199,1382,1,Tournament,0.08211143695014667,-0.34408602150537604,-2.0909090909090935,1.7468230694037175,-0.011166733421414998,0.009410118231434422,-0.0030907247889805922,-0.0883040855302342,61.520717972587136,-30.0,-40.0,-48.828434143583934,-11.0
2012,1125,1207,0,Tournament,0.054545454545454564,12.960606060606054,8.415151515151514,4.54545454545454,0.039532587985378065,-0.01038935332825458,-0.021952306249477416,0.0354047885800034,21.674516699347123,11.0,19.0,26.457603165630303,11.0
2012,1178,1242,0,Tournament,-0.21212121212121215,-4.151515151515156,6.0,-10.151515151515154,-0.03788682737139121,-0.010509333173865099,0.013487480573368682,0.0444195745902341,-87.37322357222502,111.0,115.0,110.75551158846805,13.0
2012,1181,1250,0,Tournament,0.03693181818181823,1.8901515151515156,3.0482954545454533,-1.1581439393939377,0.018631959835111123,0.010012062307901998,0.02023845205609731,-0.0041041834117256926,29.154936183909513,-66.0,-81.0,-76.54522328999435,-13.0
2012,1254,1277,0,Tournament,-0.036541889483065915,9.73172905525847,18.2156862745098,-8.483957219251328,0.013932317447662823,0.023600707061834092,-0.022830737416116187,0.10719296543774631,-72.13930252271689,161.0,156.0,119.76003391746748,15.0
2012,1301,1361,1,Tournament,-0.12713472485768496,3.2533206831119514,3.771347248576845,-0.5180265654648935,0.02007799566139251,-0.0042412998989515005,0.052075359683787625,0.00542635642308964,-47.47899325516255,-11.0,-1.0,12.239400791407576,5.0
2012,1281,1313,0,Tournament,0.13235294117647056,10.731617647058826,-1.014705882352942,11.746323529411768,0.04122816195198298,-0.053575177568765286,-0.022004700813665845,0.017064874938568897,137.04269888627573,-207.0,-175.0,-153.35698134539285,-13.0
2012,1314,1436,1,Tournament,0.17647058823529405,14.735294117647058,6.352941176470594,8.382352941176464,0.0023957917503522053,-0.0288220105229198,0.05383505626859941,-0.002719895424650398,111.31899164098468,-113.0,-141.0,-131.96014697569248,-15.0
2012,1276,1325,0,Tournament,-0.06912878787878785,-3.462121212121218,-0.4166666666666572,-3.045454545454554,0.057245920900226954,-0.015724011220905193,-0.06186440755645006,-0.0672019874498844,12.664494607172628,-46.0,-49.0,-39.50452232899943,-9.0
2012,1345,1388,1,Tournament,-0.19696969696969702,-1.6181818181818102,3.133333333333333,-4.751515151515143,-0.003191924125069856,-0.0463423814586896,-0.022504093317480767,-0.03221829260553111,-47.91238248322111,-20.0,-7.0,8.502543810062178,3.0
2012,1378,1396,1,Tournament,-0.18044354838709675,-17.219758064516128,-12.590725806451616,-4.6290322580645125,-0.05972529048280284,0.04186526537525459,0.031427371197624676,0.0025041351169882986,-30.225431648889753,32.0,34.0,33.71624780829924,7.0
2012,1272,1387,0,Tournament,-0.009487666034155628,6.197343453510442,5.759962049335861,0.4373814041745785,0.02399148322191824,0.0150985554827881,-0.006610893489246761,0.04609280697551521,50.01422732788933,-6.0,-6.0,-11.836645236703678,-1.0
2012,1323,1462,0,Tournament,0.030303030303030276,-4.303030303030297,-5.939393939393931,1.6363636363636402,-0.017415078847950405,-0.02187844682246831,-0.004284762326646596,-0.01824873352840084,34.89300000457956,-17.0,-13.0,-17.775862068965523,-3.0
2012,1124,1160,1,Tournament,0.13162878787878785,7.991477272727266,1.7102272727272663,6.28125,0.017048088656104243,0.002746908202825721,0.08421395739271309,-0.0347536233838493,44.405872945675355,-61.0,-68.0,-58.60797060486151,-8.0
2012,1231,1433,1,Tournament,-0.06595365418894827,8.890374331550802,5.780748663101605,3.1096256684491976,0.08344529535894102,0.023112963781816986,0.018579200951961694,0.0748883680184653,-34.75551466438583,-36.0,-41.0,-31.10938383267382,-8.0
2012,1235,1246,0,Tournament,-0.25367647058823517,-3.48897058823529,7.71875,-11.20772058823529,-0.00023586691432764262,0.008595734523558302,-0.054808093496424404,0.005010408601308414,-115.20501604575315,28.0,31.0,31.33945732052007,7.0
2012,1257,1307,1,Tournament,-0.06964285714285712,-3.733928571428578,1.5151785714285708,-5.249107142857149,-0.03719898326245619,-0.0007667780243845734,-0.009371507291761394,-0.04932254821861032,-7.911727292170099,7.0,2.0,-2.081967213114755,-1.0
2012,1266,1293,1,Tournament,-0.1830357142857144,1.7232142857142918,3.861607142857153,-2.138392857142854,-0.07262377380666929,-0.037454602154776,0.06313323528767922,-0.027924662719412352,-42.38793869383903,-31.0,-25.0,-11.721311475409836,-3.0
2012,1211,1326,0,Tournament,0.012333965844402273,-0.7969639468690701,4.134724857685008,-4.931688804554078,0.029823552713850066,0.027453224147307997,-0.029727440869286692,0.0726538021560566,-37.9281284084293,30.0,28.0,18.85585076314302,5.0
2012,1243,1393,0,Tournament,-0.2619745845552298,-3.156402737047898,3.315738025415449,-6.472140762463349,-0.006461176949291492,0.035651752680766896,0.0428098005423968,0.0563581727515744,-118.65566366102439,14.0,17.0,26.802148106274732,7.0
2012,1435,1458,0,Tournament,-0.021390374331550777,9.032976827094465,12.091800356506234,-3.058823529411768,0.05309953830125119,0.040825973241987806,0.010494916404795607,0.04838965606144327,20.922212281197062,10.0,12.0,6.1311475409836085,1.0
2012,1153,1199,1,Tournament,-0.021390374331550777,-1.8333333333333286,-1.7326203208556095,-0.10071301247771913,-0.033949189972624305,-0.0672810808582007,0.01873581237809152,-0.049087689615970015,-27.21140944090007,10.0,13.0,14.50084793668739,3.0
2012,1196,1313,1,Tournament,-0.05303030303030298,6.710227272727266,-0.7196969696969688,7.429924242424237,0.048239819610571444,-0.043251599364677484,0.006708474825730559,-0.043390392429621005,43.336170288578614,-195.0,-165.0,-135.5919540229885,-8.0
2012,1242,1345,1,Tournament,0.18181818181818188,2.848484848484844,-4.060606060606062,6.909090909090905,0.015476512856521962,0.06082433596754791,0.02458669460169849,0.058871656440390385,88.31161331921066,-20.0,-24.0,-31.945166760881854,-8.0
2012,1277,1387,1,Tournament,0.01992409867172673,3.0502846299810216,1.7305502846299774,1.3197343453510424,-0.003952072055969202,0.026689975623845286,0.05336709710549192,-0.006318165864230896,73.18635504266854,-12.0,-16.0,-24.00141322781232,-8.0
2012,1207,1301,0,Tournament,0.08627450980392148,-4.949019607843127,-8.929411764705883,3.980392156862756,-0.0032608374456671863,0.008646080892171004,-0.0043205680207205055,0.004362319785895075,20.882022123540764,-31.0,-31.0,-29.354154889768232,-8.0
2012,1166,1314,0,Tournament,-0.004456327985739694,-1.9402852049910848,2.6925133689839527,-4.6327985739750375,0.056508223277068614,0.021215301421244392,-0.07609883980092458,-0.0041956588769493375,-25.57016608622621,30.0,19.0,17.75382513661202,7.0
2012,1325,1378,1,Tournament,0.19412878787878785,11.399621212121218,5.354166666666657,6.045454545454554,-0.005760190629992112,-0.028678182196737012,-0.0024479666454984006,0.013219860229757602,21.51287607506538,5.0,2.0,-3.0,1.0
2012,1250,1462,0,Tournament,0.14488636363636365,4.837121212121218,-2.0482954545454533,6.885416666666671,-0.0006759491832227793,-0.02278654555011639,0.014512988350714406,0.0017119638311379748,34.023740840521214,25.0,37.0,28.810344827586206,5.0
2012,1196,1266,1,Tournament,-0.08428030303030298,0.33522727272726627,-0.18844696969696884,0.5236742424242369,0.05035385725582542,-0.02273645143271319,-0.021242557516419125,-0.037421355475824314,-31.930158532154337,1.0,2.0,9.945355191256832,4.0
2012,1257,1277,1,Tournament,-0.0512605042016806,-3.318487394957984,2.053781512605042,-5.372268907563024,-0.04309050898183048,0.0020080651664706184,-0.014749148072175478,-0.007776769255052496,-29.807418487104997,17.0,15.0,13.426229508196723,3.0
2012,1153,1326,0,Tournament,-0.08823529411764697,-6.264705882352942,2.117647058823529,-8.382352941176471,-0.035838575725260335,-0.02374692754181318,0.004723302280853714,-0.08056255518888189,-17.803293497539244,29.0,32.0,29.304126625211982,4.0
2012,1393,1458,1,Tournament,0.21212121212121215,10.696969696969695,7.5151515151515085,3.1818181818181888,0.02348536036956983,0.010774713739367198,0.05613899308411213,-0.008385153929941408,72.15086678780199,2.0,-3.0,-10.918032786885243,-3.0
2012,1124,1462,1,Tournament,0.1515151515151515,3.4848484848484844,-2.181818181818187,5.666666666666671,0.012874518419656034,0.00871406014337131,0.06595458748988592,-0.030535441433958033,63.59613865480992,-44.0,-43.0,-45.52176370830979,-7.0
2012,1242,1301,1,Tournament,0.17112299465240643,1.6479500891265673,-6.090017825311946,7.737967914438512,0.011826616372761167,0.009950681071105721,-0.0187479909640485,0.029025422881396257,96.3618528259401,-39.0,-41.0,-41.92792538157151,-9.0
2012,1231,1246,0,Tournament,-0.1836007130124776,0.5962566844919763,6.545454545454547,-5.94919786096257,0.017846186460846125,0.02140784539004681,-0.03586312667333552,0.07299939294545321,-85.26452996210583,10.0,8.0,11.885245901639344,3.0
2012,1314,1325,1,Tournament,0.06506238859180036,11.758467023172898,4.186274509803937,7.572192513368968,0.01911417710813179,-0.03507874396317048,0.04997114653499041,0.0026646019471364135,63.628602603535455,-66.0,-66.0,-56.029112492933855,-12.0
2012,1196,1257,0,Tournament,-0.045887445887445866,7.444155844155844,4.85887445887446,2.5852813852813856,0.07819905198946464,-0.0315305454969354,-0.026255898261460242,-0.01325362376559458,-56.21722652269,-1.0,-1.0,5.879781420765028,3.0
2012,1326,1393,1,Tournament,-0.14527629233511596,0.1889483065953641,-1.3351158645276229,1.5240641711229852,-0.0008084756142833771,0.012456625264579496,-0.00014801749734721925,0.040566514034019285,-46.93298054273782,-6.0,-3.0,1.704918032786885,1.0
2012,1242,1314,1,Tournament,-0.03475935828876997,-6.940285204991085,-4.913547237076656,-2.02673796791443,0.0315879579030246,0.036394580958653305,-0.04808783656053439,0.020598310434098765,-2.863894360923041,-1.0,-2.0,1.3770491803278686,1.0
2012,1124,1246,0,Tournament,-0.15329768270944732,-2.4037433155080237,6.272727272727266,-8.67647058823529,-0.00942504613241435,0.02211122247919972,-0.003868103709082804,0.00618242725317969,-72.1057965305713,13.0,11.0,10.524590163934423,2.0
2012,1242,1326,1,Tournament,0.02406417112299475,0.26559714795008915,2.8805704099821696,-2.6149732620320822,0.021018898086449855,0.01637882406310312,-0.022597010319203192,0.026602915480634204,14.440705652811175,2.0,2.0,0.3934426229508192,0.0
2012,1246,1257,1,Tournament,0.1983193277310923,7.847899159663868,-2.171428571428571,10.019327731092439,0.05861504581055599,-0.029058679632263523,0.025718162413966184,0.003999246275276203,58.99537922498507,-19.0,-17.0,-16.557377049180328,-3.0
2012,1242,1246,0,Tournament,-0.12299465240641694,-1.6461675579322588,2.9393939393939377,-4.585561497326198,0.0022487975832113927,0.02313852992203702,-0.0417854181771487,0.03518632803325289,-37.627502433871314,3.0,3.0,4.377049180327869,1.0
2013,1251,1299,0,Tournament,-0.15441176470588236,5.757352941176471,9.369485294117638,-3.612132352941174,0.044807606869262495,-0.019874892214928608,-0.012734809201817188,0.018494545988323896,-31.87965655678022,25.0,18.0,43.258620689655146,0.0
2013,1292,1388,0,Tournament,0.03598484848484851,-3.6325757575757507,-5.524621212121211,1.8920454545454604,-0.06697753161383108,0.01783229215220611,0.0325127983114909,0.05004526001296172,-24.39211717440594,10.0,19.0,12.380939149763822,0.0
2013,1241,1254,1,Tournament,-0.017825311942959,-14.278074866310163,-12.040998217468797,-2.2370766488413665,-0.07320010720773362,-0.019192917337393922,-0.06256563618321731,-0.05119046114990744,-29.67298978869735,-6.0,6.0,4.637931034482733,0.0
2013,1129,1247,0,Tournament,-0.04482758620689653,-1.3643678160919563,0.4816091954022994,-1.8459770114942557,0.006182624778505841,0.01401418409622468,0.0005883060537474893,0.0286648240560613,4.988490505241771,-8.0,1.0,-4.56750438340152,0.0
2013,1112,1125,1,Tournament,-0.018750000000000044,-3.6187500000000057,-0.94583333333334,-2.6729166666666657,-0.04340038701587279,-0.012920703330182776,0.04120086039978821,0.06205559824098461,-23.209142170455607,-27.0,-27.0,-21.38053581191908,-5.0
2013,1137,1139,0,Tournament,0.08617424242424243,-1.174242424242422,-5.827651515151523,4.6534090909090935,-0.005480979411845888,-0.04650863578826181,-0.0744574072926234,0.030109353202113914,-7.104147585364899,10.0,28.0,21.629164231443596,5.0
2013,1143,1424,1,Tournament,-0.08211143695014667,-3.5425219941349013,0.8113391984359737,-4.353861192570875,-0.004400951311517409,-0.013510502304723698,0.001096560716240591,-0.004106562226699195,-28.236338249332903,22.0,17.0,23.879602571595555,7.0
2013,1161,1281,1,Tournament,0.04496578690127073,-3.98435972629521,-2.633431085043995,-1.3509286412512154,-0.03161342803220191,-0.030053395372980796,0.03408454232929109,0.03267274687213678,21.164357120830346,6.0,20.0,-2.8135593220338997,-1.0
2013,1211,1380,1,Tournament,0.24784482758620685,10.22629310344827,1.0862068965517224,9.140086206896548,0.06505129893381606,-0.003089675745296422,0.10960479749596469,0.033483753307071096,184.12444439721617,-166.0,-208.0,-171.8448275862069,-15.0
2013,1217,1307,1,Tournament,-0.18627450980392157,1.4847494553376919,3.8104575163398664,-2.3257080610021816,0.07186609058717425,0.028206272320126208,-0.015091135509172904,0.07691831866911064,-136.74796205547364,91.0,88.0,89.86763070077863,11.0
2013,1257,1299,1,Tournament,0.32352941176470584,11.941176470588239,-3.441176470588239,15.382352941176478,0.020888027618754412,-0.037285231864091994,0.0567521070612777,-0.01909912057171459,193.62888069907035,-224.0,-241.0,-222.01056729699667,-15.0
2013,1172,1266,0,Tournament,0.03931451612903225,4.09375,-0.741935483870968,4.835685483870968,0.015366194786031073,-0.0407000294216629,-0.08676160958473356,0.029572087134475566,1.151213466929903,34.0,42.0,42.34705228031146,11.0
2013,1272,1388,1,Tournament,0.06985294117647056,0.9779411764705941,1.834558823529406,-0.8566176470588118,0.00098250018400603,0.0324573049460008,0.012822750043825382,-0.0034876173830128976,37.41283063001538,17.0,-7.0,-6.915124272871498,-5.0
2013,1276,1355,1,Tournament,0.07157258064516125,1.7298387096774235,-3.4173387096774235,5.147177419354847,-0.008329873741282356,-0.01602916289500661,0.01547517426049222,-0.06041257029040048,35.62122004193702,-91.0,-82.0,-77.41323692992216,-9.0
2013,1277,1434,1,Tournament,-0.03125,-3.96875,-3.21875,-0.75,-0.036803080180160264,-0.026636386152251196,0.07781837865525248,-0.04889054859758693,1.3311345627121227,-56.0,-57.0,-49.11790878754172,-11.0
2013,1329,1332,0,Tournament,-0.014705882352941124,0.639705882352942,-0.773897058823529,1.413602941176471,0.007260603989174497,-0.03742467050204451,-0.042691344771974504,0.03679414786150964,14.69210684680229,-23.0,-29.0,-14.5,-7.0
2013,1308,1387,0,Tournament,-0.12121212121212122,-0.6969696969697026,4.727272727272727,-5.424242424242429,0.000799459173041861,0.026171213764825507,0.07001980835077909,0.037102470637789264,-67.43378146075042,64.0,64.0,57.587319243604,9.0
2013,1285,1393,0,Tournament,0.05024630541871922,-0.8600985221674904,5.569458128078821,-6.429556650246312,0.056789759579425725,0.010831419588971408,-0.1573949155483303,0.08499742425404008,-31.504686715366233,132.0,120.0,93.59212684527064,9.0
2013,1103,1433,0,Tournament,0.04174573055028463,-5.388045540796966,-2.536053130929794,-2.8519924098671723,0.006918100302584218,0.0212197791080678,-0.001493127543207018,0.00034967222927120845,-13.647533859576015,33.0,36.0,28.110344827586207,7.0
2013,1338,1455,0,Tournament,-0.014705882352941124,0.15257352941176805,-5.268382352941167,5.420955882352942,0.005749710250642415,-0.0258128405770722,0.031811036464284626,-0.002706950772397604,33.75248103117974,-26.0,-32.0,-15.720612356478945,-1.0
2013,1153,1166,0,Tournament,-0.12745098039215685,-8.745989304812824,-4.330659536541887,-4.415329768270939,-0.1082077973870027,-0.001946639657714494,0.0912065618359355,-0.014277212189989397,-39.49715202016705,25.0,14.0,18.027610716238378,3.0
2013,1107,1181,0,Tournament,-0.13786764705882348,-13.869485294117652,-5.112132352941174,-8.757352941176478,-0.02118172828907472,0.05839181065887472,0.047526668973172925,0.03479846713161672,-84.89640856513597,141.0,160.0,129.62124582869856,13.0
2013,1195,1207,1,Tournament,-0.11895161290322576,7.76310483870968,11.570564516129032,-3.8074596774193523,0.011465555941700345,-0.0026893912456043,0.016814708785860888,-0.019627541720223185,-94.40092263128417,114.0,117.0,103.41212458286986,13.0
2013,1196,1322,1,Tournament,0.08417508417508412,-6.326599326599322,-18.747474747474747,12.420875420875426,0.053524485804008315,-0.006457116500310001,-0.03337019461582391,-0.10355582749411663,38.16476908968389,-132.0,-135.0,-102.86985539488319,-11.0
2013,1160,1228,0,Tournament,0.019886363636363646,-0.48011363636364024,-1.642992424242422,1.1628787878787818,0.0058250525671380005,0.021523900495034193,0.015294132871764399,0.04916642647169761,-1.9403735937428337,8.0,8.0,2.4576271186440692,3.0
2013,1231,1241,1,Tournament,0.22994652406417115,14.82352941176471,-1.8983957219251408,16.72192513368985,0.054861782813685256,0.009198167786356515,0.0932251477901514,0.05544940530881892,113.48705328265783,-176.0,-167.0,-172.52447163515018,-15.0
2013,1235,1323,1,Tournament,-0.06862745098039225,9.283422459893046,8.09447415329769,1.188948306595357,0.034891185875833064,0.011501828900526395,-0.006427240138086099,0.0267203103817594,-31.86025771427694,6.0,9.0,12.577104751319816,3.0
2013,1242,1443,1,Tournament,0.2941176470588235,8.382352941176464,-4.823529411764703,13.205882352941174,0.014766422976560445,-0.01851263807846998,-0.006192342838006404,0.0156268042013063,131.3689826625407,-175.0,-178.0,-159.3131256952169,-15.0
2013,1243,1247,0,Tournament,0.08787878787878789,-3.7666666666666657,-4.572727272727278,0.806060606060611,-0.02115770162176478,0.0027999312897731,0.0480067211787385,-0.012358420497339595,64.98473190213963,-27.0,-37.0,-33.06340378197998,-9.0
2013,1274,1334,1,Tournament,0.19318181818181823,3.0653409090909065,-4.333333333333343,7.398674242424242,-0.008848068164271583,-0.012258739613345476,0.0008224620778466973,-0.04107071293726669,91.89805181466636,-107.0,-116.0,-99.3047830923248,-13.0
2013,1278,1417,1,Tournament,-0.11029411764705888,-6.297794117647058,-7.253676470588232,0.955882352941174,-0.005469376697797013,0.042233752305867595,0.13715862837050902,0.057674190550266596,-93.37609444869781,-21.0,-11.0,1.1822728535704385,5.0
2013,1279,1458,1,Tournament,0.08823529411764697,12.35294117647058,11.35294117647058,0.9999999999999947,0.004824923777141998,0.002370630282754388,0.025398096847794815,0.0716379172310583,0.12815749241894991,25.0,16.0,15.372580645161289,7.0
2013,1314,1437,1,Tournament,0.10321969696969702,8.744318181818187,4.183712121212125,4.560606060606062,0.010899684907600404,-0.056957154269277194,0.02429066792264223,-0.1917595857468704,49.83848952219546,-17.0,-21.0,-25.808591466978374,-1.0
2013,1233,1326,0,Tournament,-0.18181818181818177,11.393939393939405,17.818181818181813,-6.424242424242408,0.031171941904348743,0.002124690261223805,0.012820649270714635,0.038628315016849685,-146.7490010510262,91.0,93.0,96.16740823136817,13.0
2013,1328,1361,0,Tournament,-0.021505376344086002,2.8623655913978467,5.0268817204301115,-2.1645161290322577,0.005941269597689203,0.0013858593551214216,0.018289708501356194,0.019229134517744773,-27.543639468577567,25.0,11.0,12.762711864406782,3.0
2013,1301,1396,0,Tournament,-0.012867647058823484,4.779411764705884,1.965073529411768,2.814338235294116,0.04968687546234146,0.028400163211705187,0.04583851461876132,0.018086192003578416,-11.982150229859371,-33.0,-30.0,-17.84745762711865,-1.0
2013,1112,1217,1,Tournament,0.11458333333333337,4.355324074074076,-0.5347222222222285,4.890046296296305,-0.02783942403031192,-0.0278355945544633,0.0906559111986272,-0.10711934080524321,65.44700693679397,-89.0,-82.0,-82.96440489432702,-8.0
2013,1161,1257,0,Tournament,-0.11100569259962045,-1.300759013282729,5.577798861480069,-6.878557874762805,-0.005566376375090498,-0.01779905058638201,0.05287782270619712,0.018708725551263294,-108.026767030364,22.0,35.0,26.028977583378897,7.0
2013,1139,1266,0,Tournament,0.01564027370478982,-0.5757575757575779,0.7732160312805547,-1.3489736070381255,0.00311883462068252,-0.0040755475279025954,-0.020774167986747194,-0.03352286045681693,-10.10078158583633,27.0,23.0,12.959267359212689,3.0
2013,1276,1433,1,Tournament,0.016544117647058876,-2.94852941176471,-1.856617647058826,-1.091911764705884,0.033106494816713905,-0.0151414343990591,-0.06526445829702271,-0.03709100297319329,-21.503408040598742,-10.0,-15.0,-9.958064516129031,-1.0
2013,1272,1277,0,Tournament,0.13235294117647056,8.352941176470594,5.772058823529406,2.580882352941188,0.03061572168622878,0.016949669904162995,-0.005535098250644521,-0.009508104132826795,53.97897910031338,29.0,19.0,9.61290322580645,3.0
2013,1332,1387,1,Tournament,-0.05347593582887711,3.0383244206773554,5.496434937611404,-2.458110516934049,-0.020342347724630228,0.03003818853981291,0.05646388229789451,-0.018975391370949335,-73.83704059585921,27.0,32.0,20.758064516129032,8.0
2013,1143,1393,0,Tournament,-0.09769585253456226,-3.7944700460829495,4.301382488479263,-8.095852534562212,0.009656979954601908,-0.0005235591297080844,-0.06662801929061951,-0.0026383816672624905,-37.47129297742299,45.0,43.0,39.251390433815345,8.0
2013,1211,1455,0,Tournament,0.17279411764705888,7.371323529411768,-1.2058823529411669,8.577205882352942,0.04596193572685048,-0.018048949317167107,-0.0015478545469858052,0.0768169330204331,130.80158395444732,-29.0,-36.0,-31.059322033898304,-8.0
2013,1166,1181,0,Tournament,-0.049632352941176516,-2.898897058823536,-2.318014705882355,-0.5808823529411793,0.04719478193416926,0.036224704285802906,0.018080716687937703,-0.024503771739399688,-23.284647709826686,9.0,14.0,15.451612903225808,5.0
2013,1195,1361,1,Tournament,0.02083333333333337,4.077083333333334,6.145833333333343,-2.0687500000000014,0.04345725982401755,0.039577074473204105,0.01264195310775501,-0.023547280366867596,-16.753037966894908,100.0,94.0,79.90064289888954,8.0
2013,1196,1278,1,Tournament,0.16287878787878785,3.1988636363636402,-7.9905303030303045,11.189393939393945,0.05136039179228552,-0.025686052218745592,-0.11399148722962532,-0.09582969270061331,88.99450943447391,-22.0,-27.0,-27.446418808091853,-8.0
2013,1231,1396,1,Tournament,0.09943181818181823,7.25,-5.639204545454547,12.889204545454547,0.044628419043472645,0.034957312849913796,0.0792307724435336,0.08325622684434181,39.07628535559911,-65.0,-53.0,-44.90787315472936,-8.0
2013,1242,1314,1,Tournament,0.15597147950089119,-0.7994652406417231,-7.650623885918002,6.851158645276286,0.023824043184016264,0.030296557906228205,0.002333869226610774,0.09523471843149761,36.55030672014459,-20.0,-15.0,-22.1079825041006,-7.0
2013,1247,1279,1,Tournament,-0.06470588235294117,-5.449019607843127,-1.2980392156862735,-4.150980392156853,0.020643233479035905,0.01095020271288441,-0.0490638731053652,-0.026639568317359696,-47.665435147176595,23.0,29.0,18.93275862068966,1.0
2013,1228,1274,0,Tournament,-0.18181818181818188,-1.2727272727272663,4.757575757575765,-6.030303030303024,-0.021621430442383405,0.002575783011621202,0.03247980049327792,0.003149025693870905,-96.44993588670877,28.0,30.0,34.10606889010388,5.0
2013,1235,1326,0,Tournament,-0.12121212121212122,10.333333333333343,13.27272727272728,-2.9393939393939377,0.04565979514615187,0.015889651153896706,0.021601870586320626,0.014828410837442713,-101.06554356448464,32.0,28.0,32.92427556041553,8.0
2013,1266,1274,1,Tournament,-0.07624633431085048,-0.9090909090909065,2.075268817204311,-2.98435972629521,0.0015833023515731681,0.045135353942118484,0.07701872258618159,0.04800414445639442,-39.96069540023973,11.0,8.0,12.11290322580645,1.0
2013,1112,1326,0,Tournament,-0.006628787878787845,3.9782196969697026,5.748106060606062,-1.7698863636363598,0.024048515696550143,0.022686275697770625,0.029970262444322104,0.036735417346433125,-90.88993435269117,14.0,18.0,12.306451612903226,4.0
2013,1231,1393,0,Tournament,0.07532467532467535,8.657142857142858,2.3688311688311643,6.288311688311694,0.055627119025585425,0.0006228950952213153,-0.006359233452848279,0.09670583324005891,23.05977270284575,-10.0,-11.0,-10.79032258064516,-3.0
2013,1247,1455,0,Tournament,-0.06470588235294117,2.992156862745105,5.260784313725502,-2.2686274509803894,0.003808966732777419,-0.02100163554814069,-0.06965971559290618,-0.015668571069149706,-0.44203737925363384,24.0,15.0,18.923436586791354,4.0
2013,1181,1277,1,Tournament,0.09375,10.78125,6.03125,4.75,0.01214782098030781,-0.04914099199871491,-0.09895736504692682,0.024157501755209393,15.674014072543969,-4.0,-1.0,-6.451612903225806,-1.0
2013,1195,1196,0,Tournament,-0.10037878787878785,0.7073863636363598,13.615530303030305,-12.908143939393945,-0.019592642191997967,0.032940355223769396,0.012856365011676307,0.036695337009394924,-53.75069056552502,125.0,123.0,106.02502780867631,12.0
2013,1257,1332,1,Tournament,0.08823529411764708,1.82352941176471,-5.647058823529406,7.470588235294123,0.009465372947488004,-0.030788478828835203,0.01222005147502947,0.009130821239086817,93.63167869147878,-41.0,-46.0,-34.87096774193548,-11.0
2013,1242,1276,0,Tournament,0.0716911764705882,1.007352941176464,-1.466911764705877,2.474264705882348,-0.015266168766665533,0.044727489144133714,0.03472596317239168,0.09454209285991641,63.86842514554996,-3.0,-7.0,-7.951612903225807,-3.0
2013,1266,1393,0,Tournament,-0.0009216589861751334,-2.3428571428571416,2.656221198156679,-4.999078341013821,0.023164766348808874,0.026608199942161903,-0.018752744707845104,0.03928152914250463,1.781285653775285,12.0,9.0,6.887096774193548,-1.0
2013,1326,1455,0,Tournament,0.02317290552584672,-0.13814616755793452,-2.766488413547229,2.6283422459893018,-0.010777692293206187,-0.024575926905421208,-0.0472229394903777,-0.013658619831056817,114.22977729947684,-28.0,-37.0,-27.381902679059593,-7.0
2013,1181,1257,0,Tournament,-0.009191176470588203,4.722426470588232,7.435661764705877,-2.713235294117652,0.03530515248417132,-0.02855063913219852,-0.0964075241399735,-0.005790180856130811,-58.91852318318092,4.0,6.0,2.854838709677419,1.0
2013,1196,1276,0,Tournament,0.006628787878787845,-2.7386363636363598,-9.240530303030305,6.501893939393945,0.012556578398096319,0.025137602081064997,0.008131260325059897,0.0007561108265598804,8.226751523705161,-10.0,-8.0,-4.629032258064516,-1.0
2013,1257,1455,1,Tournament,0.08823529411764708,4.117647058823536,-2.7352941176470438,6.852941176470594,-0.021620122805471875,-0.011829843100858689,0.001985012179188894,0.035909014997539485,129.59269152751244,-31.0,-41.0,-32.65609622744669,-8.0
2013,1276,1393,1,Tournament,0.03839285714285712,3.0321428571428584,2.851785714285711,0.18035714285714732,0.05023524315063538,-0.03180278112368509,-0.08127187676236519,-0.049799109286989385,-17.87607844864533,-2.0,-2.0,-1.903225806451612,0.0
2013,1257,1276,1,Tournament,0.0716911764705882,-0.816176470588232,-4.966911764705877,4.150735294117652,-0.04498582533575879,0.02707914374247511,0.055184639760390286,0.08757507470704198,97.9528526951126,-9.0,-10.0,-10.838709677419356,-3.0
2014,1107,1291,1,Tournament,0.0625,-10.21875,-14.125,3.90625,-0.035823853376798775,0.02196130538127611,0.03943352323001381,0.036858108517296595,-15.093020769892064,-11.0,-30.0,-21.17460317460319,0.0
2014,1301,1462,1,Tournament,-0.018716577540106916,-1.4180035650623921,1.5311942959001783,-2.9491978609625704,-0.027947022042787373,-0.023413352095292495,0.007920935305058385,-0.039261696522959105,16.958093101995246,-2.0,19.0,13.318700396825399,0.0
2014,1142,1411,1,Tournament,-0.19583333333333341,-13.0625,-8.235416666666666,-4.827083333333334,-0.04431570546055008,-0.044507830135366605,-0.021963259185184103,-0.11906193558722689,-48.81270731831319,-84.0,-79.0,-39.93650793650792,0.0
2014,1234,1397,0,Tournament,0.0,11.5,8.71875,2.78125,0.026981381503322188,-0.011064205106219693,-0.014704169684502777,0.03696553425196314,-78.3371022842316,16.0,-8.0,0.765625,0.0
2014,1163,1386,1,Tournament,0.03743315508021383,0.5802139037433278,-3.8217468805704087,4.4019607843137365,-0.04028132659943223,-0.004814673536979508,0.005584503183216294,0.025280792610633596,0.8150957291159102,-23.0,-32.0,-22.15065298507463,-3.0
2014,1173,1326,1,Tournament,-0.03832442067736186,3.599821746880565,7.871657754010698,-4.271836007130133,0.025478537207875074,0.007252686289807797,0.0488047831075355,-0.02130602328496839,-2.6047736305654325,31.0,44.0,29.83675373134328,5.0
2014,1107,1196,0,Tournament,-0.37867647058823517,-4.704044117647058,5.902573529411768,-10.606617647058826,-0.026283971032091735,0.0007664459034747995,0.0006277431887387053,0.06172433221133,-229.7494680420789,174.0,182.0,189.81544657664057,15.0
2014,1153,1217,0,Tournament,-0.04388714733542309,-4.721003134796234,-2.9770114942528707,-1.7439916405433635,-0.03805058830078262,0.012881295145853094,0.0712900871083999,-0.012245854984212046,10.62864841794135,-9.0,-7.0,-20.08675373134328,-7.0
2014,1257,1264,1,Tournament,0.0716911764705882,4.742647058823536,-9.029411764705877,13.77205882352942,0.016024903454471773,-0.017830103976652495,-0.0005329275457903737,-0.10491333177258377,74.2520575360677,-64.0,-72.0,-66.23477848850983,-9.0
2014,1276,1459,1,Tournament,0.17136886102403348,8.98014629049112,2.225705329153598,6.754440961337522,0.03945609288230573,-0.005380971911512905,-0.02347079577558331,0.04475045057141719,135.6120462383194,-166.0,-182.0,-166.72352523098792,-13.0
2014,1174,1277,0,Tournament,-0.02941176470588225,3.588235294117652,9.823529411764696,-6.235294117647044,-0.028694052720412033,-0.032257556475405014,-0.034773594006933695,0.0705016369143423,-41.68187044915453,93.0,98.0,80.22127457948353,9.0
2014,1295,1328,1,Tournament,0.0669642857142857,-7.40625,-8.410714285714292,1.0044642857142918,0.030356530565967432,0.006289451239580107,0.0015345649343513346,0.018418304434827726,16.51742734506638,24.0,39.0,31.194805194805195,7.0
2014,1140,1332,0,Tournament,-0.05208333333333337,2.368371212121218,3.5454545454545467,-1.1770833333333286,-0.02609893370788252,-0.014649980006103208,0.023668329169052704,0.007041896843288209,-10.095174815068503,15.0,12.0,17.565323565323567,3.0
2014,1160,1338,0,Tournament,-0.05882352941176472,-1.6176470588235219,5.588235294117645,-7.205882352941165,-0.01611871056154829,0.029553447462737498,-0.02554331670586829,-0.0032821545843835787,-15.210091946084049,47.0,35.0,21.859375,-1.0
2014,1308,1361,0,Tournament,-0.135673624288425,8.292220113851982,9.661290322580648,-1.3690702087286652,0.07537205569581384,0.035501888904937606,0.009529308929690283,0.08819809126986577,-86.70114766274287,51.0,57.0,60.25302061122957,9.0
2014,1301,1387,0,Tournament,-0.18880455407969632,0.7296015180265698,7.664136622390899,-6.934535104364322,0.004651113624648984,-0.030687178324804998,0.05200904027430059,-0.03455104226373709,-15.736473718458456,20.0,31.0,30.03861644160152,7.0
2014,1393,1444,1,Tournament,0.13407258064516125,-4.005040322580641,-8.596774193548384,4.591733870967744,-0.05783538115968723,-0.08261833117549248,0.055080620464295404,-0.0928198085128859,3.06221479277815,-99.0,-104.0,-79.1856343283582,-11.0
2014,1113,1400,0,Tournament,-0.04071969696969702,0.9100378787878753,-1.1553030303030312,2.0653409090909065,0.04300632984011321,0.001580840283663204,-0.15067978596305748,0.01262742462726002,-24.60031735624807,10.0,-2.0,6.636656746031747,3.0
2014,1437,1454,1,Tournament,0.2689393939393939,8.137310606060609,-4.3153409090909065,12.452651515151516,0.02966557682962445,-0.03028675286887139,0.02134857139063112,-0.01380982763383981,125.23252435403424,-161.0,-161.0,-140.4581852641554,-13.0
2014,1110,1458,0,Tournament,-0.16287878787878785,-9.607954545454547,-5.950757575757578,-3.657196969696969,0.04892950039230326,0.09309227538091819,-0.009514567406850805,-0.08436630682587307,-78.99668015421071,84.0,108.0,121.98175787728027,13.0
2014,1112,1451,1,Tournament,0.27521008403361347,1.1659663865546293,-9.995798319327726,11.161764705882357,-0.0613821748796583,-0.031502725838221196,0.06275344125858567,-0.12418443280623287,148.4312456004734,-170.0,-170.0,-159.8519308220801,-15.0
2014,1124,1304,1,Tournament,0.053763440860215006,6.787878787878782,3.5229716520039034,3.2649071358748785,0.026890587477338412,0.001633298106803488,0.13890199880635723,-0.014668249767053831,28.155080510734933,-15.0,-25.0,-22.63173076923077,-5.0
2014,1166,1418,1,Tournament,0.14271749755620722,-0.2932551319648127,-8.801564027370475,8.508308895405662,0.05226161074749025,-0.023620287859745598,-0.09079333093750791,-0.0666218400934514,49.684832397745595,-106.0,-108.0,-103.30447330447329,-11.0
2014,1211,1329,1,Tournament,0.18181818181818188,-4.515151515151516,-4.545454545454547,0.030303030303029388,0.01708664397995696,0.023301720775154605,0.021429793109078887,-0.08689082098085849,63.44735271161062,-3.0,5.0,-5.584375000000001,-1.0
2014,1235,1300,1,Tournament,-0.050830889540567026,10.652981427174979,14.651026392961874,-3.998044965786896,0.03699296588391082,-0.018406559900482095,-0.03923428479826463,-0.11067107213859717,69.62066241899151,-51.0,-70.0,-72.13152985074626,-11.0
2014,1184,1242,0,Tournament,-0.017595307917888547,-2.2189638318670575,1.4809384164222905,-3.699902248289348,0.02599380015383379,-0.01909816766778419,-0.1445039807676549,-0.020140395026696956,-47.10095232688559,116.0,137.0,116.08694622127457,13.0
2014,1243,1246,0,Tournament,-0.08088235294117652,-6.193014705882348,-0.9283088235294059,-5.264705882352942,0.0006715641968148001,0.0019567487472991196,-0.07228604603235278,-0.09825948466597206,-48.88050799702114,26.0,22.0,24.645432692307693,1.0
2014,1203,1272,0,Tournament,0.040322580645161255,-3.4324596774193594,-3.2862903225806406,-0.14616935483871885,-0.015592699668090293,0.0024642292007565902,-0.013138136978962989,0.03611948514912211,16.167785521550968,1.0,5.0,3.9927705223880565,1.0
2014,1181,1273,0,Tournament,0.022770398481973375,1.4535104364326372,-0.36337760910815575,1.816888045540793,0.004824514940318547,-0.03502158091584759,0.012230313775996926,-0.016240683711248538,78.01328762398998,-89.0,-82.0,-82.79436152570482,-11.0
2014,1314,1344,1,Tournament,0.04227941176470584,3.106617647058826,-0.466911764705884,3.57352941176471,0.018825458439198306,-0.005017697139539895,0.01836801610129002,-0.06314372580618777,4.285209389599913,-23.0,-18.0,-18.21805037313433,-5.0
2014,1372,1433,1,Tournament,0.17077798861480087,0.8681214421252434,-1.820683111954466,2.6888045540797094,0.0345790985828372,0.010378376758880509,0.025036044139926994,-0.01666353612376789,25.161801651300266,43.0,59.0,37.447994402985074,7.0
2014,1307,1390,0,Tournament,0.18181818181818188,1.1212121212121247,-2.2727272727272805,3.393939393939405,-0.01917201253586115,-0.006290033848877302,0.0210538902192432,0.03496737345740941,74.85970188794613,-8.0,-2.0,-17.831082681828946,-3.0
2014,1269,1397,0,Tournament,0.125,5.59375,9.375,-3.78125,0.00976425149915322,0.0187938799366269,-0.0588495923211384,-0.02567979337941867,-19.980665879669004,39.0,22.0,5.859375,-5.0
2014,1409,1417,0,Tournament,-0.12834224598930477,-8.732620320855617,-3.4010695187165823,-5.331550802139034,-0.02504813447426857,0.007653197713990784,0.00550864624105496,0.037035625611488876,-22.33127851043423,47.0,56.0,62.24650186567164,9.0
2014,1157,1438,0,Tournament,-0.22352941176470587,4.5921568627450995,13.739215686274505,-9.147058823529406,0.017262969603530076,0.025986334056371685,-0.0038643840298189236,-0.0342010762960524,-165.26061088410484,218.0,219.0,193.81284055910922,15.0
2014,1142,1455,0,Tournament,-0.6333333333333334,-12.939393939393938,4.854545454545452,-17.793939393939397,-0.0510464508877182,-0.014701876050375706,-0.046135349385691304,-0.10960646688882869,-241.19209332477453,161.0,163.0,194.10826818289507,15.0
2014,1163,1437,1,Tournament,-0.11029411764705888,-6.678308823529406,-3.476102941176471,-3.202205882352935,-0.039456654991690654,0.00883197737572719,0.0038131144486633906,-0.0222545696054956,-24.86034061726218,19.0,20.0,17.16417910447761,5.0
2014,1173,1393,1,Tournament,-0.14678030303030298,5.237689393939391,8.13636363636364,-2.8986742424242493,0.07094342554590627,0.05305481963673318,-0.02736969377461329,0.008864547754739216,-18.831289624719375,37.0,39.0,36.060634328358205,8.0
2014,1196,1338,1,Tournament,0.2058823529411763,-1.735294117647058,-4.411764705882355,2.676470588235299,0.025868037141828948,0.030290253051277888,-0.03990952733646741,-0.07091235061583001,134.68548351611912,-13.0,-17.0,-22.01609141791045,-8.0
2014,1257,1387,1,Tournament,0.046489563567362446,12.05313092979128,-0.835863377609094,12.888994307400388,0.022789853401935678,-0.02919446442420559,0.05813036143987821,-0.03419554140115588,82.75719873476464,-32.0,-34.0,-24.91044776119403,-1.0
2014,1276,1400,1,Tournament,0.06060606060606055,0.27272727272726627,-4.666666666666671,4.939393939393938,0.0599281085730885,-0.0100083541070638,-0.10954701266797967,-0.007545850580027602,71.6085499245778,-22.0,-29.0,-24.2138526119403,-5.0
2014,1217,1277,0,Tournament,0.0973630831643002,-2.492900608519264,-4.013184584178504,1.5202839756592397,-0.0497503236164788,-0.013208366894076312,-0.01462062124436081,0.07590108300017251,-13.594393802988861,23.0,27.0,28.95242537313433,8.0
2014,1295,1361,0,Tournament,-0.08525345622119818,6.3951612903225765,9.625576036866356,-3.2304147465437794,0.09780095404179301,0.016600631016047113,-0.05026316902255279,0.04689074162520329,-27.068991023842727,32.0,43.0,38.63397299218195,8.0
2014,1332,1458,0,Tournament,-0.06912878787878785,8.298295454545453,9.424242424242422,-1.1259469696969688,0.011014456263530592,0.0325582689564515,0.04828169899156037,-0.003973362933145375,-6.731277450750213,17.0,21.0,17.84500574052813,5.0
2014,1112,1211,1,Tournament,0.06417112299465233,-2.759358288770045,-6.398395721925134,3.6390374331550905,-0.057961325396027885,-0.017638859495881898,0.04738934462167471,-0.025330813459588097,33.46096448298249,-18.0,-20.0,-19.982089552238804,-7.0
2014,1124,1166,1,Tournament,-0.12121212121212122,-5.757575757575765,0.9696969696969688,-6.727272727272734,-0.050802267140960145,0.013399658484920585,0.12460210591651455,0.04957679926774128,8.627771169727112,22.0,18.0,18.370163170163167,3.0
2014,1235,1314,1,Tournament,0.06912878787878785,6.566287878787875,4.8465909090909065,1.7196969696969688,0.026207492498519003,-0.008571843632391912,-0.07136272503367713,-0.014139182519303295,44.10489533739428,-2.0,-14.0,-12.17910447761194,-3.0
2014,1246,1455,1,Tournament,-0.2941176470588235,0.9723707664884103,6.7682709447415235,-5.79590017825312,-0.036216710353575654,0.01779568360713779,0.05678982477373257,0.01962588063175058,-94.1153940366944,12.0,6.0,16.352468427095292,7.0
2014,1242,1390,0,Tournament,0.09090909090909094,6.0909090909090935,1.818181818181813,4.2727272727272805,0.011985741414158535,0.0184833814873801,0.08412935838594737,0.02470670793882207,34.2200353656292,-28.0,-27.0,-32.80123193556029,-8.0
2014,1273,1397,0,Tournament,0.11693548387096775,6.693548387096769,6.076612903225808,0.6169354838709609,0.03633440940111565,0.006990632188114493,-0.07247569884288119,-0.014764594886616966,-22.857396279471004,84.0,64.0,59.00868055555556,3.0
2014,1372,1417,0,Tournament,0.17077798861480087,-5.984819734345351,-7.732447817836814,1.7476280834914633,-0.020012587586566377,0.01621062906097459,0.06174201392779588,-0.0668543282774709,10.659297089002848,37.0,67.0,44.74650186567164,8.0
2014,1272,1438,0,Tournament,-0.1138519924098671,10.897533206831127,14.867172675521815,-3.969639468690687,0.038806881205755706,0.01042679877502009,0.011139745380057187,-0.0586384639697376,-98.56772877738717,36.0,36.0,29.626865671641795,7.0
2014,1112,1361,1,Tournament,0.011385199240986688,4.703984819734345,0.3083491461100607,4.395635673624286,0.039955473152058996,0.011746659176574609,-0.024179624574718117,-0.0185508737183101,11.567118009468686,-20.0,-21.0,-14.567164179104477,-3.0
2014,1173,1390,1,Tournament,0.06060606060606066,-0.12121212121212466,-1.0,0.8787878787878753,0.0067618978413575,0.011083414589472096,0.04957660077044268,-0.04537548061647151,11.313257706312697,15.0,25.0,10.766865079365083,1.0
2014,1196,1417,1,Tournament,0.17647058823529405,-11.088235294117652,-12.82352941176471,1.735294117647058,-0.001311717133430923,0.03357973118299029,0.030397266729174865,-0.026198152166501232,87.72395001803557,-15.0,-12.0,-13.58208955223881,-3.0
2014,1124,1458,0,Tournament,-0.12121212121212122,0.2424242424242351,3.818181818181813,-3.575757575757578,-0.00447414495690357,0.03784744895098319,0.1240912908576211,-0.0405623749282123,4.473954296915281,18.0,20.0,19.968082663605053,4.0
2014,1163,1235,1,Tournament,-0.02317290552584672,-11.025846702317281,-10.791443850267378,-0.23440285204990374,-0.03525944169845324,0.02075676287310449,0.007676641283648422,0.04934379469794187,-28.227701919598758,3.0,11.0,10.07462686567164,4.0
2014,1246,1257,1,Tournament,-0.1470588235294117,-6.205882352941188,5.676470588235283,-11.882352941176478,-0.01823616054823085,0.015260258105635582,0.05584978706100796,0.12089290204867237,-71.90084939119515,15.0,16.0,15.859931113662455,4.0
2014,1276,1397,1,Tournament,0.13257575757575757,3.893939393939391,3.9886363636363598,-0.09469696969696884,0.041726001804748725,-0.008858744050691508,-0.10969593468282346,-0.016727216168300696,61.752537122291415,4.0,-15.0,-21.6513526119403,-9.0
2014,1277,1438,1,Tournament,-0.05882352941176472,10.0,10.029411764705884,-0.029411764705884025,0.0572777028504996,0.0064443371151362006,-0.015520172352496309,-0.0958966279295172,-61.20424857550415,6.0,3.0,4.432835820895522,3.0
2014,1173,1196,0,Tournament,-0.24420677361853815,2.658645276292333,9.695187165775408,-7.036541889483075,0.006003684840447443,-0.00977309080623781,0.011580723948807214,0.014098902014780923,-136.4407487852518,48.0,55.0,48.344216417910445,10.0
2014,1112,1458,0,Tournament,0.09447415329768272,-0.4866310160427787,-6.428698752228165,5.942067736185388,-0.0335504628069318,0.025101299763017698,0.06775104365133067,-0.07502159440198947,38.037485799878596,-12.0,-8.0,-7.044776119402984,-1.0
2014,1163,1277,1,Tournament,0.0,-4.088235294117638,-2.205882352941181,-1.8823529411764568,-0.045551022380350636,-0.0005050352586091211,-0.018851049101623496,0.07552693258508647,8.141189558916494,16.0,16.0,10.8955223880597,3.0
2014,1246,1276,1,Tournament,-0.05169340463458105,1.517825311942957,1.2834224598930462,0.23440285204991085,-0.03610535290409378,0.017454386347590806,0.13072953271424637,0.09774021952804729,-44.874759526160915,2.0,8.0,10.412169919632607,6.0
2014,1163,1196,1,Tournament,-0.17647058823529405,1.117647058823536,5.176470588235297,-4.058823529411761,-0.032975383288118054,-0.014304313229567711,-0.01726607274060088,0.0375937554602464,-98.35301413081106,23.0,21.0,20.53731343283582,6.0
2014,1246,1458,1,Tournament,-0.08199643493761133,2.366310160427801,2.071301247771828,0.2950089126559732,-0.02414927493698038,0.04209257409636899,0.13763238766904556,0.0464654013839656,-13.639561156830268,4.0,9.0,12.845005740528128,6.0
2014,1163,1246,1,Tournament,0.05882352941176461,-4.058823529411754,-3.529411764705877,-0.5294117647058769,-0.009564205563038553,0.0007037181696309958,-0.10615931373426618,-0.075395084461236,24.133634852583555,9.0,6.0,0.5729047072330644,-1.0
2015,1214,1264,1,Tournament,-0.1089015151515152,-2.723484848484844,0.5,-3.223484848484844,-0.03308988306148469,-0.01152863469570961,0.021089578840312706,-0.046366408696224104,-84.51261740661539,104.0,107.0,102.86440677966104,0.0
2015,1140,1279,0,Tournament,0.09375,9.21875,5.4375,3.78125,0.04150879716752759,-0.005532329893978394,-0.022621227530101262,0.019096808026715484,58.628433426178844,-13.0,-15.0,-15.799999999999997,0.0
2015,1129,1173,0,Tournament,-0.01564027370478982,1.6588465298142694,0.026392961876837262,1.6324535679374321,0.009327736588934932,-0.019660745245020983,0.029957286682278123,-0.09840018357204419,12.575263097141942,-1.0,-3.0,3.449462365591394,0.0
2015,1316,1352,0,Tournament,0.06940371456500483,4.935483870967744,0.7888563049853303,4.146627565982413,0.028040802817006383,-0.01585658132249848,-0.02707436604860508,0.01903020190490512,17.158577758494403,-46.0,-40.0,-31.016949152542367,0.0
2015,1112,1411,1,Tournament,0.264705882352941,8.264705882352942,-8.823529411764703,17.088235294117645,0.020502415965881426,-0.035032094364463,-0.03184383795130297,0.009139932699229636,149.58681297279122,-205.0,-200.0,-172.27037933817596,-13.0
2015,1116,1459,1,Tournament,-0.047794117647058876,12.154411764705884,10.084558823529406,2.069852941176478,0.0052488925731078995,-0.013696053712788314,0.06642687657304741,-0.0006235046741375205,29.08740839541929,-61.0,-67.0,-56.85203120796341,-7.0
2015,1139,1400,1,Tournament,0.08143939393939392,1.6231060606060623,0.7935606060606091,0.8295454545454533,-0.017405808824562996,-0.020212720666239414,-0.0245343463239987,-0.008584276386436773,19.593228965572962,3.0,-1.0,-5.256989247311825,-5.0
2015,1153,1345,1,Tournament,0.051136363636363646,-7.625,-9.233901515151516,1.6089015151515156,-0.017105870116113975,0.012023039811311503,0.006678038181813284,-0.03482931081420737,-16.19065583950919,-15.0,17.0,2.4166666666666643,-1.0
2015,1186,1207,0,Tournament,0.06451612903225812,8.64516129032259,9.612903225806463,-0.9677419354838719,0.037844128772582364,-0.031297100520344984,-0.047234052167130114,-0.05635015971037588,-31.81501649294296,114.0,101.0,87.58837772397094,9.0
2015,1124,1209,0,Tournament,0.0,-1.5,-2.125,0.625,-0.03795172823806603,0.015239960650856199,0.11099336623232081,-0.0012848844681457305,21.866724150306936,-56.0,-64.0,-62.61985472154964,-11.0
2015,1214,1246,0,Tournament,-0.5151515151515151,-7.760249554367192,14.029411764705877,-21.789661319073076,-0.058832865953638624,0.037473598329126306,-0.07789315775004751,-0.03811419307310232,-265.2797688242947,249.0,265.0,252.39736346516008,15.0
2015,1261,1301,0,Tournament,0.08143939393939392,3.293560606060609,2.294507575757578,0.9990530303030312,-0.003520923528914477,0.03558405030609829,0.007583363899934303,-0.010687198790615221,-12.86455708234007,5.0,11.0,6.583333333333336,1.0
2015,1217,1314,0,Tournament,0.05502645502645498,-14.80317460317459,-10.251851851851853,-4.551322751322735,-0.06311994455494047,0.016354791985040612,-0.086751057614322,0.0321123105208225,-41.58164307823108,62.0,76.0,64.67386550027337,9.0
2015,1318,1323,0,Tournament,-0.17647058823529405,-10.235294117647058,-0.6470588235294059,-9.588235294117652,-0.017863380819274854,0.054708410159824805,0.004473366300842996,0.03238830401015497,-139.0597787892043,110.0,115.0,101.82539682539682,11.0
2015,1326,1433,1,Tournament,-0.045887445887445866,3.3324675324675326,-3.1203463203463286,6.452813852813861,0.05174781674859036,0.011511119500852596,0.03444751797472512,-0.008437327075607792,-41.461753151942276,-9.0,-14.0,-4.837704918032788,3.0
2015,1235,1412,0,Tournament,0.21212121212121215,10.272727272727266,2.0,8.272727272727264,0.04516882307992698,-0.03721608316952987,-0.045410765939403075,-0.024611558423163482,119.37067269512636,-108.0,-133.0,-123.93677697067527,-11.0
2015,1374,1417,0,Tournament,0.20643939393939392,-2.59375,-8.311553030303031,5.717803030303031,0.024196230216963877,0.0254892834226024,0.043747715862269,0.04765167814513177,85.86763952666092,-22.0,-18.0,-25.16904761904762,-5.0
2015,1372,1428,0,Tournament,0.12473118279569895,7.289247311827964,8.306451612903224,-1.0172043010752603,-0.012170169693134225,0.0034215281493573113,0.05343338754485699,-0.026270815296141392,56.512545401560374,27.0,29.0,25.07460317460317,7.0
2015,1248,1437,0,Tournament,-0.32827324478178355,-2.6195445920303655,11.69829222011385,-14.317836812144217,0.07921134445016254,-0.017014174287718203,-0.04897112093777123,-0.1443962485975578,-185.05977790548013,190.0,170.0,157.0430454667743,15.0
2015,1279,1462,0,Tournament,0.007352941176470562,-0.933823529411768,-0.1470588235294059,-0.7867647058823621,-0.04938812910397844,-0.014092991237658115,0.04177243628046379,0.0139442256655547,-49.20352000595017,18.0,25.0,18.8,5.0
2015,1173,1344,1,Tournament,0.09090909090909094,-2.0,-4.575757575757578,2.575757575757578,0.03024667817820398,0.011539089927018104,-0.1035214932891654,0.029842497840994797,5.668083903964543,12.0,20.0,15.83333333333334,5.0
2015,1181,1352,1,Tournament,0.303030303030303,11.606060606060609,-2.151515151515156,13.757575757575765,0.029645536137682393,-0.037218919391291794,0.06357469316364572,-0.02094550379571697,152.26361675460385,-166.0,-178.0,-169.061070755986,-15.0
2015,1211,1295,1,Tournament,0.2393939393939395,14.278787878787888,-0.5424242424242394,14.821212121212127,0.04639964985553696,0.012804811504332825,0.07342872265759859,0.02124207537329209,111.03592272999913,-145.0,-147.0,-131.45117029862794,-13.0
2015,1172,1234,0,Tournament,0.11041666666666672,9.760416666666671,7.191666666666663,2.5687500000000085,0.06879583952341545,-0.018577596625630105,-0.060517412780283275,-0.08794741879775722,36.00499769837484,8.0,6.0,2.3908602150537632,3.0
2015,1242,1308,1,Tournament,0.0872865275142315,3.238140417457302,4.934535104364322,-1.6963946869070199,-0.035189214278436076,-0.023245188525170518,-0.0270845453953224,-0.023086485850354832,51.94407750220694,-77.0,-96.0,-96.8197471078827,-13.0
2015,1257,1414,1,Tournament,0.13709677419354838,2.4122983870967687,-3.920362903225808,6.3326612903225765,-0.045631799437925336,-0.012847493680429617,0.030065520496380727,0.02812686396855929,44.15557741083717,-76.0,-82.0,-84.72612321764865,-9.0
2015,1268,1434,1,Tournament,-0.015151515151515138,1.0848484848484787,3.509090909090915,-2.424242424242429,0.026184852540006798,-0.004158786176021001,-0.06358551132116941,0.0802891342761746,28.755432382220533,-30.0,-40.0,-41.79580306698951,-9.0
2015,1208,1277,0,Tournament,-0.020220588235294157,-3.538602941176464,0.7757352941176379,-4.314338235294109,-0.04508819752226856,0.015969019261745293,-0.01830592209832188,0.1373614863198431,-39.17360165663308,19.0,21.0,18.17539682539683,3.0
2015,1320,1461,1,Tournament,0.19034090909090917,3.9261363636363598,-2.6344696969696884,6.560606060606055,0.0619976326074389,-0.003743307822602515,0.011834236435520284,-0.015376022377095011,92.4276707179854,-90.0,-76.0,-64.99285714285713,-7.0
2015,1107,1328,0,Tournament,0.0625,-6.4375,-2.53125,-3.90625,0.006154590665834292,0.010081303931881003,0.017643369219687233,0.03510317146892661,-12.814446101210478,123.0,117.0,103.74656981436642,11.0
2015,1329,1332,0,Tournament,-0.16060606060606064,-8.466666666666669,-8.06969696969697,-0.3969696969696983,-0.0018497993537773816,0.01877486535653669,-0.02242652377527593,0.0746762786331853,-115.6636293526251,-9.0,-10.0,6.0071038251366105,1.0
2015,1361,1385,1,Tournament,0.11241446725317694,-8.999022482893459,-13.951124144672526,4.952101661779075,-0.035691860857860414,0.017108968416665593,0.08181337012826301,-0.0384834012893471,28.241532812487776,-15.0,-3.0,-6.539784946236551,-1.0
2015,1125,1438,0,Tournament,-0.22883064516129037,8.430443548387103,19.41129032258064,-10.980846774193537,0.04630735701259625,0.03651988094014319,-0.02939617183523463,-0.0010720154035471774,-101.0514796637749,145.0,147.0,124.26822706483723,13.0
2015,1138,1452,0,Tournament,0.0,1.0625,1.4375,-0.375,0.02445913199845129,-0.016748661640845597,-0.053039969866227,0.03686444720565968,22.853122370655456,29.0,40.0,31.678235135862252,7.0
2015,1231,1455,0,Tournament,-0.2649071358748778,8.904203323558164,15.650048875855326,-6.745845552297162,0.05761692629254367,0.017095713048952105,0.013804940529600684,0.026161220606678998,-110.05894315711248,39.0,22.0,29.60079365079365,3.0
2015,1157,1458,0,Tournament,-0.22210953346855966,-1.3995943204868126,8.537525354969581,-9.937119675456396,-0.017440419852013833,0.04630248357391982,0.03098347732465101,0.033030065831012034,-174.49823286242213,145.0,143.0,133.9052999730966,15.0
2015,1112,1326,1,Tournament,0.2147950089126558,0.6229946524064189,-3.776292335115862,4.399286987522281,-0.012988522347734732,-0.004096131750879806,-0.029333303117853593,0.08120116942640071,126.22404273053371,-19.0,-13.0,-19.66190476190476,-8.0
2015,1153,1246,0,Tournament,-0.3125,-12.536764705882348,1.310661764705877,-13.847426470588232,-0.03162233149395011,0.04610171855242021,-0.04209897127759843,-0.09152076486012062,-174.68998993968262,33.0,49.0,45.25555555555555,7.0
2015,1301,1437,1,Tournament,-0.3351158645276291,-5.870766488413551,4.541889483065951,-10.412655971479504,0.015809327698601605,-0.03201615210429651,0.0123558398030027,-0.1301882804898895,-134.6937779074383,33.0,26.0,32.4984126984127,7.0
2015,1116,1314,0,Tournament,0.0789915966386554,0.11512605042017299,1.7470588235294002,-1.6319327731092255,-0.005627525308407155,-0.0006839764523507985,-0.04880836299427738,0.03235689447843329,8.919816172953006,13.0,16.0,10.398105478750642,1.0
2015,1139,1323,0,Tournament,-0.1654411764705882,-9.26102941176471,-4.459558823529406,-4.801470588235304,-0.07171421941748024,0.014645408118742487,0.06510476071039656,-0.004684939014698797,-106.59623150366838,13.0,12.0,14.535074244751666,3.0
2015,1412,1417,0,Tournament,-0.06060606060606066,-3.9090909090909065,-0.7575757575757649,-3.1515151515151416,0.000940588083233107,0.0255793402059126,0.008611409024087968,0.03161293169364238,-42.0177997161652,80.0,97.0,87.03757062146892,3.0
2015,1207,1428,0,Tournament,-0.06451612903225812,-0.9677419354838719,7.451612903225801,-8.419354838709673,-0.03613812690230189,0.003566437824403995,0.022515509358534025,0.0238205058815239,3.7136092236971763,14.0,11.0,8.269841269841269,-1.0
2015,1209,1462,0,Tournament,0.10110294117647056,-2.933823529411768,-5.209558823529406,2.275735294117638,-0.010406116504900531,-0.009156916046244717,-0.011738468261788981,-0.025277024937152504,-5.2897995520058885,45.0,52.0,46.56271186440678,8.0
2015,1181,1361,1,Tournament,0.12121212121212122,19.12121212121213,12.333333333333336,6.787878787878789,0.0797822888081472,-0.013850719006202689,0.015269692456252704,0.0311556830516716,84.43601200688181,-20.0,-30.0,-30.042754736303124,-7.0
2015,1211,1234,1,Tournament,0.28314393939393945,8.805871212121218,-0.7840909090909065,9.589962121212125,0.06278386436540423,0.003430224711892499,-0.01755819600829439,-0.03576796270125854,103.7766042465214,-18.0,-17.0,-22.478571428571428,-5.0
2015,1257,1320,1,Tournament,-0.15909090909090917,3.8551136363636402,5.228219696969688,-1.3731060606060552,-0.10402280020479432,-0.025245824096841007,0.09539723241597411,-0.0018296888265804112,-59.888881392347,6.0,-7.0,-2.396825396825399,-1.0
2015,1277,1438,1,Tournament,-0.22977941176470584,6.538602941176464,12.661764705882362,-6.123161764705891,0.019177446595289305,0.004221255948116703,0.020419261405244082,-0.033239324924968394,-41.09659501272699,13.0,13.0,14.968253968253963,5.0
2015,1173,1328,0,Tournament,0.07007575757575757,-3.725378787878782,-1.8409090909090935,-1.8844696969696884,0.02765894489073184,0.008043032859538696,-0.060753334314047586,0.07035253476081049,-26.107078944184423,31.0,35.0,27.804761904761904,8.0
2015,1268,1452,0,Tournament,0.09943181818181823,-4.452651515151516,-3.601325757575758,-0.8513257575757578,0.04395733215930686,-1.816987255939817e-05,-0.1298945948455983,0.05831690286439739,48.659680104403606,8.0,8.0,-3.0158730158730123,-1.0
2015,1242,1455,0,Tournament,-0.10626185958254275,2.6252371916508537,8.902277039848194,-6.27703984819734,-0.014552853133641241,0.0388485618640865,0.01789578572300743,0.08992745794274157,-16.597943672076553,-3.0,-8.0,-7.174603174603174,-5.0
2015,1332,1458,0,Tournament,-0.18449197860962552,3.117647058823536,14.85204991087344,-11.734402852049906,-0.007836681467241369,0.044263303704408605,-0.024993731057482982,-0.023040674108394582,-73.61684560580557,43.0,42.0,33.82305490502212,7.0
2015,1112,1462,1,Tournament,0.2941176470588234,2.882352941176464,-9.029411764705877,11.91176470588234,-0.022197812048682097,-0.01866574176702171,-0.0028444845611376723,0.0272760412938301,110.21594727647675,-24.0,-22.0,-25.961904761904762,-4.0
2015,1246,1452,1,Tournament,0.28125,0.9742647058823479,-12.873161764705877,13.847426470588232,0.0689712822390327,-0.022763459753478016,0.007771723862874225,0.06930658537284673,154.43375960544586,-24.0,-18.0,-22.142857142857142,-4.0
2015,1323,1455,1,Tournament,-0.018026565464895672,10.24288425047439,9.87286527514231,0.37001897533207995,0.06226895320612991,0.004690710580098512,-0.05257173834532647,0.06257033743611021,42.76893115983103,-4.0,-10.0,-6.841269841269842,-4.0
2015,1314,1458,0,Tournament,-0.2260504201680671,6.031932773109247,12.282352941176477,-6.250420168067233,-0.008822794407848278,0.0474654258890959,0.08652970125622739,-0.01434168360707569,-89.0746794698814,13.0,7.0,8.316180235535075,3.0
2015,1181,1428,1,Tournament,0.13685239491691104,8.928641251221904,8.382209188660802,0.5464320625611023,-0.001713461495029489,-0.027197166682675994,0.059371765683203404,-0.038289834090400265,100.09812303399485,-1.0,-7.0,-10.507936507936506,-4.0
2015,1211,1417,1,Tournament,0.33333333333333337,6.212121212121218,-6.939393939393938,13.151515151515156,0.048465187188972136,-0.002668406493587877,0.006674663889945587,0.012479965737169474,99.4596266755052,-35.0,-40.0,-41.31190476190476,-9.0
2015,1257,1301,1,Tournament,0.14393939393939392,-1.175189393939391,-5.892992424242422,4.717803030303031,-0.037257937167869404,0.00684726810571859,-0.0060575104726232065,-0.008332905000312918,24.993684204257534,-20.0,-17.0,-19.673015873015874,-4.0
2015,1277,1328,1,Tournament,-0.011029411764705843,-0.0551470588235361,0.6617647058823621,-0.7169117647058911,0.04620674740082231,-0.008098828512502598,0.03849686173387501,-0.0485632613069408,13.040788028586803,8.0,3.0,5.412698412698406,4.0
2015,1246,1323,1,Tournament,0.1470588235294118,-3.911764705882362,-11.676470588235283,7.764705882352928,-0.025228851095347005,0.0037734447678756944,0.1226345590830959,0.06145348291554281,58.75441524244479,-9.0,-7.0,-9.063492063492063,-2.0
2015,1112,1458,0,Tournament,0.0,4.558823529411768,2.5,2.0588235294117663,-0.009456593396052981,0.03434131008441231,-0.006256688989338288,0.05949645928442482,-5.537587751048932,-1.0,2.0,0.6349206349206349,1.0
2015,1181,1211,1,Tournament,-0.06060606060606066,2.393939393939391,4.484848484848484,-2.0909090909090935,0.0010890802651234432,-0.00840128758370201,0.0366730456496655,-0.014932482274494174,10.519626172178732,1.0,-2.0,-2.253968253968254,-1.0
2015,1257,1277,0,Tournament,0.07352941176470584,-2.663602941176464,-3.880514705882362,1.2169117647058911,-0.07053570984241425,-0.00517091056029631,-0.015686961227494578,0.0487483396195553,-22.20482273318362,1.0,-1.0,-3.7142857142857117,-3.0
2015,1181,1277,1,Tournament,0.20231729055258463,8.723707664884145,2.1639928698752158,6.559714795008922,0.001914130396224345,-0.0102248337719274,0.029031572109126214,0.04662932983800491,63.55518150036619,-10.0,-11.0,-15.523809523809518,-6.0
2015,1246,1458,0,Tournament,0.08823529411764719,3.029411764705884,-2.147058823529406,5.176470588235295,0.009556982909364797,0.0320339443820664,0.09103538720647691,0.08061932288425133,33.09591009353176,-2.0,-1.0,-2.492063492063492,0.0
2015,1181,1458,1,Tournament,-0.032976827094474026,8.723707664884145,9.458110516934049,-0.7344028520499055,0.01786255342750076,0.03598856254282991,0.0582764078551139,-0.005492948951974386,-20.04548828011707,4.0,3.0,1.047619047619048,0.0
2016,1192,1195,0,Tournament,-0.0033370411568409697,1.25250278086763,5.654060066740826,-4.401557285873196,0.0048483766370979176,0.012680275305401195,-0.01977785059296061,0.002363883643989706,-7.916282107585175,89.0,85.0,63.403225806451644,0.0
2016,1435,1455,0,Tournament,-0.14818548387096775,3.6209677419354875,7.92439516129032,-4.303427419354833,0.058312720857066125,0.023314242847742,-0.04607858688544053,0.033839998368557,-55.830097883848794,15.0,-2.0,7.752432155657967,0.0
2016,1221,1380,1,Tournament,-0.18866080156402742,-5.892473118279568,0.3118279569892479,-6.204301075268816,0.0064772522200221005,0.0011449177700849078,-0.039396425981189365,-0.006034215034521784,-28.29737475053207,42.0,26.0,52.82258064516128,0.0
2016,1276,1409,1,Tournament,-0.008797653958944274,0.4242424242424221,-1.4956011730205176,1.9198435972629397,0.03864421309350452,-0.00461329178722239,-0.03994594644580049,-0.07196271652688102,13.8887838672822,-2.0,-29.0,-16.435483870967744,0.0
2016,1114,1345,1,Tournament,0.10626185958254275,-7.735294117647058,-4.523719165085396,-3.211574952561662,-0.02240130320631628,-0.007631064691337092,-0.07031182843161343,0.03012813290728039,-26.591086740945002,37.0,62.0,43.26406926406927,7.0
2016,1139,1403,1,Tournament,0.06451612903225801,8.193548387096769,1.3225806451612812,6.8709677419354875,0.007200892426680039,-0.03045608673971928,0.015260707107266513,-0.05425519253057809,36.892703425449554,-2.0,-16.0,-8.42439516129032,1.0
2016,1160,1163,0,Tournament,-0.049632352941176516,2.025735294117652,7.599264705882355,-5.573529411764705,-0.02439790541137521,0.015485559988311415,0.06565146739485839,0.04815419315454578,-48.47589505203655,30.0,21.0,12.317460317460316,-1.0
2016,1181,1423,1,Tournament,-0.0696969696969697,3.3878787878787904,0.3606060606060595,3.0272727272727327,0.035964095942158436,-0.0004216697349356813,0.016129676924793113,0.03259050534692978,-48.69629199954352,-52.0,-73.0,-54.327561327561334,-9.0
2016,1211,1371,1,Tournament,0.02367424242424243,4.651515151515156,-1.0378787878787818,5.689393939393938,0.03815234568651088,-0.004349236007887086,-0.03737599198924679,-0.02742642405969009,-36.940345146395885,2.0,-7.0,5.720643939393938,5.0
2016,1151,1231,0,Tournament,0.0625,-7.5,-1.8125,-5.6875,-0.06967354174903762,0.0006054762613114939,-0.04267256978047318,0.02597162844955969,-24.229742515412,93.0,98.0,61.28354978354978,7.0
2016,1233,1235,0,Tournament,0.03125,-2.25,-1.3125,-0.9375,-0.042534532465151154,0.0126202324873127,0.0096554177243664,0.0693481877653275,39.85514245802551,54.0,76.0,76.5759305210918,9.0
2016,1122,1242,0,Tournament,-0.393939393939394,-5.575757575757564,9.484848484848484,-15.060606060606048,-0.003803116938697171,0.01595961587941791,0.025510054389706605,0.05073420198380485,-204.51673391395616,210.0,217.0,208.21505376344086,15.0
2016,1246,1392,1,Tournament,-0.03529411764705892,4.209803921568621,3.064705882352939,1.1450980392156822,0.021283127095961918,-0.008870971953863993,0.023197320631917484,0.0590907097784365,56.010495389310336,-84.0,-88.0,-75.68542568542568,-9.0
2016,1138,1274,0,Tournament,-0.2054924242424242,0.9810606060606091,9.126893939393938,-8.145833333333329,-0.035682133147593276,0.018981658334190604,0.022807679737550435,0.021667326042650425,-77.82199230618266,117.0,120.0,110.40273704789834,11.0
2016,1195,1314,0,Tournament,-0.27180527383367137,-6.6784989858012125,3.3032454361054704,-9.981744421906683,-0.0009103259622026405,0.011353243134233915,-0.062065163334199924,-0.010889678183532203,-179.83074169888755,170.0,178.0,179.20087976539585,15.0
2016,1344,1425,1,Tournament,0.06060606060606066,-6.878787878787875,-5.030303030303017,-1.8484848484848584,-0.042651369733912814,0.0014848501223476973,-0.01984522688296908,0.031799315214739665,34.1221303579639,-3.0,1.0,-3.62647209421403,1.0
2016,1201,1428,0,Tournament,-0.03882575757575757,-1.8598484848484844,2.15625,-4.016098484848484,-0.06557842055367702,-0.04694946660614249,0.030860544386856092,-0.03374499436171002,-45.640506467384284,76.0,74.0,69.06647116324535,11.0
2016,1214,1438,0,Tournament,-0.12121212121212122,4.603030303030309,14.400000000000006,-9.79696969696969,-0.05920364726320493,0.021860647740043787,0.04210813395461904,0.03954144696165668,-139.86630988474394,220.0,231.0,205.88269794721404,15.0
2016,1112,1455,0,Tournament,0.01564027370478982,8.083088954056706,9.58064516129032,-1.4975562072336146,0.06628915914857608,0.03012450070848649,0.04057290962610077,0.05019582314581511,16.767052927535588,4.0,-13.0,-13.938672438672437,-5.0
2016,1124,1463,0,Tournament,-0.12152777777777779,1.831018518518519,6.106481481481481,-4.275462962962962,0.0047997650373903245,-0.018328408487377018,0.009005881330441612,0.020249894022767112,-11.321226240685519,-14.0,-32.0,-37.159462759462755,-7.0
2016,1143,1218,0,Tournament,-0.13636363636363635,-2.0121212121212153,0.6969696969697026,-2.709090909090918,0.011258353882905414,0.000753946610700218,0.023346048661132768,-0.04863564442628027,21.548534053327558,-40.0,-42.0,-37.97146401985111,-9.0
2016,1234,1396,1,Tournament,0.02116935483870963,9.440524193548384,1.2721774193548328,8.168346774193552,0.04252811517523808,0.016083856232545296,0.0472058045256179,0.06666429024109369,-36.41693201355861,-66.0,-66.0,-48.997067448680355,-3.0
2016,1268,1355,1,Tournament,-0.024193548387096753,-0.2752016129032313,-2.367943548387103,2.092741935483872,0.02919896165116498,0.0162990409054872,-0.020726653587806565,-0.018067222137956473,-8.434666702464256,-57.0,-66.0,-51.73448773448774,-7.0
2016,1277,1292,0,Tournament,0.14326375711574946,7.442125237191647,-4.843453510436426,12.285578747628072,0.027276770343543255,-0.0066593125907010164,0.09292170569067798,-0.010082477321105204,119.88433540927645,-120.0,-114.0,-107.87145650048876,-13.0
2016,1320,1400,1,Tournament,0.011363636363636354,-3.7982954545454533,-5.1534090909090935,1.3551136363636402,0.036097230219770626,0.011946065755967489,-0.12130912822650869,-0.02381345976169541,17.40898562574489,47.0,42.0,46.50352822580645,5.0
2016,1276,1323,0,Tournament,-0.019886363636363646,-1.294507575757578,-2.411931818181813,1.117424242424235,0.01262431232170913,0.004235828854411705,-0.07926713202470978,-0.019860192132003823,-11.980989893650303,17.0,2.0,12.967741935483865,5.0
2016,1167,1328,0,Tournament,-0.05711206896551724,-8.647629310344826,-7.161637931034477,-1.4859913793103416,-0.05658656766599329,-0.004265915124797598,0.04172701101484039,-0.012402393303233505,-42.733555215558,87.0,107.0,105.76148582600196,13.0
2016,1221,1332,0,Tournament,-0.39393939393939403,-13.212121212121218,0.2727272727272805,-13.484848484848499,-0.02944942311797244,0.003656487131783015,-0.07967664205538938,-0.012882531073207415,-227.6227050054813,259.0,253.0,260.12072336265885,15.0
2016,1372,1452,1,Tournament,0.05672268907563027,0.32983193277311784,-2.367647058823536,2.697478991596654,0.032956144248402874,-0.012484143504604,-0.11158384292184798,-0.06186219574773552,-17.446357547124762,27.0,51.0,55.58846529814272,11.0
2016,1153,1386,0,Tournament,-0.10661764705882348,-4.400735294117652,-7.036764705882348,2.636029411764696,-0.028116968568290546,0.01985761238460841,0.0841880843476856,-0.030839119230285206,-53.263209621352416,-6.0,-9.0,3.2666170634920633,1.0
2016,1173,1393,0,Tournament,0.1875,2.96875,0.09375,2.875,0.0016023341789976886,0.00947009225004089,-0.04901788789585487,0.03767741544263942,65.78886437089068,13.0,7.0,-11.817036290322577,-3.0
2016,1401,1453,1,Tournament,0.12834224598930477,-7.30035650623887,-14.985739750445632,7.685383244206761,0.012528064452907106,0.023684362214725196,0.04310626575348281,-0.01982202492495927,51.248162703843036,-100.0,-105.0,-104.67839687194524,-11.0
2016,1333,1433,0,Tournament,-0.10588235294117654,-5.205882352941174,3.272549019607837,-8.47843137254901,0.0035930195039191037,0.006763454322453816,-0.03689425299053389,0.02817721083554872,-30.379387592296098,25.0,19.0,15.56041986687147,-3.0
2016,1421,1437,0,Tournament,-0.20777988614800758,-2.48671726755218,5.326375711574961,-7.813092979127134,-0.027275531685874155,0.0200183788114478,0.02845603168421368,0.05465672313656378,-130.4890962993736,111.0,134.0,125.08797653958943,13.0
2016,1338,1458,0,Tournament,0.020161290322580627,6.899193548387103,4.147177419354833,2.7520161290322704,0.011357383057859272,0.012208412352502501,0.029840914205924718,-0.00897923162378711,-37.110317266534366,13.0,-2.0,0.7283666154633934,3.0
2016,1451,1462,0,Tournament,-0.10181451612903225,-6.827620967741936,-2.579637096774192,-4.247983870967744,0.07081945097481251,0.042577539095194405,-0.09849606398199318,0.0359973319088262,-73.9825534345498,117.0,121.0,116.30058651026394,13.0
2016,1181,1463,1,Tournament,-0.08080808080808077,6.973063973063972,8.542087542087543,-1.5690235690235692,0.0260064131959723,-0.04938806736536,-0.054843743972202874,0.021018414541766506,-13.987380137559967,-16.0,-40.0,-42.470418470418466,-8.0
2016,1211,1428,1,Tournament,0.02367424242424243,3.0151515151515156,-2.25,5.265151515151516,-0.004248997075350425,-0.026222470742146176,0.023463296108813203,-0.05338762843057143,-31.71626880638337,-1.0,-4.0,11.250946969696969,8.0
2016,1231,1246,1,Tournament,0.016544117647058876,2.60477941176471,0.641544117647058,1.963235294117652,0.038920859227549065,0.04157055849702079,0.015635083262209304,0.001163122017609708,-18.442421939744918,7.0,3.0,5.5606060606060606,1.0
2016,1114,1235,0,Tournament,0.21471774193548387,-11.84375,-14.904233870967744,3.0604838709677438,-0.06753447187034922,0.0034396637969616173,-0.026599279538871423,0.08383356795135549,44.52818178850498,29.0,50.0,32.90695970695971,8.0
2016,1163,1242,0,Tournament,-0.17290552584670227,-6.8912655971479495,-4.517825311942964,-2.3734402852049836,-0.02921199686146897,-0.013567371961038494,-0.006624838688988166,-0.046848537640003074,-109.75931717115736,24.0,27.0,31.412698412698415,8.0
2016,1274,1455,1,Tournament,0.03931451612903225,2.4959677419354875,7.39314516129032,-4.897177419354833,0.05935882985956559,0.0176016818175867,-0.024849274409680933,0.027393799013248177,33.04275371195149,1.0,-12.0,-18.408369408369406,-8.0
2016,1314,1344,1,Tournament,0.12655971479500883,8.295008912655973,-0.16844919786096568,8.463458110516939,0.0430646098016948,-0.008202814591860008,0.07356030297129801,-0.01780846248954318,93.6183247510653,-42.0,-41.0,-37.477633477633475,-8.0
2016,1139,1438,0,Tournament,-0.11045943304007821,10.21700879765396,11.494623655913983,-1.2776148582600158,-0.0159754262386963,-0.005617578793795486,0.028560052074323217,0.0466622390199688,-69.10604079509153,38.0,26.0,29.97443181818182,8.0
2016,1218,1268,0,Tournament,0.08333333333333337,1.60208333333334,-0.0729166666666714,1.6750000000000114,-0.030082229968692475,-0.007834963665132921,-0.0007396740496108944,0.054923910007392274,6.280150331328059,38.0,49.0,39.62414467253177,8.0
2016,1323,1372,1,Tournament,-0.1651785714285714,-3.816964285714292,6.34375,-10.160714285714292,0.009659529897689034,-0.0263513510766038,0.027558978126781375,0.002365085300824521,-40.29823468247173,6.0,-22.0,-28.032258064516128,-8.0
2016,1328,1433,1,Tournament,0.07536764705882348,3.200367647058826,3.143382352941174,0.056985294117652074,0.03627099724347432,0.018682815888999005,-0.029435663997416484,0.024611063806514705,33.87490182307488,-27.0,-32.0,-31.443001443001442,-8.0
2016,1332,1386,1,Tournament,0.02406417112299475,0.9572192513368947,-0.517825311942957,1.4750445632798517,0.005277470676162577,0.02060860373249669,0.041646307111898984,0.011281067143467216,59.39716308823972,-28.0,-26.0,-25.175662878787882,-7.0
2016,1292,1393,0,Tournament,0.11592741935483875,2.1038306451612954,2.507056451612897,-0.40322580645160144,0.0021206199522659785,-0.0014875259208536051,-0.049352330653014365,-0.027076941232094698,43.54426219464358,82.0,76.0,60.98387096774195,5.0
2016,1320,1401,0,Tournament,-0.12834224598930477,-8.366310160427801,-2.6203208556149775,-5.745989304812824,0.014014631115088494,-0.013262433773286703,-0.1679931373864672,-0.0161807267015715,-13.50339233001273,60.0,56.0,59.59775171065493,8.0
2016,1234,1437,0,Tournament,-0.17552182163187857,1.1261859582542684,5.003795066413666,-3.8776091081593904,-0.019356106305342347,-0.009875187914707317,0.05184191132493249,0.002265936951252101,-116.18415175850873,15.0,14.0,21.09090909090909,5.0
2016,1458,1462,1,Tournament,-0.21875,-12.46875,-6.46875,-6.0,0.005781088659290223,-0.004960623881749088,-0.03184901484919128,0.0007703464768418766,-52.67597237003429,17.0,22.0,27.24963924963925,5.0
2016,1242,1268,1,Tournament,0.12878787878787878,4.771780303030297,1.199810606060609,3.5719696969696884,-0.006070625511198635,-0.0021179474984176216,-0.005389058390161239,0.015250763209982365,132.9863574199494,-22.0,-19.0,-20.090909090909093,-4.0
2016,1328,1401,1,Tournament,0.016544117647058876,4.494485294117652,4.908088235294116,-0.4136029411764639,0.0210062809328595,-0.00045640165666291366,-0.0506678714903131,-0.011697956184181013,2.272262520244567,-9.0,-10.0,-8.712121212121213,-1.0
2016,1181,1332,0,Tournament,-0.12121212121212122,2.9090909090909065,2.6666666666666714,0.24242424242423688,0.010062861984216798,-0.012357126869899482,0.010464329128504923,0.004518495370475661,-101.4932311364239,13.0,1.0,9.590909090909092,3.0
2016,1274,1437,0,Tournament,-0.0716911764705882,-1.345588235294116,3.106617647058833,-4.452205882352942,0.00538407971676913,0.003504336155827792,0.01271369540377526,0.03400839386521187,-29.358759165441825,8.0,8.0,7.878787878787879,1.0
2016,1231,1314,0,Tournament,-0.04227941176470584,0.016544117647057988,-0.652573529411768,0.669117647058826,0.04818616659907771,0.03914556541279421,-0.0074397991681022235,0.001901279182229515,-52.234561469764,10.0,8.0,11.924242424242426,4.0
2016,1323,1458,1,Tournament,0.03125,6.84375,6.03125,0.8125,0.04378078521292328,-0.010656137591771003,-0.008669133278547125,-0.05279523435185737,-9.23254430885163,7.0,-1.0,-2.4813108038914464,-1.0
2016,1211,1393,0,Tournament,0.1875,9.28125,1.03125,8.25,0.02994899386590566,-0.004648320768525699,-0.017836880452584802,-0.016258339762266205,94.51618957279015,-13.0,-18.0,-21.363911290322577,1.0
2016,1235,1438,0,Tournament,-0.13162878787878785,11.48011363636364,15.302083333333343,-3.8219696969696955,0.04668203417916961,0.010789525786081389,-0.027389963487671865,-0.04635021232627978,-101.79288453757317,16.0,17.0,17.88741258741259,3.0
2016,1328,1332,1,Tournament,-0.03693181818181823,1.8607954545454533,1.043560606060609,0.8172348484848442,0.014361282447115986,0.0152834189163997,-0.026651107551575293,-0.026285598673370325,-61.895749432887214,-1.0,-8.0,-1.3181818181818166,1.0
2016,1242,1437,0,Tournament,0.025846702317290582,3.3324420677361815,3.900178253119442,-0.5677361853832537,0.002263856445889223,0.01745453261217958,0.009083450173721752,0.030168655984380177,56.49180624892301,-4.0,-4.0,-3.0303030303030303,-1.0
2016,1314,1323,1,Tournament,0.16727941176470584,6.545955882352942,-1.034926470588232,7.580882352941174,-0.012020424036062516,0.006565194499930593,0.049900552456920544,0.023641753254317388,96.38575574196534,-35.0,-32.0,-31.31378299120235,-5.0
2016,1393,1438,1,Tournament,-0.19412878787878785,-0.14488636363635976,6.052083333333343,-6.1969696969696955,-0.02008611948478689,0.024186981993838813,0.024246326026982512,0.0206594692156854,-133.4871974190271,39.0,36.0,45.9633431085044,9.0
2016,1314,1393,1,Tournament,0.22977941176470584,12.045955882352942,3.840073529411768,8.205882352941174,0.01109005605526725,-0.02083718013747332,0.047366830965224926,0.004720093426105604,148.82584361708518,-37.0,-37.0,-46.28152492668622,-9.0
2016,1328,1437,0,Tournament,-0.0716911764705882,3.435661764705884,6.731617647058833,-3.295955882352942,0.0048342968353398685,0.01430649558721328,0.014066761469101074,0.003115542478937694,-44.32125813079074,3.0,2.0,3.9393939393939394,0.0
2016,1314,1437,0,Tournament,-0.02941176470588236,5.294117647058826,5.852941176470601,-0.558823529411768,-0.012737255745044251,-0.00847278625583342,0.0899941850978831,0.009317469495672998,13.053660338728832,-1.0,-2.0,0.0,-1.0
2017,1243,1448,1,Tournament,0.012310606060606077,-10.928977272727266,-10.966856060606062,0.03787878787879606,-0.01869563890356618,0.0282367351476166,-0.012255639286234299,-0.015305982849915911,-31.726113867633103,-1.0,-1.0,1.0694444444444429,0.0
2017,1291,1309,1,Tournament,-0.048319327731092376,-2.42647058823529,-0.8403361344537785,-1.5861344537815114,0.010948638809990141,-0.03392723252305599,-0.13073714276109752,-0.08582955763382441,-8.382112449642818,35.0,8.0,21.0277777777778,0.0
2017,1300,1413,0,Tournament,0.10833333333333328,3.9583333333333286,-4.975000000000001,8.93333333333333,0.023468506019130975,-0.0168470892715738,0.025994515193609458,-0.0555566215453612,-14.024816806179842,-66.0,-21.0,-25.694444444444457,0.0
2017,1344,1425,0,Tournament,-0.10227272727272729,-8.446969696969703,-6.556818181818187,-1.8901515151515156,-0.0036769336680209097,0.022006521571634102,-0.0367472260533665,-0.012065479784167499,29.534132587103613,-5.0,3.0,3.209284627092849,0.0
2017,1112,1315,1,Tournament,0.20378151260504196,-2.4138655462184886,-8.84453781512606,6.430672268907571,-0.011827950058391323,-0.012212056315615394,0.062107450722702295,0.03790109829597499,151.84730568257442,-153.0,-158.0,-137.86277777777778,-13.0
2017,1139,1457,1,Tournament,-0.058064516129032295,-3.00967741935483,-2.8129032258064512,-0.19677419354837866,-0.003468048448653449,-0.023257598417864594,0.044918453928743496,-0.01935685498584011,-3.2976604738873903,-86.0,-88.0,-71.28444444444445,-9.0
2017,1190,1196,0,Tournament,0.03125,1.3125,2.84375,-1.53125,0.03923923471233254,0.05223979771346052,-0.009767344151021096,0.016497599334101,-1.4967995975016493,55.0,67.0,53.081111111111106,9.0
2017,1195,1199,0,Tournament,0.00909090909090915,-6.021212121212116,-0.9060606060606062,-5.115151515151512,-0.0009199820605653164,0.022190341013549386,0.009850472674671817,-0.010931595196473798,-27.66828938229446,89.0,93.0,77.39777777777776,11.0
2017,1211,1355,1,Tournament,0.4696969696969696,7.482007575757578,-17.00473484848485,24.48674242424243,-0.005451981669097328,-0.0008798524997324919,0.030001907395184102,-0.03295372069827396,146.07882787178323,-186.0,-179.0,-172.37555555555556,-15.0
2017,1235,1305,1,Tournament,-0.12655971479500883,0.9081996434937594,1.058823529411768,-0.15062388591800868,0.03240890999250162,-0.008973134739773611,-0.040470162794625286,-0.08522432729361198,4.578033170394519,-38.0,-40.0,-24.832207207207198,-7.0
2017,1278,1292,0,Tournament,-0.1515151515151515,1.0606060606060481,5.787878787878782,-4.727272727272741,-0.060438774240938464,-0.013988439941554687,0.004544948734189869,0.07057577845796592,-32.30890681045389,-15.0,-27.0,-12.409246575342472,-7.0
2017,1321,1435,1,Tournament,0.11764705882352944,-0.17647058823528994,-3.088235294117638,2.911764705882348,-0.038139170634605146,-0.024881138409995313,0.04626084767725508,-0.05280390538791149,-29.322400760305072,5.0,-4.0,-1.4444444444444358,-1.0
2017,1323,1343,1,Tournament,-0.05042016806722682,7.178571428571431,7.170168067226889,0.008403361344541338,0.011391979254332218,-0.009855544756192103,0.03803977111040707,0.03643856389746081,-2.175107473873368,-34.0,-51.0,-42.562777777777775,-7.0
2017,1345,1436,1,Tournament,-0.06723484848484851,6.731060606060609,4.307765151515149,2.4232954545454604,0.023621723013195872,0.007249419339675489,0.01534057603828154,0.039837875405123596,-19.382666943898812,-48.0,-63.0,-41.648888888888884,-9.0
2017,1388,1433,1,Tournament,0.11029411764705888,-2.67647058823529,-9.911764705882348,7.235294117647058,0.03396040813233664,-0.005842158358944194,-0.013057547638390676,-0.07573898385910607,27.438437313951454,-38.0,-25.0,-22.575000000000003,-3.0
2017,1291,1437,0,Tournament,-0.3529411764705881,-9.35294117647058,5.794117647058826,-15.147058823529406,-0.01617263861062601,0.03207909915549531,-0.0894089392599027,-0.031485303215706,-196.1099581394617,211.0,214.0,196.11722222222224,15.0
2017,1423,1438,0,Tournament,0.15625,16.53125,18.46875,-1.9375,0.003969299962360173,-0.00995941696370628,0.0522001217388961,0.019633513755486415,26.861805984961393,53.0,59.0,35.55030030030031,7.0
2017,1137,1452,0,Tournament,0.0,-5.82352941176471,1.029411764705884,-6.852941176470594,0.03402463709626513,0.0173395025985974,-0.10845721107080442,-0.0035326961273302038,-38.63442768547975,75.0,90.0,64.84777777777776,9.0
2017,1439,1458,0,Tournament,-0.047794117647058876,7.308823529411768,12.994485294117638,-5.685661764705875,0.061977240471554285,0.015234753565165682,-0.10843804457302611,0.10991677439927311,-0.7625899344757272,21.0,30.0,17.47833333333333,1.0
2017,1268,1462,0,Tournament,0.12428842504743831,-1.069259962049344,-2.804554079696402,1.735294117647058,-0.0012998003574842265,0.003072463062974401,-0.0516270626650584,-0.032686045603063374,26.14453413986371,5.0,10.0,-3.888513513513523,-5.0
2017,1116,1371,1,Tournament,0.07904411764705888,6.481617647058826,3.8125,2.669117647058826,0.009231461596023005,-0.0235211463933008,-0.035170788865855895,0.055134277494128414,4.11347103279968,-15.0,-12.0,-9.138888888888893,-1.0
2017,1124,1308,1,Tournament,-0.05913978494623662,-5.820430107526889,-5.034408602150535,-0.786021505376354,0.031044019941312506,0.012485145094050715,0.07375305915939456,-0.06405692003160171,9.943854149164281,-75.0,-83.0,-64.59777777777778,-11.0
2017,1153,1243,1,Tournament,0.24688057040998213,2.7433155080213822,-6.115864527629235,8.859180035650615,-0.03940034982973628,-0.0383463733095836,0.05488182177930573,-0.07784544573695129,97.29800301670048,-7.0,-13.0,-21.288888888888888,-5.0
2017,1181,1407,1,Tournament,0.18319327731092439,4.9218487394958,-2.289075630252114,7.210924369747914,0.010489148448811103,-0.0073005314860769,0.008549439254216307,0.011800703212900332,103.30243971906384,-118.0,-153.0,-127.815,-13.0
2017,1242,1413,1,Tournament,0.25,13.34375,3.5,9.84375,0.06763914231420665,-0.01511046738314989,0.044194045948401595,-0.0010628247882317199,139.98249038168342,-208.0,-194.0,-184.44611111111112,-15.0
2017,1246,1297,1,Tournament,0.1654411764705882,11.066176470588232,-0.2555147058823479,11.32169117647058,-0.007871181492872026,-0.022968100884901976,-0.008588637367052787,0.05322318013049629,113.97191753815878,-143.0,-148.0,-123.50611111111112,-13.0
2017,1240,1257,0,Tournament,-0.1875,-8.5,2.3125,-10.8125,0.03234975328643036,0.0464627935993282,-0.0286928654439757,0.021598306442431797,-108.26511712588899,152.0,179.0,161.85722222222222,13.0
2017,1276,1329,1,Tournament,0.0728110599078341,-10.232258064516131,-12.263594470046087,2.031336405529956,0.019660631526261074,-0.021026276503474994,-0.12369617329537247,-0.06558778604754129,70.1925562044587,-3.0,-1.0,-6.520645645645651,-3.0
2017,1274,1277,0,Tournament,0.0804924242424242,-2.3522727272727337,-4.67613636363636,2.323863636363626,-0.03665004858327098,-0.014246035272245994,0.035774782780119696,0.02743061044442388,44.025789167932544,-11.0,-8.0,-12.097222222222236,-1.0
2017,1314,1411,1,Tournament,0.11140819964349369,9.950980392156865,-0.8850267379679195,10.836007130124784,0.01992050089206293,-0.0064795343023444085,0.06607690909643843,-0.09837796775024218,112.1991074900684,-204.0,-201.0,-173.82333333333332,-15.0
2017,1233,1332,0,Tournament,-0.2014260249554367,1.8039215686274446,10.989304812834234,-9.18538324420679,0.008834775570434772,0.0057568780592195945,-0.04828740836919221,0.004575782784116106,-114.95500699826539,102.0,110.0,102.44222222222221,11.0
2017,1166,1348,0,Tournament,0.0,8.181818181818187,7.727272727272734,0.45454545454545325,0.06917916702990484,0.008953686194487304,-0.087364922195862,-0.0696699151788979,-50.09918181796547,-10.0,-21.0,-14.05365296803652,-5.0
2017,1266,1376,0,Tournament,-0.06451612903225801,11.032258064516128,10.451612903225808,0.5806451612903203,0.10972558309967168,-0.006785209930961905,-0.06719284005953419,-0.032911336420915815,32.21821515255533,-3.0,-1.0,0.6944444444444358,3.0
2017,1245,1417,0,Tournament,-0.26114081996434935,-14.451871657754012,-2.5098039215686185,-11.942067736185393,-0.08794406735710347,0.011672487273328508,0.08406119294943143,0.02983810101332232,-84.3803986279213,123.0,123.0,118.29722222222222,11.0
2017,1374,1425,0,Tournament,0.15508021390374327,-4.1675579322638185,-13.358288770053484,9.190730837789664,-0.0007833622985519151,0.0021504579654239853,0.07385642743407883,-0.06528916560029477,138.79891601229906,-50.0,-36.0,-36.801826484018264,-5.0
2017,1173,1455,0,Tournament,-0.11212121212121207,-5.942424242424238,4.160606060606057,-10.103030303030293,0.03476287853658572,0.012482717409361493,-0.10253451948045689,-0.02721950532517059,-65.39352423226114,28.0,29.0,21.232777777777788,-3.0
2017,1112,1388,1,Tournament,0.007352941176470562,4.264705882352942,8.941176470588232,-4.67647058823529,-0.0045538768645900785,0.004326058617577899,0.02203154161972798,0.10440061602297748,58.660247533811344,6.0,-7.0,-7.426666666666664,-5.0
2017,1139,1292,1,Tournament,-0.13685239491691104,2.078201368523949,5.08406647116324,-3.005865102639298,0.00269912855226917,-0.02412984398203219,-0.015860182039750703,0.04523118419930361,-44.20710638665355,-22.0,-34.0,-20.707579908675804,-8.0
2017,1196,1438,1,Tournament,0.0625,11.6875,10.9375,0.75,-0.023893023117387446,0.0013471158216391,0.029839782473869703,0.0991630512581067,5.022473576550283,2.0,1.0,-3.3641441441441433,-1.0
2017,1211,1321,1,Tournament,0.29322638146167546,13.487522281639926,-3.9073083778966193,17.394830659536545,0.05025317869144741,0.0226197468306997,0.00723934748703059,0.06494881250221882,120.79801052169341,-38.0,-38.0,-38.597777777777786,-7.0
2017,1235,1345,0,Tournament,-0.08428030303030298,0.7537878787878753,4.84375,-4.089962121212125,-0.010584663464860755,-0.042554412344356904,-0.04978227664934032,-0.06507676890218289,16.17039779893298,2.0,4.0,4.719459459459459,1.0
2017,1323,1452,0,Tournament,-0.02941176470588225,-3.970588235294116,2.882352941176464,-6.85294117647058,0.013990516203412406,-0.025596579559952704,-0.09804181190164502,-0.03868130812860757,5.19763253966903,20.0,18.0,8.826666666666668,1.0
2017,1437,1458,0,Tournament,0.17647058823529393,5.735294117647058,1.382352941176464,4.352941176470589,0.02408136941130623,-0.0051256910378500165,-0.013081100472316198,0.06347397539055499,106.23998116692087,-21.0,-15.0,-21.333333333333336,-7.0
2017,1199,1462,0,Tournament,0.13992869875222813,7.836898395721917,-0.08021390374332782,7.917112299465247,0.012577973135340037,-0.018533295694087598,-0.017207800602730083,-0.04954294087071179,62.86956056448912,-21.0,-12.0,-24.995,-8.0
2017,1124,1425,1,Tournament,0.04692082111436946,-7.084066471163254,-10.149560117302059,3.0654936461388047,0.006256029605273716,0.03522934183173121,0.1151869990726529,-0.055566445068125386,25.9780498783864,-48.0,-41.0,-35.721826484018266,-8.0
2017,1242,1277,1,Tournament,0.2992424242424242,10.991477272727266,4.01136363636364,6.980113636363626,0.01297798811184847,-0.022859306474269897,0.04517514788377314,0.05098985039260437,113.92848810238661,-33.0,-30.0,-40.19611111111112,-8.0
2017,1246,1455,1,Tournament,-0.025846702317290582,4.032085561497325,8.982174688057043,-4.950089126559718,0.026474034406401115,0.005596781706122905,-0.04738972615802839,-0.029836438530103315,26.331205886290263,-4.0,-6.0,-12.440000000000001,-8.0
2017,1257,1276,0,Tournament,0.06428571428571428,2.731250000000003,0.3008928571428555,2.4303571428571473,-0.05982317600476289,0.0016592717799555068,0.08559103486719288,0.000411149138459993,-24.636100217454214,-15.0,-16.0,-13.669909909909904,-5.0
2017,1116,1314,0,Tournament,-0.05258467023172897,-4.539215686274503,3.0909090909090935,-7.630124777183596,-0.0006640553908605074,0.0062259888012667075,-0.06255437741381631,0.07011055162791921,-32.72240163936249,35.0,34.0,29.99,7.0
2017,1332,1348,1,Tournament,0.12121212121212122,5.303030303030312,0.4848484848484844,4.818181818181827,0.022354281127601683,-0.005394166675203899,-0.0104740477839117,-0.015284664282376903,25.96662781721193,-21.0,-35.0,-27.96999999999999,-8.0
2017,1181,1376,0,Tournament,0.09400921658986183,9.173271889400922,5.28018433179723,3.8930875576036925,0.07215551644266499,-0.013306295055407813,-0.022025749880967616,0.029442626794636606,136.04393706899373,-19.0,-23.0,-29.53722222222222,-5.0
2017,1153,1417,0,Tournament,-0.025846702317290582,-15.893048128342244,-14.509803921568626,-1.38324420677362,-0.08918090268101186,-0.009834356202710698,0.06548734131923262,0.008460801456309203,-23.532428344792606,4.0,6.0,6.800000000000001,3.0
2017,1211,1452,1,Tournament,0.2049910873440285,2.605169340463462,-5.172014260249561,7.777183600713023,0.01985084247770663,0.011055906998453602,-0.05565499734089302,0.031740482105305334,71.73542967185244,-4.0,-3.0,-9.666666666666666,-3.0
2017,1242,1345,1,Tournament,0.09375,2.59375,5.21875,-2.625,0.005980804370212756,-0.003388909224919495,0.0336663536484893,0.025692166123519683,39.351894720616656,-5.0,-6.0,-9.2,-3.0
2017,1276,1332,0,Tournament,-0.1627705627705628,-3.8666666666666742,0.17922077922078472,-4.045887445887459,0.041838427432820624,-0.007713672941540101,-0.0625408988539558,-0.003506721707559085,-20.871232242344377,5.0,10.0,11.296576576576571,4.0
2017,1112,1462,0,Tournament,0.2647058823529411,1.647058823529406,-5.911764705882362,7.558823529411768,0.0014058742707822036,-0.0033710328864529904,-0.030678053846165287,0.0007040196155405076,156.03708413324603,-20.0,-14.0,-30.16833333333333,-9.0
2017,1196,1458,1,Tournament,0.014705882352941124,6.340073529411768,5.150735294117638,1.1893382352941249,-0.006633403683545425,-0.003926097498475417,-0.022646156162267006,0.0788721851309922,7.387977847984303,-14.0,-7.0,-11.200000000000001,-4.0
2017,1246,1417,1,Tournament,-0.025846702317290582,-4.422459893048128,-3.7450980392156765,-0.6773618538324513,-0.06033206305005723,0.0027744645030230164,0.02075290512883321,0.09046744112913921,28.87925671823632,-14.0,-10.0,-7.319999999999999,-1.0
2017,1139,1314,0,Tournament,-0.045943304007820096,-8.043010752688161,-2.521994134897355,-5.521016617790806,0.03188959756653165,0.00018122040201670742,-0.10208932368173462,0.028854943540983807,-59.153442645179894,23.0,23.0,16.400000000000002,3.0
2017,1124,1376,0,Tournament,0.09677419354838712,0.12903225806451246,-1.516129032258064,1.6451612903225765,0.06101435085453871,0.01839127224780071,0.07712865137276748,-0.05289995340865081,50.33086276827635,-18.0,-17.0,-23.750555555555557,-4.0
2017,1211,1462,1,Tournament,0.3520499108734402,9.958110516934042,-10.201426024955445,20.159536541889487,0.023237041823641835,0.0005680103569488948,-0.0454544878847315,0.0005808015164875391,145.009847886143,-39.0,-31.0,-39.861666666666665,-10.0
2017,1242,1332,0,Tournament,0.02651515151515149,4.052083333333329,7.01136363636364,-2.9592803030303116,0.03624499537016457,0.021546363459972406,0.021166067562922497,0.04035847306550269,-0.01788696212679497,-6.0,-7.0,-5.906666666666667,-2.0
2017,1246,1314,0,Tournament,0.06506238859180036,1.6078431372549034,0.6791443850267456,0.9286987522281578,0.006253451244781716,0.006653479583422717,-0.07641782207488462,0.0760293094152226,44.53309570935562,1.0,2.0,-0.6133333333333333,1.0
2017,1196,1376,0,Tournament,0.07258064516129037,6.797379032258064,2.014112903225808,4.783266129032256,0.03831455146608609,-0.01956081064256071,-0.027165792678035205,-0.005220168343285703,66.84075220463774,-22.0,-21.0,-26.150555555555556,-3.0
2017,1211,1376,1,Tournament,0.29227761485826,13.091886608015642,-3.3968719452590435,16.488758553274685,0.0784694153617021,0.002101383187911393,-0.030808014148864027,0.012723662325411611,154.36598449129656,-30.0,-30.0,-36.083888888888886,-6.0
2017,1314,1332,1,Tournament,-0.06060606060606066,5.666666666666657,5.545454545454547,0.12121212121211045,-0.013047883763418255,-0.0026916598666081037,0.07020640199288031,-0.013446094391376284,-17.06358344111368,-13.0,-10.0,-6.5200000000000005,-2.0
2017,1211,1314,0,Tournament,0.18181818181818177,0.24242424242424931,-9.757575757575758,10.000000000000007,0.033751625717311384,0.024473176765294702,-0.07914085941097865,0.06735964509047551,41.59860468118791,-2.0,-2.0,-3.4133333333333336,0.0
2018,1254,1347,0,Tournament,-0.10984848484848486,9.759469696969703,11.943181818181813,-2.1837121212121104,0.03989836561993437,0.010866866789457391,-0.022029046205313207,0.04737917910880701,-22.339771058620727,82.0,65.0,78.38461538461539,0.0
2018,1382,1417,1,Tournament,0.125,-4.0,-5.3125,1.3125,-0.02012012097403948,-0.0049261188837897985,0.02681636295234885,0.0664356354954454,45.524565730797804,21.0,16.0,9.636363636363633,0.0
2018,1113,1393,0,Tournament,0.03910068426197455,15.970674486803517,10.777126099706749,5.193548387096769,0.06241229456864633,-0.03743437201318331,-0.06733467987418912,0.006078385154759003,-37.76583637686849,-9.0,-1.0,-3.2272727272727337,0.0
2018,1300,1411,0,Tournament,0.07495256166982922,-7.259962049335854,-9.025616698292225,1.765654648956371,-0.0011255835136938508,0.028266269109261805,0.03588781961503951,-0.10222447872074711,-11.05933523211661,60.0,53.0,43.69230769230768,0.0
2018,1104,1439,1,Tournament,-0.09742647058823528,-7.365808823529406,-1.779411764705884,-5.586397058823522,-0.05046697977179837,0.019501361171916115,0.058178105999569074,0.032365773839102,-25.29915713741957,19.0,9.0,13.560606060606055,1.0
2018,1112,1138,0,Tournament,0.036541889483065915,-3.8146167557932387,-5.338680926916226,1.524064171122987,0.009904658041527625,0.00199712296521129,0.041702024810263194,0.06985751800140441,51.898312487631756,-55.0,-57.0,-45.41040843214756,-9.0
2018,1181,1233,1,Tournament,0.18181818181818177,4.848484848484858,-6.545454545454547,11.393939393939403,0.0035484261521266935,0.016835024193764092,0.1496218585611477,0.02908950319368911,100.50803346239854,-131.0,-123.0,-133.1942028985507,-13.0
2018,1196,1382,1,Tournament,-0.15625,-1.84375,-1.5625,-0.28125,-0.013083928162977598,-0.0151437709138188,-0.016774572817911226,-0.08700576963033779,-58.02986816610701,-46.0,-42.0,-29.874777183600713,-5.0
2018,1211,1422,1,Tournament,0.10815939278937381,12.370967741935488,3.795066413662248,8.57590132827324,0.0445030259592375,-0.022943291065114002,-0.038207526555734506,0.03345481964531549,64.78279677345245,-74.0,-93.0,-68.80171277997366,-9.0
2018,1222,1361,1,Tournament,0.11045943304007821,0.35972629521016586,-3.510263929618773,3.869990224828939,0.003997213033058555,-0.0031769303440621066,0.029042053600141615,-0.023355840236490122,14.662217428460735,-33.0,-32.0,-33.45454545454545,-5.0
2018,1242,1335,1,Tournament,0.052182163187855735,5.790322580645167,1.3282732447817835,4.462049335863384,0.03969730011098771,0.012057631566828098,0.06053320549370489,-0.027239516425786287,87.47775588988975,-118.0,-112.0,-102.9397993311037,-15.0
2018,1172,1246,0,Tournament,-0.049632352941176516,-0.297794117647058,-2.731617647058826,2.433823529411768,0.05980216876318045,-0.026981178569453174,-0.11761336916979268,-0.09869316913211071,-9.632515215626427,25.0,39.0,39.806982872200265,7.0
2018,1260,1274,1,Tournament,0.13407258064516125,-2.4737903225806406,-6.001008064516128,3.5272177419354875,0.028581111341641652,0.033905246725842414,-0.07146042904623878,0.0472097370588391,44.91833847935595,6.0,30.0,10.412384716732532,5.0
2018,1276,1285,1,Tournament,0.01992409867172673,-4.41745730550285,-5.27703984819734,0.8595825426944987,0.038144106820556856,-0.033343381440494896,-0.0539127474617308,-0.0731980883688865,87.2900474158505,-61.0,-87.0,-70.02305665349144,-11.0
2018,1326,1355,1,Tournament,-0.050000000000000044,-7.55416666666666,-8.94583333333334,1.39166666666668,0.006591931238643767,0.0261468917569114,0.05332603852497522,-0.0316223404531637,-24.418830185024262,-62.0,-59.0,-48.46837944664032,-7.0
2018,1328,1348,0,Tournament,-0.20060483870967738,8.97379032258064,13.738911290322577,-4.765120967741936,0.03837880337020316,0.014408979442234404,-0.029098754467075605,0.055308030297020694,-72.3459124353717,-2.0,-9.0,10.320816864295132,3.0
2018,1301,1371,0,Tournament,0.0,2.21875,1.15625,1.0625,0.003607528714491437,-0.0014996619815159096,-0.002079121735336198,-0.001199938719813498,1.823230017467722,15.0,22.0,14.49999999999999,1.0
2018,1397,1460,1,Tournament,0.03882575757575757,2.899621212121218,0.23768939393939092,2.6619318181818272,0.010676293091398503,-0.0142176454844338,0.053625327915497734,0.015792511076743287,88.19717272560274,-124.0,-116.0,-109.41694537346712,-11.0
2018,1372,1403,0,Tournament,0.07272727272727275,2.924242424242422,3.703030303030303,-0.7787878787878828,0.00215277316948137,0.023906697906873997,-0.019335269539494992,0.00712303120059532,-13.605424482500212,99.0,107.0,84.39866220735786,11.0
2018,1347,1437,0,Tournament,-0.25735294117647056,-20.121323529411768,-6.007352941176464,-14.113970588235304,-0.08271197550277481,0.0334976828714372,0.06486271880098521,0.023500470255805483,-152.6185333633564,168.0,190.0,163.35161649944257,15.0
2018,1120,1158,1,Tournament,0.007056451612903247,8.181451612903231,3.538306451612897,4.6431451612903345,-0.015259213702007057,0.011754277310793315,0.06574457895596358,0.038461900137887084,-26.929327934900584,-104.0,-79.0,-83.70791527313268,-9.0
2018,1116,1139,0,Tournament,0.07040998217468808,1.9670231729055274,2.741532976827102,-0.7745098039215748,-0.0067719509208029605,-0.0037928770911863086,0.02302380840567697,0.0443706610909784,35.53417419459197,12.0,3.0,-2.5,-3.0
2018,1153,1209,1,Tournament,0.19485294117647056,0.06433823529411598,-10.602941176470587,10.667279411764703,-0.033844799279368565,0.011698228369028285,0.1010129815342618,0.059571317048326605,133.48244167952453,-92.0,-103.0,-102.79041248606468,-13.0
2018,1155,1308,1,Tournament,-0.11458333333333337,-2.3187499999999943,1.0791666666666657,-3.39791666666666,-0.005296444395436417,0.02851463353917691,-0.04329978414355007,0.06296906881895031,-22.889037658138705,-36.0,-43.0,-32.07773386034256,-7.0
2018,1199,1281,1,Tournament,0.032258064516129004,8.290322580645167,6.193548387096769,2.0967741935483986,-0.010422292695881352,-0.029319768551693215,0.015254939815633972,-0.03981270018709909,-8.716661324326651,-3.0,-9.0,-0.37878787878788245,1.0
2018,1166,1243,0,Tournament,-0.021505376344086002,11.604105571847512,7.250244379276637,4.353861192570875,0.04875589859492768,-0.0188075609817549,-0.04386097215785839,-0.0482662235250679,-39.01485276331687,-17.0,-20.0,-6.833333333333332,-1.0
2018,1267,1455,1,Tournament,-0.08428030303030298,0.6060606060606091,7.7471590909090935,-7.141098484848484,0.01467979531653385,0.012641277227577685,-0.1344660736210675,-0.00024335750779869159,-32.55994235279513,94.0,110.0,84.70479375696766,9.0
2018,1137,1277,0,Tournament,-0.1434937611408199,0.17736185383243708,8.065062388591812,-7.887700534759375,-0.007692075455844716,-0.0174963959364913,-0.06549026275461628,0.005131354127566712,-67.59930462841908,94.0,87.0,86.70421607378128,11.0
2018,1305,1400,1,Tournament,0.21836007130124768,11.360962566844918,4.670231729055246,6.690730837789673,0.03531982631163555,-0.02293045407144481,-0.03144795384880267,0.05115542605781398,31.179167015216535,-15.0,10.0,-12.330039525691703,-3.0
2018,1252,1314,0,Tournament,-0.024630541871921152,-1.1093596059113366,5.368472906403937,-6.477832512315274,-0.00465011168370133,0.029697441351185988,-0.09343794810713324,0.07338677871649699,-81.53132443230447,158.0,160.0,135.5948717948718,13.0
2018,1168,1345,0,Tournament,-0.20283975659229203,-8.491886409736296,6.008113590263704,-14.5,-0.031995729279820084,0.042982671582049714,0.010495729295344314,0.07680171519087964,-103.73987921206208,148.0,166.0,142.28494983277594,13.0
2018,1393,1395,1,Tournament,-0.05018939393939392,-15.454545454545453,-11.392045454545453,-4.0625,-0.09121850944253279,0.012194220587361998,-0.0037667141300006812,0.06189102068144359,-25.626293026755093,32.0,31.0,28.48484848484849,5.0
2018,1344,1401,0,Tournament,-0.007352941176470562,-1.294117647058826,2.86397058823529,-4.158088235294116,-0.012433080834499288,-0.00873584570173519,-0.03990548311380954,0.05796392564886063,39.6456653911664,34.0,28.0,22.74242424242423,3.0
2018,1420,1438,1,Tournament,-0.2619745845552298,4.938416422287389,17.57380254154448,-12.635386119257092,-7.786589168179425e-05,0.02463854101789481,0.005530053308020089,-0.013127264491745783,-141.6216877493564,183.0,187.0,159.82764771460424,15.0
2018,1293,1452,0,Tournament,0.1217038539553752,-2.238336713995949,-2.9655172413793167,0.7271805273833678,0.02102161277259257,0.0224390468413051,-0.046401346742346194,0.0308081265363728,11.711116725955435,46.0,73.0,48.98682476943347,7.0
2018,1411,1462,0,Tournament,-0.4073083778966132,-6.62566844919786,5.250445632798574,-11.876114081996434,-0.016901660005532504,-0.0021318800915083036,-0.0049901926134161,0.025467413835366104,-190.5247308837445,235.0,230.0,237.65217391304347,15.0
2018,1181,1348,1,Tournament,0.006628787878787845,8.509469696969703,1.699810606060609,6.809659090909092,0.05147904189862429,0.021637669724263203,0.0765833983683738,0.05608760952271971,33.0359522596375,-46.0,-42.0,-29.652173913043477,-5.0
2018,1211,1326,1,Tournament,0.13235294117647056,8.6875,0.4301470588235361,8.257352941176464,0.030091826793462784,-0.012829712957419304,0.013339260794583085,-0.009186098488769612,67.93105011220155,-7.0,-12.0,-7.333333333333334,-1.0
2018,1242,1371,1,Tournament,0.13786764705882348,2.5,-2.371323529411768,4.871323529411768,0.03180184009170561,0.000753926144385686,-0.037399367121863036,-0.04978983344885529,97.73975226290895,-17.0,-20.0,-21.644927536231886,-7.0
2018,1138,1246,0,Tournament,0.05169340463458105,7.961675579322645,6.2210338680926895,1.740641711229955,0.03327893525167225,-0.01373577731770409,-0.040636057810658266,-0.08785235041679282,-22.24734852005122,58.0,59.0,46.019104084321484,8.0
2018,1260,1397,1,Tournament,0.08617424242424243,-2.524621212121218,-4.362689393939391,1.8380681818181728,0.04780718962758068,0.026466244261762195,-0.1284082088503865,-0.036021277381511896,13.138005327582277,31.0,45.0,31.2094861660079,8.0
2018,1222,1276,0,Tournament,-0.0062388591800356386,3.777183600713016,1.3796791443850154,2.3975044563279937,-0.015158879439638007,0.020471388468733115,0.06207669641858349,0.03152935307717278,-47.93460203005225,7.0,9.0,7.492753623188406,3.0
2018,1196,1403,0,Tournament,-0.10227272727272729,0.8200757575757507,4.740530303030297,-3.9204545454545485,-0.013974652107871244,-0.03736426141003829,-0.051255560933435806,-0.03487302031163969,-27.422139903604148,11.0,5.0,9.889386189258312,3.0
2018,1104,1437,0,Tournament,-0.32352941176470584,-14.705882352941174,-0.9117647058823479,-13.794117647058826,-0.057967502585144604,0.04891540608430031,0.034097953553568594,0.07938228852185958,-138.0651229624625,49.0,45.0,47.11198945981555,8.0
2018,1120,1155,0,Tournament,0.0625,10.09375,7.5,2.59375,-0.01712434568533866,-0.02485383639392949,0.049118053913145165,0.06933959543138848,-3.896144954383999,-3.0,9.0,-3.2898550724637694,-1.0
2018,1199,1462,1,Tournament,-0.20332355816226788,-2.498533724340163,-0.0009775171065484756,-2.4975562072336146,-0.006990365904174012,0.0005017160752719962,0.029815803891483972,-0.05098058922382459,-113.46461344241516,21.0,22.0,32.33399209486166,8.0
2018,1243,1420,1,Tournament,-0.010752688172043001,-0.12023460410557618,-3.0889540566959965,2.9687194525904204,0.013659784186712987,0.0076084269613921895,0.007365187622827285,0.059621574553542084,14.706781833328932,-140.0,-148.0,-123.67086247086247,-7.0
2018,1153,1305,0,Tournament,0.08823529411764708,-8.617647058823536,-15.73529411764705,7.117647058823515,-0.02921027470543547,0.0324963945936943,0.0910833060121331,0.0034342984167354262,92.99872567929674,-20.0,-32.0,-21.666666666666664,-5.0
2018,1139,1345,0,Tournament,-0.21746880570409977,-2.0258467023172813,7.140819964349376,-9.166666666666657,-0.00683546139633906,-0.006611601587380278,0.01625655526684272,-0.06328518944516487,-73.85059575463538,20.0,23.0,24.430171277997367,8.0
2018,1277,1393,0,Tournament,0.2727272727272727,13.424242424242422,0.2424242424242351,13.181818181818187,0.07141260112774311,0.0016867206777576027,-0.009977592408391744,-0.02194183069513478,119.47503880403156,-48.0,-46.0,-44.35573122529645,-8.0
2018,1314,1401,0,Tournament,0.0892857142857143,6.971428571428575,3.301785714285714,3.669642857142861,0.0033340268821595576,-0.019673351220121288,0.03368642959641349,-0.0034456952905801974,71.23605487511145,-23.0,-19.0,-20.257575757575758,-5.0
2018,1267,1452,0,Tournament,-0.0089126559714795,3.988413547237073,10.090909090909093,-6.1024955436720205,0.04712588760636044,0.020464069970847792,-0.1575525645062178,0.023153098901426306,-21.893473528506092,101.0,116.0,86.53088071348941,8.0
2018,1199,1211,1,Tournament,-0.23719165085388993,-2.725806451612897,7.3662239089184,-10.092030360531297,-0.03055145872223841,0.0072509858516423,0.02200466650292937,0.02629348896316691,-120.40075601814806,27.0,24.0,31.377470355731226,5.0
2018,1243,1246,1,Tournament,-0.03921568627450989,-4.371657754010698,-2.4153297682709507,-1.9563279857397475,0.014740397729581023,-0.005632090343595297,-0.07840109345651969,-0.03890680376757871,-36.554610245633285,26.0,27.0,21.51910408432148,4.0
2018,1260,1305,1,Tournament,0.049632352941176516,-11.400735294117652,-10.851102941176464,-0.5496323529411882,0.007232794206463944,0.05185585203130291,-0.048770990380353096,-0.034818503721817495,53.167159979296,18.0,23.0,15.223978919631087,4.0
2018,1276,1401,1,Tournament,0.16911764705882348,-1.352941176470594,-6.283088235294109,4.930147058823522,0.025557467562450364,-0.0384002508654879,-0.055207309200468624,-0.028038182296604486,123.18453286441013,-20.0,-16.0,-17.750329380764164,-4.0
2018,1181,1393,1,Tournament,0.18181818181818177,17.151515151515156,5.060606060606062,12.090909090909092,0.0764302407587249,-0.0035184497000320114,0.04226855992394418,-0.04816047236086257,81.36136710423989,-51.0,-47.0,-46.10935441370225,-9.0
2018,1155,1242,0,Tournament,-0.07536764705882348,-8.21875,-5.128676470588232,-3.090073529411768,-0.04220290820731165,0.01808536290048951,-0.024429232275488377,0.0666637084043358,-84.88603130827869,10.0,18.0,12.521739130434785,4.0
2018,1345,1403,0,Tournament,0.09625668449197855,5.904634581105157,0.9500891265597033,4.9545454545454515,0.027586208225706677,-0.01666849894023581,-0.08697152776234612,0.0007675379694533913,42.64464235614105,-7.0,-8.0,-8.347826086956522,-1.0
2018,1437,1452,1,Tournament,0.17647058823529405,7.441176470588232,1.882352941176464,5.558823529411768,0.07160816153710131,-0.008614203409283205,-0.11071053209275461,-0.020754200189212896,77.26780811117646,-11.0,-8.0,-11.91304347826087,-4.0
2018,1243,1260,0,Tournament,-0.17708333333333337,0.6761363636363598,5.847537878787875,-5.171401515151516,-0.01901180920002199,-0.01819658381383152,0.04926984130063378,0.013848156504841502,-54.23327225704247,2.0,-21.0,-4.878787878787868,-2.0
2018,1199,1276,0,Tournament,-0.14895635673624286,8.127134724857697,10.954459203036045,-2.8273244781783546,-0.004511238997072842,0.027289399355583305,0.041351954978315175,0.05970823040103859,-137.6855969690066,25.0,23.0,30.50790513833992,6.0
2018,1181,1242,0,Tournament,-0.0062388591800356386,3.1969696969697026,-1.3351158645276229,4.532085561497324,-0.009450218659506904,0.009062252945160498,0.09012428114019172,0.0723050756185703,-40.06099203977669,-6.0,-3.0,-2.115942028985507,1.0
2018,1403,1437,0,Tournament,-0.15508021390374327,-11.816399286987519,-6.185383244206761,-5.631016042780756,-0.05795757507936228,0.0343022689194008,0.08585647323559092,0.060455323318930276,-92.3985276166668,10.0,12.0,13.014492753623188,2.0
2018,1260,1276,0,Tournament,0.049632352941176516,-1.959558823529406,-1.4981617647058911,-0.4613970588235219,0.005896302782967933,0.051234223621260816,-0.07173390980042249,0.04789524579488738,-39.32407247832839,32.0,51.0,32.31093544137022,8.0
2018,1242,1437,0,Tournament,-0.08823529411764708,-5.558823529411768,0.05882352941176805,-5.617647058823536,-0.014710617722691222,0.0271011984117156,0.041510089741924605,-0.027264249727484202,-20.279007244087325,7.0,5.0,5.057971014492754,0.0
2018,1276,1437,0,Tournament,-0.08823529411764708,-13.411764705882362,-7.352941176470573,-6.058823529411782,-0.03763990000457795,0.00010601137986909759,0.02898683107145772,-0.016861993161288197,-0.4423366139524205,8.0,10.0,8.710144927536232,2.0
2019,1125,1396,1,Tournament,0.11458333333333337,12.02291666666666,3.5104166666666714,8.512499999999989,0.045765146037646254,-0.010278059899834407,-0.016767984707644512,-0.05433570247107758,7.030541932523647,-22.0,-8.0,-8.316146540027141,0.0
2019,1192,1341,1,Tournament,-0.055718475073313734,-0.10654936461388331,-0.2434017595307978,0.13685239491691448,0.05797144046901914,0.017144666496516275,-0.007142416533283735,-0.030265532243755278,-0.43763165522864256,-1.0,-13.0,3.0454545454545325,0.0
2019,1113,1385,1,Tournament,0.051136363636363646,0.2973484848484844,-1.7253787878787818,2.0227272727272663,-0.0231359486919121,0.030071133442406722,0.10892265279879401,0.07960486493794,40.62863315663412,-17.0,-14.0,-12.515151515151508,0.0
2019,1295,1300,1,Tournament,0.016129032258064502,4.590322580645164,5.875268817204301,-1.2849462365591364,0.038185057904585484,-0.05291641212103648,-0.13885668862796452,0.019285263580357398,29.23957155081439,-104.0,-103.0,-90.07575757575759,0.0
2019,1120,1308,1,Tournament,-0.13970588235294112,1.226102941176464,3.775735294117652,-2.549632352941188,0.044961735480176235,0.015076811999423817,-0.06740956482729193,-0.009135094851286413,6.697707672104798,-36.0,-44.0,-30.66798418972332,-7.0
2019,1124,1393,1,Tournament,-0.012310606060606077,1.9289772727272663,1.4905303030302974,0.43844696969696884,0.014897449237722238,0.006752242599555397,0.08237531662539932,-0.031294576049179096,-16.74593502468838,6.0,12.0,10.181818181818187,1.0
2019,1196,1305,1,Tournament,-0.31996434937611407,-12.40196078431373,-3.0196078431372584,-9.382352941176471,0.014901251398699189,0.016415741131539985,0.05453987938553562,-0.0447233007141139,-42.53846895973743,3.0,4.0,14.407773386034258,3.0
2019,1199,1436,1,Tournament,-0.018382352941176516,2.505514705882348,4.273897058823536,-1.7683823529411882,-0.019048490810413654,0.014045653489467402,0.07599332174449869,-0.004326449858111703,69.55768912223357,-66.0,-72.0,-61.94532279314888,-9.0
2019,1192,1211,0,Tournament,-0.32844574780058655,-14.106549364613883,7.423264907135874,-21.52981427174976,-0.010805090069018197,0.030562950781844594,0.029432477128687795,0.006475778556303935,-121.97781002439024,206.0,212.0,199.22529644268772,15.0
2019,1242,1318,1,Tournament,0.03832442067736186,-0.7085561497326296,-0.1844919786096142,-0.5240641711230154,-0.04978235498364014,0.014750871536512389,0.0696577990821631,-0.03225019645385371,10.4770046855092,-59.0,-82.0,-64.18050065876153,-9.0
2019,1101,1246,0,Tournament,-0.025078369905956133,-5.003134796238257,-0.5276907001044862,-4.475444096133771,-0.0016770634506760862,0.008119815343654385,-0.0695664880240755,-0.08425640385338509,-103.89082079747436,138.0,156.0,129.02503293807644,13.0
2019,1261,1463,1,Tournament,0.0625,0.4821428571428612,-0.6830357142857082,1.1651785714285694,-0.023935220522701695,0.002691811554505208,0.1272956639051556,0.0729326465191241,71.02163018299598,-64.0,-74.0,-61.13899868247695,-11.0
2019,1125,1268,0,Tournament,0.14583333333333337,15.52291666666666,9.604166666666671,5.918749999999989,0.024222901584050716,-0.044110239199351,-0.08865687343791623,-0.05007358827353639,25.875654297738492,30.0,31.0,24.021080368906457,5.0
2019,1276,1285,1,Tournament,0.07352941176470584,-6.211397058823536,-10.691176470588232,4.479779411764696,-0.0424686894681886,-0.04378072539002109,-0.055308781915027194,-0.0356090411244708,60.250070503879215,-132.0,-123.0,-105.35836627140975,-13.0
2019,1133,1277,0,Tournament,-0.24777183600713004,-12.45989304812835,-0.34759358288769704,-12.112299465240653,-0.06072987403003072,-0.008434715443567303,-0.050107024920733656,-0.0151687935163895,-132.35560276282808,161.0,153.0,150.733860342556,13.0
2019,1257,1278,0,Tournament,-0.01158645276292336,3.7513368983957207,-1.358288770053477,5.109625668449198,0.02853811732328998,0.004984925420309011,-0.01667494721194157,0.0013405909013907147,-4.662003157690378,-30.0,-21.0,-20.21212121212121,-3.0
2019,1266,1293,0,Tournament,-0.13479623824451403,-3.858934169278996,0.7115987460815063,-4.570532915360502,0.0031675789720209124,0.016752527276205603,-0.04626293482462779,0.016248962124047917,-61.41004194718744,-25.0,-33.0,-22.4038208168643,-7.0
2019,1330,1345,0,Tournament,0.045955882352941124,-10.01102941176471,-5.959558823529413,-4.051470588235297,-0.04586919485227198,0.01842383700319561,-0.028153901747756338,-0.01026450155400721,-1.9364710124600606,102.0,101.0,77.90711462450594,11.0
2019,1388,1437,0,Tournament,-0.06862745098039225,-1.5614973262032095,-2.7245989304812923,1.1631016042780828,0.0030573518042593673,-0.009173801959060895,0.014063743354535196,-0.034070877092883006,-21.23213709279071,5.0,20.0,17.490777338603426,5.0
2019,1371,1459,0,Tournament,-0.2606060606060606,-7.260606060606065,3.951515151515153,-11.212121212121218,-0.03590161677976267,0.0066017914003841105,-0.016801528349746797,0.06568462076602319,-88.39645323022455,36.0,15.0,26.001317523056656,3.0
2019,1113,1138,0,Tournament,-0.22159090909090917,-7.005681818181813,2.0625,-9.068181818181811,-0.03199259048973485,0.01247254805871692,0.02927222855230993,0.0440431734656484,-108.41820819184204,39.0,26.0,36.5,5.0
2019,1181,1295,1,Tournament,0.3368121442125237,11.209677419354833,-6.183111954459193,17.392789373814026,-0.03750030166675655,0.0038142943441131782,0.14087957583229,-0.0137533662876205,191.5984156604677,-196.0,-192.0,-193.47233201581028,-15.0
2019,1209,1222,0,Tournament,-0.1930147058823528,0.1948529411764639,11.827205882352942,-11.632352941176478,0.04810389632077111,0.024636262448366697,-0.10743027028807028,0.010148015498870816,-102.14272635713792,96.0,95.0,83.42424242424242,11.0
2019,1153,1234,0,Tournament,0.1568627450980392,-6.5971479500891235,-11.430481283422473,4.833333333333343,-0.04806098647533341,-0.014963753232512311,0.0767649215689204,-0.0432129543039706,141.54716081070433,-4.0,-15.0,-15.198287220026348,-3.0
2019,1251,1280,1,Tournament,0.10948191593352874,-5.13978494623656,-7.8308895405669645,2.6911045943304046,0.010129840879074314,-0.008565950923293292,-0.0821872211438634,-0.040985282317726995,14.516775725992375,42.0,87.0,55.24242424242425,7.0
2019,1233,1314,0,Tournament,-0.28693181818181823,-9.216856060606062,2.6856060606060623,-11.902462121212125,0.0325179473112136,0.01005209683016059,-0.07719571617859611,0.06589898751570078,-156.81942048499673,191.0,185.0,196.55335968379447,15.0
2019,1235,1326,0,Tournament,0.10071301247771836,7.804812834224592,2.111408199643492,5.6934046345811,0.04016116980237616,-0.02150826138718462,0.010906301477075497,-0.03243515416911702,72.58532056395279,-29.0,-26.0,-26.409090909090914,-5.0
2019,1279,1328,0,Tournament,0.03125,4.25,2.15625,2.09375,0.026591819589730226,0.005777849347484598,0.04349505866886738,0.0290886832287455,-13.522484427473046,6.0,15.0,6.984848484848484,-1.0
2019,1332,1458,1,Tournament,-0.03982683982683988,1.425108225108218,1.518614718614721,-0.09350649350650286,0.0019135495488391552,0.02950475386657489,0.0642765167682737,0.05558322090530571,3.0658920144985586,31.0,17.0,27.125164690382082,7.0
2019,1159,1397,0,Tournament,-0.1515151515151515,-6.151515151515156,0.6060606060606091,-6.757575757575767,0.013753561867003716,0.029902893749895715,0.0030834308580151015,-0.026071026295531402,-76.96477316124083,121.0,130.0,116.12450592885375,13.0
2019,1297,1403,0,Tournament,-0.0625,4.6875,10.75,-6.0625,0.03298173613361355,-0.016256487093152805,0.03942021313118588,-0.008173121387490712,-78.85464320506321,91.0,101.0,88.5052700922266,11.0
2019,1243,1414,0,Tournament,-0.09536541889483063,-6.652406417112303,-4.375222816399287,-2.277183600713016,-0.013464904916053289,0.000854251229130909,-0.024772816293789635,-0.030471582421385507,5.719369388855284,-52.0,-65.0,-46.700922266139656,-9.0
2019,1416,1433,1,Tournament,-0.03931451612903225,0.6915322580645125,2.6965725806451672,-2.005040322580655,0.03625339477705708,-0.00916856839646249,-0.0100530227695671,0.02381793847355107,1.1793717685566207,9.0,-12.0,1.212121212121211,1.0
2019,1205,1438,0,Tournament,-0.2610887096774194,3.930443548387103,18.35685483870968,-14.426411290322577,0.004006107423188743,0.024427086641574003,-0.07903653854266607,0.08453242258717247,-131.3476320484583,166.0,176.0,162.2345191040843,15.0
2019,1387,1439,0,Tournament,-0.09285714285714286,-6.942857142857136,1.6491071428571402,-8.591964285714276,-0.07703462858660332,0.0019275457471158997,0.08452753450580386,-0.008809564079652,-20.487735764877243,93.0,88.0,77.2220026350461,9.0
2019,1429,1449,0,Tournament,0.05347593582887711,9.206773618538321,2.7085561497326296,6.4982174688056915,-0.00018975438239399178,-0.010574967010227587,0.02812688931681928,0.05633876371250071,47.287509751971356,-17.0,-5.0,-6.18716577540107,-1.0
2019,1120,1242,1,Tournament,0.0,3.5,-1.5,5.0,0.01759486333145266,-0.014726842634770893,0.013781266250877389,0.012413968173068696,58.64452075737722,-7.0,-3.0,-1.2753623188405783,1.0
2019,1199,1293,1,Tournament,-0.06795131845841784,-6.674442190669382,-1.261663286004051,-5.4127789046653305,-0.045876474643166965,0.009053326539869594,0.0029110310047311683,0.031077566050640604,38.78852884470302,-38.0,-43.0,-35.157444005270094,-8.0
2019,1124,1211,0,Tournament,-0.31534090909090917,-17.192234848484844,2.1268939393939377,-19.319128787878785,-0.04579657665005399,0.02630971970808521,0.11575682572803331,-0.02963149285315389,-127.24149591851346,39.0,39.0,43.013175230566546,8.0
2019,1246,1459,1,Tournament,-0.048484848484848464,-4.472727272727269,-2.1090909090909093,-2.3636363636363598,-0.02063079657766731,0.011831662276804017,0.03694396104058589,0.1487321091421216,-9.047202776816675,-12.0,-28.0,-16.144927536231883,-5.0
2019,1261,1268,1,Tournament,0.125,10.03125,7.96875,2.0625,0.004515495447504403,-0.008509741108744612,0.036114063598282065,0.052788074113307604,76.92830850767837,-6.0,-9.0,-9.73913043478261,-3.0
2019,1196,1276,0,Tournament,-0.2647058823529411,-2.117647058823522,5.088235294117645,-7.205882352941167,-0.006262621881474029,0.033055023893908686,0.09120493658770379,0.037916919261931914,-56.170649993283405,23.0,20.0,29.82806324110672,8.0
2019,1277,1278,1,Tournament,0.2058823529411764,8.029411764705884,-3.647058823529406,11.67647058823529,0.07937083344568813,0.026156026886516415,0.009768468805374186,-0.004523873707951487,118.27778982040968,-43.0,-39.0,-39.67325428194994,-8.0
2019,1345,1437,1,Tournament,-0.016544117647058876,1.716911764705884,-0.2757352941176521,1.992647058823536,-0.0049949396826818315,-0.020637987992351198,0.044688692841149236,-0.05641792123468109,-25.1581303942221,-16.0,-8.0,-9.840579710144926,-3.0
2019,1181,1416,1,Tournament,0.11100569259962045,11.370967741935488,3.268500948766601,8.102466793168887,-0.015611723759433538,-0.021241284204025712,0.05837240270769711,-0.047732659036584385,82.87958095076397,-43.0,-38.0,-35.72990777338604,-8.0
2019,1222,1326,1,Tournament,0.336007130124777,5.981283422459896,-4.97682709447416,10.958110516934056,-0.013729614877670493,-0.0361884608026013,0.06230328093730897,-0.038374052391875635,154.29452044456093,-30.0,-24.0,-36.74242424242424,-8.0
2019,1314,1449,1,Tournament,0.05347593582887711,16.237076648841352,8.557040998217474,7.6800356506238785,-0.017342113624510658,-0.03737455857730149,0.0581893709520902,-0.021804615121807175,91.84993474873272,-45.0,-47.0,-36.68972332015811,-8.0
2019,1332,1414,1,Tournament,-0.19579831932773106,-1.9848739495798355,-0.6747899159663859,-1.3100840336134496,0.02819853512164494,0.006897099972772797,-0.010702418002458136,-0.013983858957937995,-13.704567027356688,-32.0,-51.0,-21.242424242424242,-1.0
2019,1234,1397,0,Tournament,-0.18181818181818188,-3.363636363636374,4.151515151515156,-7.515151515151532,-0.024608613368529708,0.002391534271646123,-0.009198387831166499,0.06578584336598356,-133.3434021356975,28.0,35.0,33.15480895915678,8.0
2019,1138,1403,0,Tournament,0.09659090909090917,11.724431818181813,11.71875,0.005681818181811238,0.017429091357020088,-0.02722294409941442,0.024743265757956268,0.009566704726650999,39.47758436015033,13.0,17.0,6.884057971014492,3.0
2019,1328,1438,0,Tournament,-0.3125,-0.6875,13.15625,-13.84375,-0.046992588198501384,0.02196282247589959,-0.04239742193113938,0.016128692924416793,-149.69110797837016,37.0,29.0,36.87088274044795,8.0
2019,1251,1439,0,Tournament,0.056451612903225756,-1.8064516129032313,0.19657258064516014,-2.0030241935483915,0.0031799653665235406,-0.0007453979599207905,-0.020527799628426324,-0.0523385850218516,-0.15623114494974288,52.0,96.0,61.81291172595521,8.0
2019,1199,1211,0,Tournament,-0.11497326203208569,-13.936720142602496,2.0570409982174738,-15.993761140819974,-0.0732337548403939,0.0217378547583979,0.06819496569362449,0.026795862799637915,2.860977718270533,12.0,8.0,8.840579710144926,3.0
2019,1345,1397,1,Tournament,-0.1297348484848485,-5.479166666666671,-2.6723484848484844,-2.8068181818181888,-0.021099451620442355,-0.0163336560281363,0.03929216670635821,-0.03563089683878021,-60.51644857427618,2.0,3.0,6.884057971014493,1.0
2019,1276,1403,0,Tournament,0.011029411764705843,-2.711397058823536,-0.722426470588232,-1.9889705882353041,-0.0010650404592359441,-0.04956842101808251,-0.0469375730896428,-0.048600548798241605,-8.033955731771584,-4.0,-1.0,-3.2318840579710137,-1.0
2019,1332,1438,0,Tournament,-0.24910714285714286,-1.3580357142857196,7.880357142857143,-9.238392857142863,-0.034487479480739935,0.027332578501658183,-0.008539590613435288,0.016168371344233295,-76.2039116688361,42.0,31.0,44.05270092226614,11.0
2019,1120,1314,1,Tournament,-0.08288770053475936,-7.178253119429598,-4.351158645276286,-2.827094474153313,0.03163617669056573,0.014333735955044502,-0.02577707310081423,0.013903980821614481,-22.35399759415077,7.0,8.0,10.18840579710145,4.0
2019,1181,1439,1,Tournament,0.1029411764705882,9.5,5.465073529411768,4.034926470588232,-0.03440370483589639,-0.009787388963876514,0.06331205672937967,0.0009051352526459888,93.61864388062827,-8.0,-11.0,-13.826086956521738,-3.0
2019,1222,1246,0,Tournament,0.09358288770053458,-1.1096256684491976,-4.188948306595364,3.0793226381461665,-0.02554892762198885,-0.030586775783121994,-0.005646730813424317,-0.1132143043139967,19.923243811674638,8.0,11.0,3.782608695652174,1.0
2019,1261,1277,0,Tournament,-0.011029411764705843,2.55147058823529,7.501838235294116,-4.950367647058826,-0.04015838997503096,-0.010116150712868616,0.05218397335785291,0.026116464662667593,-30.396378885351396,14.0,16.0,10.913043478260871,1.0
2019,1211,1403,0,Tournament,0.09659090909090917,15.754734848484844,5.779356060606062,9.975378787878785,0.04638956227351676,-0.02959384668406262,-0.005430054595236711,0.020017910354663382,30.271848654773066,-7.0,-4.0,-6.159420289855071,-2.0
2019,1345,1438,0,Tournament,-0.1875,4.34375,11.75,-7.40625,-0.030288229636943775,-0.0009378957671640209,0.04466231931189674,0.0011734991865477995,-82.3242994118907,9.0,8.0,11.797101449275363,2.0
2019,1120,1246,1,Tournament,-0.08288770053475936,2.15508021390373,3.16399286987523,-1.0089126559714998,0.01843514032684701,5.726873631520246e-05,-0.03106289739279111,-0.1000132463277838,5.118752869160517,6.0,5.0,7.144927536231885,3.0
2019,1181,1277,0,Tournament,0.02941176470588236,4.67647058823529,2.029411764705884,2.647058823529406,-0.05045134239452087,-0.028813242489463126,0.026858935643808923,-0.02393336991270592,17.9616784861239,-1.0,-3.0,-3.086956521739131,-1.0
2019,1277,1403,0,Tournament,0.011029411764705843,5.72977941176471,6.248161764705884,-0.518382352941174,0.05016057984640254,0.004135710353010302,0.05209181479708347,0.032317763517824116,43.01261614507507,-5.0,-5.0,-5.304347826086956,-1.0
2019,1120,1438,0,Tournament,-0.17095588235294112,7.038602941176464,13.525735294117652,-6.487132352941188,-0.013475253576924917,0.026514755432716197,0.010608467036924307,0.026693186292619686,-20.519059306477402,12.0,9.0,12.536231884057973,4.0
2019,1403,1438,0,Tournament,-0.09375,1.25,4.21875,-2.96875,-0.0385649217150319,0.0401387129798203,-0.03263239862591527,0.03352293786098559,-50.0233081395304,8.0,7.0,8.623188405797102,2.0
2021,1179,1455,1,Tournament,0.115009746588694,4.327485380116968,-4.226120857699797,8.553606237816766,0.04898236086004748,-0.007647279448045413,0.006926967101333781,-0.050626879238632794,7.167790914904799,-21.0,4.0,-2.981481481481495,0.0
2021,1111,1313,0,Tournament,-0.125,-6.976190476190467,-2.3214285714285694,-4.654761904761898,-0.011104987215702411,-0.0043457931945661,0.018901581349053703,-0.027504863279701475,-6.533966882325103,9.0,-26.0,-8.537037037037038,0.0
2021,1291,1411,0,Tournament,-0.10671936758893286,-9.837944664031617,-7.768774703557305,-2.0691699604743117,6.968642247101586e-05,-0.011103320507366204,-0.001204346580529203,-0.07561324163907632,-53.2577347569345,-10.0,-7.0,-2.5555555555555713,0.0
2021,1277,1417,0,Tournament,-0.09829059829059827,-3.8091168091168015,2.055555555555557,-5.864672364672359,-0.04205611922632341,0.011370420208075882,0.003852646305341323,-0.004874385628948291,22.117388348877284,12.0,-6.0,15.425925925925931,0.0
2021,1116,1159,1,Tournament,-0.14761904761904754,-3.94047619047619,2.0785714285714363,-6.019047619047626,-0.05437531178602378,0.025425426532362377,0.1169479618091846,-0.004294102742021189,9.046475649796093,-66.0,-52.0,-26.33040935672515,-11.0
2021,1124,1216,1,Tournament,0.26449275362318836,18.505434782608702,3.1557971014492807,15.349637681159422,0.012359320923142625,-0.05314309662555021,0.13290971209133529,-0.05329252899381662,104.27381505852804,-185.0,-184.0,-172.1315789473684,-15.0
2021,1196,1439,1,Tournament,-0.10559006211180122,1.8136645962732985,4.302277432712216,-2.488612836438918,0.009038475972660498,0.0321111714385485,0.027331832001304124,0.024748540398560392,-15.995614004602203,-13.0,-10.0,-5.832358674463933,-3.0
2021,1156,1222,0,Tournament,-0.15384615384615385,-4.84615384615384,12.269230769230774,-17.115384615384613,-0.0006219139132354057,0.029927725270055022,-0.09558882442688854,-0.027934066807141084,-89.76216787477574,144.0,163.0,140.43469785575047,13.0
2021,1180,1228,0,Tournament,-0.16152450090744108,-9.940108892921955,-2.3992740471869354,-7.54083484573502,-0.010239694612840466,0.008417040799295616,-0.024223877348873768,-0.03229728907002369,-122.80977670150287,142.0,136.0,139.24366471734893,15.0
2021,1210,1260,0,Tournament,-0.1661538461538461,4.981538461538463,14.153846153846153,-9.17230769230769,-0.005202687687429597,-0.04106157771387922,-0.04874511720161409,-0.010801539184826098,-23.70073543741296,23.0,-4.0,10.77972709551657,1.0
2021,1317,1345,1,Tournament,-0.026666666666666616,-2.9111111111111114,-5.736296296296288,2.825185185185177,0.01898382555941458,0.015403628512042689,-0.05582378554294681,-0.012155734236745791,7.6229524871241665,58.0,68.0,52.54191033138402,9.0
2021,1251,1329,0,Tournament,0.07738095238095233,-3.863095238095241,-10.684523809523803,6.8214285714285605,0.015780352830068733,-0.042599159989813395,-0.10163321959813099,-0.06613775930947641,-26.198974133103548,67.0,83.0,72.74074074074076,9.0
2021,1326,1331,0,Tournament,0.13478260869565217,-2.0579710144927645,-6.598550724637676,4.540579710144911,-0.014540737526348435,-0.010822112239223802,0.0571911112947866,0.039140317050543605,71.08750074531577,-144.0,-145.0,-150.59064327485382,-13.0
2021,1333,1397,1,Tournament,-0.1208791208791209,-3.392857142857139,6.0192307692307665,-9.412087912087905,0.0020557145194973203,-0.012444103823450292,-0.00837698485585131,0.002518193039021177,39.65960354850699,64.0,65.0,55.7037037037037,7.0
2021,1155,1353,0,Tournament,0.11872909698996659,-4.657190635451514,-6.230769230769226,1.5735785953177124,0.001536761269450737,0.030540423889063,-0.004123222845785507,0.0037868675740642954,28.413739662331864,8.0,5.0,-4.624915824915824,-3.0
2021,1361,1393,0,Tournament,0.20615384615384613,-2.109230769230777,-9.412307692307692,7.303076923076915,-0.0006917324551342086,0.019892797365167414,-0.04054141418778101,-0.01046712544041048,101.90597986704347,-21.0,-13.0,-30.868421052631582,-5.0
2021,1403,1429,1,Tournament,-0.07407407407407407,0.3703703703703667,1.2222222222222214,-0.8518518518518565,0.009061816799815325,-0.03012059932584671,-0.027668106872442866,0.05646454713552451,-55.177287180410985,-17.0,-28.0,-17.751461988304094,-5.0
2021,1437,1457,1,Tournament,-0.23106060606060608,-3.9962121212121247,0.34469696969696884,-4.3409090909090935,0.059554650086668326,-0.009084074367829098,-0.1537322666589777,0.038116339190437803,-78.59209237066102,-79.0,-76.0,-48.29044834307993,-7.0
2021,1287,1452,0,Tournament,0.08333333333333337,-9.18915343915343,-8.111111111111114,-1.078042328042315,0.019269659893199453,0.07326661439814541,-0.054813501957704236,-0.06087439557131419,66.03011530269282,100.0,132.0,94.94054580896689,11.0
2021,1314,1458,0,Tournament,0.05665024630541882,6.057881773399018,5.082512315270932,0.9753694581280854,-0.012827149352757583,0.052965061581614306,0.18141200005508587,0.027301611991568997,52.06040733686382,18.0,7.0,2.5989898989898954,-1.0
2021,1101,1400,1,Tournament,0.09531772575250841,1.073578595317727,-7.068561872909697,8.142140468227424,-0.019256217909607187,-0.001417605614630696,-0.036261665832512335,-0.020402065389567098,-25.266376927830834,60.0,80.0,67.04093567251462,11.0
2021,1104,1233,1,Tournament,0.09411764705882353,7.331372549019605,3.8254901960784338,3.5058823529411693,-0.025144858264605052,-0.026407105960173316,-0.03722108034626381,-0.050116122063990826,90.7987941921981,-170.0,-154.0,-138.08479532163744,-13.0
2021,1160,1207,1,Tournament,0.21333333333333326,1.673333333333332,-7.413333333333341,9.086666666666673,0.009009731457153225,-0.03968775308400918,-0.0121029805576634,0.0015066707003002222,25.702430601171272,-38.0,-39.0,-42.5436507936508,-7.0
2021,1166,1364,1,Tournament,-0.11904761904761907,3.047619047619037,4.702380952380956,-1.6547619047619193,0.042414598680747706,-0.010165171092646391,-0.03816796359441718,-0.10540303622778308,-36.861405107927794,-50.0,-80.0,-43.54385964912281,-7.0
2021,1199,1422,1,Tournament,0.0031347962382445305,5.288401253918494,2.869905956112845,2.4184952978056486,0.07312453815137765,0.0474221760704098,0.028477030855006857,0.08075114405068201,-24.7214779135345,-85.0,-74.0,-71.20662768031187,-9.0
2021,1211,1313,1,Tournament,0.33333333333333337,16.97252747252746,-1.4560439560439562,18.42857142857143,0.12720446283034126,-0.007381088885911907,0.028356310049875405,0.0054374262640077275,159.2649403555513,-196.0,-210.0,-188.72417153996102,-15.0
2021,1213,1234,0,Tournament,-0.024137931034482807,-12.508620689655174,-10.28103448275862,-2.2275862068965555,-0.0026840147342882537,0.06468284255789442,-0.007958707783903785,-0.004333831029019297,-64.52580787080842,103.0,122.0,103.20175438596493,13.0
2021,1186,1242,0,Tournament,-0.021885521885521952,5.436026936026934,3.8602693602693563,1.575757575757577,0.03082629985687041,-0.005179088076246285,-0.06933947817975228,0.00747831347991762,-38.44495784246533,88.0,100.0,90.90253411306045,11.0
2021,1261,1382,1,Tournament,-0.13333333333333341,11.611111111111114,14.983333333333327,-3.3722222222222147,0.04091711637955403,-0.0214551998881167,-0.018544396401085406,0.046396543847410626,-13.813904812516512,4.0,-12.0,-1.0,-1.0
2021,1163,1268,0,Tournament,0.14610389610389607,4.866883116883116,-0.577922077922068,5.444805194805183,-0.04586269044159219,-0.011798563132464301,0.1517539599464466,-0.002671885232056803,28.852789031282555,-15.0,-9.0,-15.962962962962962,-3.0
2021,1276,1411,1,Tournament,0.1811594202898551,2.684782608695656,-4.7119565217391255,7.396739130434781,0.012620944367054021,-0.0460507763377109,-0.04922343997225259,-0.04451135034530124,42.155399579694404,-222.0,-208.0,-187.94931773879142,-15.0
2021,1325,1438,1,Tournament,-0.06818181818181823,11.73863636363636,12.859848484848477,-1.1212121212121176,0.0025702970128788083,0.0007058558644932045,0.0579028437529408,0.015938906397101604,-7.998989089659062,67.0,94.0,67.0438596491228,9.0
2021,1281,1328,0,Tournament,0.040000000000000036,-1.1200000000000045,2.680000000000007,-3.8000000000000114,0.0017943008544983874,0.0307133605339307,0.010053386612002668,0.04126123182416369,18.37128119195313,12.0,12.0,0.6388888888888857,1.0
2021,1140,1417,0,Tournament,0.10615384615384615,4.713846153846163,0.3400000000000034,4.373846153846159,0.015973667599304076,0.016550211709328078,-0.022764330548348588,-0.040944162534276296,78.69893280784572,-20.0,-19.0,-24.529966329966335,-5.0
2021,1179,1425,0,Tournament,0.09323116219667948,1.4636015325670542,-0.06641123882502598,1.5300127713920801,0.0016396327649549347,-0.0225227642989147,-0.05618148486429919,-0.03589027066702788,-3.4516170239930943,39.0,43.0,37.61177248677248,5.0
2021,1116,1403,1,Tournament,0.15608465608465605,9.3558201058201,7.271164021164026,2.0846560846560767,-0.0014469020339361038,0.0203196591561422,-0.021987471915354106,-0.050834423330593514,77.87961894878117,-5.0,-7.0,-11.578947368421053,-3.0
2021,1124,1458,1,Tournament,0.33045977011494254,14.754310344827587,2.106321839080465,12.647988505747122,0.010619648637211931,0.002749767701539091,0.13870417195801046,-0.04458798185894591,133.87720198915576,-6.0,-11.0,-25.020467836257314,-8.0
2021,1222,1353,1,Tournament,0.3076923076923077,6.34615384615384,-9.92307692307692,16.26923076923076,-0.010876319910865573,-0.006597674466288422,0.11946693096286432,0.06687537950723699,134.4112991009929,-28.0,-24.0,-37.212475633528264,-8.0
2021,1228,1260,0,Tournament,-0.053050397877984046,10.875331564986737,13.395225464190979,-2.5198938992042414,0.011360614104759748,-0.02882127611689342,0.04594744262663708,0.03985988533703769,31.29301311145855,-6.0,-34.0,-19.982456140350877,-7.0
2021,1196,1331,0,Tournament,0.0434782608695653,-5.434782608695656,-7.739130434782609,2.3043478260869534,-0.016419790555115,0.038468952934279904,0.0790336697006418,0.0257853156381343,0.21775083595457545,-114.0,-116.0,-120.37037037037038,-8.0
2021,1329,1333,0,Tournament,0.1428571428571429,7.964285714285708,3.642857142857139,4.321428571428569,0.03659719300162706,0.0336885479308868,0.007576508297984896,0.004241973051477832,30.521826485379506,-55.0,-56.0,-55.0,-8.0
2021,1393,1452,1,Tournament,-0.026666666666666616,-1.456296296296287,-1.3911111111111154,-0.06518518518517169,0.011517924693154713,-0.008335844416998306,-0.0614077959047154,-0.0683897852324056,0.4633973023112503,14.0,15.0,26.570175438596497,8.0
2021,1317,1437,0,Tournament,-0.08727272727272728,-7.345454545454544,-6.576363636363638,-0.7690909090909059,0.02163597767906905,0.06242024006383319,0.0016614162021154066,-0.02209178798183728,30.26353265276839,59.0,73.0,56.0682261208577,8.0
2021,1104,1268,1,Tournament,0.26428571428571435,11.888095238095232,4.5523809523809575,7.335714285714273,-0.045144197865511104,0.016196248107679695,0.07450467280890291,-0.020939381776234,113.85903409718435,-23.0,-23.0,-35.82553606237816,-8.0
2021,1166,1325,1,Tournament,0.032467532467532534,-3.3993506493506516,-5.032467532467521,1.6331168831168696,-0.0016480489118881891,8.173220579299478e-05,-0.0575294530514828,-0.02939192322953671,-8.068388681537954,-59.0,-88.0,-62.710526315789465,-8.0
2021,1160,1199,0,Tournament,0.006060606060605989,-5.875757575757575,-7.051515151515147,1.1757575757575722,-0.02696600369091573,-0.03899620141333898,-0.06346434340287999,-0.0036213784997720933,37.89648331924354,2.0,12.0,0.6259398496240571,1.0
2021,1211,1328,1,Tournament,0.4,17.355384615384594,-0.12461538461538169,17.47999999999999,0.11009674234785771,0.007881696497040708,0.016636341745423888,0.05392699972735071,174.82516188372983,-38.0,-38.0,-39.71491228070175,-7.0
2021,1261,1276,0,Tournament,-0.16666666666666674,5.861111111111114,9.958333333333329,-4.097222222222214,0.017531332720502057,-0.006209670681201512,0.04075153652466318,0.016981740386410538,-29.653986977649765,27.0,24.0,21.74561403508772,7.0
2021,1234,1332,0,Tournament,-0.04509283819628651,9.374005305039788,4.507957559681699,4.866047745358088,-0.0027859936286535048,-0.0313742703840349,0.02106264058895979,0.0283693705647301,-2.1407224470858637,-31.0,-26.0,-20.30294486215539,-5.0
2021,1101,1417,0,Tournament,0.17224080267558528,3.458193979933114,-6.760869565217391,10.219063545150505,-0.008047038265432294,0.024497463417857496,-0.021665774053619302,-0.0278530862616988,56.05889756539318,42.0,54.0,38.96296296296296,3.0
2021,1242,1425,0,Tournament,-0.054916985951468655,-2.2401021711366553,1.0817369093231264,-3.3218390804597817,-0.0035489599673312333,0.0028091089642816036,-0.03875866428600261,-0.011807501273755294,12.676703139744632,8.0,-17.0,-0.2722431077694232,-3.0
2021,1116,1331,1,Tournament,0.22049689440993792,3.0015527950310457,-6.8866459627329135,9.88819875776396,-0.04481886558765452,0.016020567686755693,0.08137336489063429,-0.005391384854532888,96.07911070572004,-133.0,-137.0,-148.2748538011696,-12.0
2021,1124,1437,1,Tournament,0.18939393939393934,8.829545454545453,-0.7196969696969688,9.549242424242422,0.0008143489232090295,0.008179692970739894,0.08753908671191069,-0.0675766765948598,101.35426453917466,-8.0,-9.0,-15.859649122807017,-4.0
2021,1222,1393,1,Tournament,0.24461538461538457,0.4676923076923032,-12.412307692307692,12.879999999999995,-0.013989935442521084,-0.0019730759783471996,0.09608151292216222,0.0236647677782722,93.92668244060792,-35.0,-28.0,-41.67543859649123,-9.0
2021,1260,1333,0,Tournament,0.27472527472527475,1.4313186813186718,-13.403846153846153,14.835164835164825,0.047073164250237165,0.03180149762923501,-0.0324544036277723,-0.040245306404350284,46.57091025171917,-76.0,-45.0,-53.29824561403509,-4.0
2021,1166,1211,0,Tournament,-0.2857142857142857,-15.15109890109889,-0.8296703296703214,-14.321428571428584,-0.06905381753677486,-0.003850098961719395,-0.06589220703982959,-0.0953226341148442,-120.04446665026535,18.0,13.0,21.087719298245613,4.0
2021,1199,1276,0,Tournament,-0.10606060606060608,2.6590909090909065,4.943181818181813,-2.2840909090909065,0.03614955176592177,0.04806955217910969,0.09363543434956628,0.003903895968848714,-53.23828847622758,13.0,8.0,14.298245614035089,3.0
2021,1104,1417,0,Tournament,0.1461538461538462,6.720512820512823,1.2666666666666657,5.453846153846156,-0.03455605572824799,0.022195358358266082,-0.018495595781704788,-0.026564674928710008,122.53161202741649,-36.0,-35.0,-38.28849902534114,-9.0
2021,1332,1425,0,Tournament,0.010610079575596898,-0.37400530503978757,2.3196286472148557,-2.6936339522546433,0.023926618960480983,-0.006009716633359002,-0.045739339300597315,-0.033151527521395385,15.752466595149826,22.0,4.0,11.75,1.0
2021,1116,1124,0,Tournament,-0.13095238095238093,-1.9821428571428612,4.261904761904759,-6.24404761904762,-0.011771571734540631,0.03760120022464429,-0.05571638065800727,0.06475757634592771,-27.46456861035722,14.0,13.0,9.912280701754387,2.0
2021,1222,1333,1,Tournament,0.3131868131868132,7.200549450549445,-10.942307692307693,18.14285714285714,0.00045844275510470434,-0.01695073541235731,0.08409632533875733,-0.01439653260806159,68.73006520962394,-79.0,-76.0,-71.84210526315789,-10.0
2021,1211,1425,1,Tournament,0.24137931034482762,17.356763925729425,4.011936339522549,13.34482758620689,0.11063161977974334,-0.007967507333331597,-0.04313184501748479,0.03940368647098652,106.18147119459422,-13.0,-26.0,-15.482769423558898,-5.0
2021,1276,1417,0,Tournament,0.17948717948717952,3.4038461538461604,-3.125,6.52884615384616,-0.01664117915215141,-0.010904679756502611,-0.03341156414321189,-0.0011354567070271104,91.31443740840427,-42.0,-40.0,-40.39376218323587,-10.0
2021,1124,1222,1,Tournament,0.03205128205128205,8.067307692307693,8.108974358974365,-0.041666666666671404,0.016239323480638834,-0.010739680342569294,-0.023189019966673552,-0.0817583842052553,-7.078125835284482,-2.0,-4.0,-2.1228070175438596,-1.0
2021,1211,1417,1,Tournament,0.34615384615384615,19.26923076923076,0.6153846153846132,18.65384615384616,0.09645562335289737,-0.004519460191438618,-0.010945546356357083,0.03467518250040111,168.6359189643049,-43.0,-43.0,-44.113060428849906,-10.0
2021,1124,1211,1,Tournament,-0.08333333333333337,-7.740384615384599,-2.698717948717942,-5.041666666666671,-0.11029728427637864,-0.0226166083507892,0.07262979594574337,-0.11206793144684352,-46.384423153881926,3.0,1.0,2.0,0.0
2022,1231,1461,1,Tournament,-0.14393939393939392,-0.3901515151515156,0.25189393939393767,-0.6420454545454533,-0.0012948165257921085,-0.0014590458124356942,0.0257682335706218,-0.011519231484336395,-28.678693522148706,-26.0,-54.0,-15.825396825396822,0.0
2022,1394,1411,0,Tournament,0.033333333333333326,4.533333333333331,5.566666666666663,-1.0333333333333314,-0.0055253012401274,-0.011684727679793505,0.0012902174126180888,0.0633907021330643,-16.110379466260838,64.0,46.0,32.269841269841294,0.0
2022,1323,1353,1,Tournament,0.09677419354838701,4.032258064516128,1.1290322580645125,2.9032258064516157,0.03288086136055707,-0.009432635754864999,-0.0853808314034315,0.025219469150284085,4.111393616738951,-23.0,-3.0,-16.873015873015866,0.0
2022,1136,1460,0,Tournament,0.09393939393939388,1.2818181818181813,1.760606060606051,-0.47878787878786966,-0.028970844193519696,0.005287701518158522,0.012966291142241293,-0.015871559943291508,27.899744570383064,3.0,23.0,1.904761904761898,0.0
2022,1116,1436,1,Tournament,-0.08617424242424243,2.1893939393939377,7.857954545454547,-5.668560606060609,-0.047699048767684826,0.021449720852343285,0.08240625767102189,0.09913739526717,18.229994748805893,-38.0,-67.0,-44.34992784992785,-9.0
2022,1124,1313,1,Tournament,0.03472222222222221,3.6111111111111143,-2.337962962962962,5.949074074074076,0.01820894076427393,-0.018666251336936307,0.054352824388547716,-0.05149922788473171,98.36573755107588,-163.0,-194.0,-162.64718614718615,-15.0
2022,1166,1361,1,Tournament,-0.07526881720430112,3.739980449657864,8.261974584555226,-4.521994134897362,0.024687063973409307,0.012528634952446993,-0.0037803663681061916,-0.0036386669251309844,-17.11470299079474,30.0,14.0,17.42857142857143,1.0
2022,1209,1211,0,Tournament,-0.29655172413793107,-19.507586206896562,1.8951724137931052,-21.402758620689667,-0.1065070898079622,-0.0157560928491752,0.04437813719202349,0.030802964493006596,-106.36353344745908,151.0,141.0,145.23448773448774,15.0
2022,1242,1411,1,Tournament,0.22352941176470587,9.354901960784318,2.647058823529406,6.707843137254912,0.04953939632693599,-0.031660303233735615,-0.03091083742286621,0.01245834425708589,153.98997310182153,-178.0,-211.0,-196.64574314574315,-15.0
2022,1129,1272,0,Tournament,0.11045943304007821,-7.298142717497555,-7.508308895405669,0.2101661779081212,-0.024263443870596868,-0.0518536158822262,-0.06795589063987734,-0.04418410479502677,38.9300080490716,1.0,12.0,-0.4185592185592206,-1.0
2022,1161,1276,0,Tournament,0.2791991101223582,0.2091212458286975,-4.008898776418249,4.218020022246947,-0.009368089487017839,-0.003957324685347208,-0.08048842485783131,0.025253922386242994,74.55834661043218,2.0,13.0,-7.6197691197691135,-5.0
2022,1293,1362,1,Tournament,0.21228448275862077,0.3103448275862064,-4.377155172413794,4.6875,-0.033477807509385116,0.010950045281305915,0.019013287649130683,0.02941829014118369,87.47924579451842,6.0,35.0,5.6046176046176015,-3.0
2022,1163,1308,0,Tournament,-0.0743534482758621,3.635775862068968,-0.1885775862068897,3.8243534482758577,-0.02364915954822966,-0.028062667638760475,0.042687339498461485,-0.04525131792734552,4.849958468882733,-64.0,-73.0,-51.862193362193366,-7.0
2022,1266,1314,0,Tournament,-0.11436950146627567,-3.128054740957964,-0.8563049853372462,-2.271749755620718,0.015637550684957535,0.008691280284373298,-0.07445792345568261,-0.024154097307657996,-63.373756599972694,16.0,24.0,16.833699633699634,1.0
2022,1344,1355,1,Tournament,-0.04166666666666663,-13.731250000000003,-7.5625,-6.168750000000003,-0.08386604284672966,0.006214773202595475,0.07476053228061919,0.02304119143654712,-14.503723006256678,-21.0,-40.0,-29.609668109668107,-9.0
2022,1234,1350,0,Tournament,0.08571428571428574,12.057142857142864,3.0,9.057142857142864,-0.001299061581408134,-0.015686595256896405,0.0833199096576003,-0.0002906821734746934,38.06068339036892,-70.0,-63.0,-58.44805194805194,-7.0
2022,1231,1388,0,Tournament,-0.16813294232649068,1.9364613880742922,4.745845552297162,-2.8093841642228696,0.0077345366153038775,-0.007196761155147696,0.006510329110839985,0.05389279129158159,-76.86012326646937,18.0,8.0,21.438672438672445,7.0
2022,1246,1389,0,Tournament,0.16718913270637403,13.282131661442008,3.7586206896551744,9.523510971786832,0.026650114879034792,-0.0410882583190971,0.05962788274117492,-0.06351563110275313,77.33125585585299,-115.0,-133.0,-121.7005772005772,-13.0
2022,1255,1397,0,Tournament,-0.0021645021645021467,0.5324675324675212,3.778138528138534,-3.245670995671013,0.0217111200674332,-0.0041778334750562085,0.0051660186956150045,0.052897784240079404,-102.78390377112692,132.0,158.0,128.24819624819625,11.0
2022,1103,1417,0,Tournament,-0.07157258064516125,-7.084677419354833,-0.6512096774193594,-6.433467741935473,0.035575056908706104,0.04233959917173989,-0.016974715234320703,0.04289276294092709,-43.58881380004732,123.0,122.0,107.0981240981241,9.0
2022,1112,1460,1,Tournament,0.30570409982174673,9.407308377896612,-4.076648841354725,13.483957219251337,-0.003268831925221649,0.013959770376886421,0.03199189286052917,0.00035663993292189833,149.24180440777786,-177.0,-177.0,-170.26406926406926,-15.0
2022,1120,1240,1,Tournament,0.18857758620689657,7.71875,0.4105603448275872,7.308189655172413,-0.04879248530617897,-0.02483910875848211,0.04068551765735062,0.03288264625157361,102.76512169464104,-136.0,-137.0,-137.31168831168833,-13.0
2022,1168,1181,0,Tournament,-0.16835699797160242,-11.279918864097354,-1.147058823529406,-10.132860040567948,-0.05027270111804871,0.015493573206091488,-0.0068049847038546,0.04368458820648058,-80.50227609092349,137.0,148.0,137.92568542568543,13.0
2022,1222,1412,1,Tournament,0.0716911764705882,-3.61397058823529,-8.742647058823529,5.128676470588239,0.03593454604370733,0.0230016003578008,0.04307914008456909,-0.041609542909094605,39.291412230276364,-43.0,-48.0,-40.547619047619044,-7.0
2022,1151,1228,0,Tournament,0.07157258064516125,-2.680443548387103,-1.8639112903225765,-0.8165322580645267,0.004228258444232136,0.005516817325636414,-0.011673686465402788,-0.0032999325120076917,-1.5547893270531858,54.0,70.0,54.48845598845598,9.0
2022,1235,1261,1,Tournament,-0.04166666666666663,-6.652462121212125,-0.5454545454545467,-6.107007575757578,0.004213537804856671,0.004008030467423179,-0.06174041469773359,-0.0639574880776575,-17.153351322574736,26.0,41.0,28.55555555555555,5.0
2022,1274,1425,1,Tournament,-0.09090909090909083,2.242424242424235,5.121212121212125,-2.8787878787878896,0.031718369467647944,-0.0205351059413299,-0.0849742309478557,-0.0015361244228377924,-21.90993412119542,18.0,34.0,18.856421356421357,3.0
2022,1172,1277,0,Tournament,0.1654411764705882,2.536764705882348,-2.628676470588232,5.16544117647058,0.015386108225625583,-0.034849323879833,-0.07507494294518952,0.050006092441784084,36.38108989684997,1.0,28.0,8.76190476190476,3.0
2022,1104,1323,0,Tournament,-0.08366935483870963,8.033266129032256,9.470766129032256,-1.4375,-0.01723639120222431,0.0288464481479635,0.14197595441315958,0.034479809536734296,-32.34106583068069,-26.0,-31.0,-25.238095238095244,-5.0
2022,1260,1326,0,Tournament,0.14086021505376345,-0.4451612903225737,-6.337634408602149,5.892473118279575,0.010339969277398109,0.020370812819695494,-0.03511052894365821,-0.03236359190734778,74.61450773429738,-7.0,14.0,0.9652777777777786,3.0
2022,1345,1463,1,Tournament,0.17342799188640967,8.001014198782968,-0.9939148073022324,8.9949290060852,0.048902227334438386,-0.005965762430446303,0.0913653524686186,0.003818042192842097,77.34916063568835,-133.0,-127.0,-126.95021645021646,-11.0
2022,1371,1395,0,Tournament,0.04166666666666663,3.472916666666663,1.2999999999999972,2.1729166666666657,-0.019414714745736417,-0.03218028737160131,-0.03164082021507858,0.0283858301794499,21.460975425190327,3.0,-12.0,-7.077628968253968,-1.0
2022,1400,1439,1,Tournament,-0.0008928571428571397,-2.3991071428571473,-2.6607142857142847,0.2616071428571374,-0.04583118149308235,0.0036144101427777187,0.0365038703157346,0.06785899321512731,-60.393229968502965,-7.0,-10.0,-12.061538461538458,-5.0
2022,1286,1403,0,Tournament,0.045955882352941124,3.669117647058826,8.520220588235297,-4.851102941176473,0.025514432837890677,-0.013388869458529296,-0.03261331940987827,0.06861336808954249,-17.020022977587814,116.0,127.0,103.85930735930737,11.0
2022,1174,1437,0,Tournament,-0.1515151515151515,0.5151515151515156,7.242424242424235,-6.727272727272721,0.03614047993925473,0.03834776876101481,-0.0153782205662496,0.031179674575998795,-130.46001803728495,134.0,138.0,122.82467532467533,13.0
2022,1159,1458,0,Tournament,-0.10752688172043012,4.714565004887589,1.087976539589448,3.6265884652981413,0.08124971524711977,0.036060324748822314,0.015389529509751088,-0.04177994150053349,-23.561912189152736,86.0,113.0,110.42496392496392,11.0
2022,1116,1308,1,Tournament,-0.03552769070010453,5.387669801462906,3.200626959247657,2.1870428422152486,-0.02406244943836755,-0.008468953708551996,-0.03978402742958542,0.027911784457866795,27.334287412823414,-62.0,-72.0,-52.61976911976912,-8.0
2022,1211,1272,1,Tournament,0.21913236929922142,12.408231368186875,-3.042269187986662,15.450500556173537,0.04054008167728729,-0.0374324626835042,-0.0968717226581523,-0.06927292449161399,52.602015135946885,-27.0,-25.0,-30.012265512265515,-8.0
2022,1166,1242,0,Tournament,-0.1568627450980392,-9.557932263814621,-2.2076648841354682,-7.350267379679153,-0.03433876257925811,0.03192651641633751,-0.040391977792488654,-0.04778496783988698,-65.61809043439007,47.0,42.0,41.13780663780664,8.0
2022,1276,1397,1,Tournament,-0.23949169110459434,-0.14956011730205887,7.11339198435973,-7.262952101661789,0.051599192104937186,-0.008978557286310807,-0.006549890841841877,0.00573879123667731,-132.09483382997655,25.0,17.0,32.422799422799415,8.0
2022,1124,1314,0,Tournament,0.08522727272727271,-1.0151515151515156,-8.102272727272734,7.087121212121218,-0.0038074820615756066,0.003925322571300988,0.058221295923857386,-0.02300470068463112,34.69889487588193,-25.0,-21.0,-24.67062937062937,-7.0
2022,1344,1350,1,Tournament,0.17619047619047623,0.08571428571428896,-1.2857142857142918,1.3714285714285808,-0.03631802660390587,0.013995003709711781,0.09060363112184808,0.04674735856886841,19.200076158322645,-35.0,-41.0,-44.38744588744588,-8.0
2022,1293,1389,0,Tournament,0.31034482758620696,10.137931034482762,0.06896551724138078,10.06896551724138,0.0029804437827460895,-0.012027109313733908,0.014761470849510405,-0.03594356703932683,92.47878918331412,-91.0,-71.0,-94.10966810966812,-8.0
2022,1388,1417,0,Tournament,-0.007056451612903247,-6.826612903225808,-3.618951612903224,-3.2076612903225836,0.02716445068505513,0.0468224520497184,-0.0463547334409104,-0.04362655762453538,0.4977846309116103,9.0,11.0,9.484848484848484,1.0
2022,1112,1395,1,Tournament,0.2867647058823528,16.465073529411768,2.529411764705884,13.935661764705884,0.019362417681924926,-0.006361738186641486,-0.01931569997232052,0.03943963809491882,133.8068572470736,-36.0,-42.0,-41.75613275613276,-8.0
2022,1181,1277,1,Tournament,0.17647058823529405,8.088235294117638,-1.294117647058826,9.382352941176464,0.026229874026086786,-0.026046805721986283,8.142334633409742e-05,0.0031128385526210944,58.69654515143816,-27.0,-16.0,-20.95743145743146,-5.0
2022,1222,1228,1,Tournament,0.14326375711574946,0.04933586337760687,-8.762808349146106,8.812144212523712,0.02184444381830819,0.015840268296574422,0.04261599197990612,-0.03171637077217809,50.201517431594084,-12.0,-10.0,-10.42424242424243,1.0
2022,1235,1458,1,Tournament,-0.14919354838709675,-4.240927419354833,-3.548387096774192,-0.6925403225806406,0.018690106329169287,0.0651869152677112,0.019635542037341303,-0.03822161376304528,-77.09952123902781,12.0,40.0,27.17099567099567,8.0
2022,1120,1274,0,Tournament,0.14678030303030298,3.900568181818187,-3.999053030303031,7.899621212121218,-0.05603277614041846,0.017875751704193615,0.10558384903559001,0.0336401374560604,46.545810211478056,-50.0,-52.0,-45.96248196248196,-8.0
2022,1345,1400,1,Tournament,0.13786764705882348,11.450367647058826,9.139705882352942,2.310661764705884,0.04973140145422289,0.005785526633835081,0.025407304987124513,-0.0034832498984790072,56.828215934021046,-1.0,-10.0,-11.024941724941728,-3.0
2022,1323,1403,0,Tournament,-0.057874762808349245,0.2296015180265698,6.611954459203041,-6.382352941176473,0.020928047773028924,-0.042600131614325604,-0.09667154750043228,-0.0176886470162268,-48.270300799704046,42.0,40.0,40.73232323232324,8.0
2022,1326,1437,0,Tournament,-0.15454545454545454,1.163636363636357,5.375757575757575,-4.21212121212122,0.03828220028772222,0.020139688800137417,0.00019727707325079002,0.022953921248686893,-154.6622715339504,20.0,13.0,24.49431818181818,5.0
2022,1116,1211,1,Tournament,-0.13897596656217348,-10.888192267502617,3.200626959247657,-14.088819226750275,-0.07201841302822987,0.0018504495818632005,0.01915782829638918,0.09452026651610851,-39.674436249662904,19.0,16.0,17.090909090909093,3.0
2022,1181,1403,1,Tournament,0.08823529411764697,8.470588235294116,6.823529411764703,1.6470588235294112,0.03209602766628916,-0.03966639736549929,-0.011360005433433462,-0.00958443103965989,14.368048193057348,3.0,-3.0,-0.9393939393939412,-1.0
2022,1112,1222,0,Tournament,0.05882352941176461,8.735294117647058,8.647058823529413,0.08823529411764497,-0.027648019374563626,0.0110295507592868,-0.025602275265467822,0.061827409163345615,36.681882001480744,-2.0,-3.0,-5.621212121212121,-4.0
2022,1276,1437,0,Tournament,-0.23949169110459434,0.3958944281524879,6.780058651026394,-6.384164222873908,0.02208760055827408,0.01999770431213621,0.020230577896688695,-0.011092393182159987,-123.26571997772658,21.0,15.0,29.983405483405477,9.0
2022,1242,1344,1,Tournament,-0.009803921568627527,6.788235294117655,1.147058823529406,5.641176470588249,0.056766771758969325,0.007269995136820112,-0.0028240284512137115,-0.03243509003218273,42.893071154881454,-42.0,-32.0,-24.909090909090914,-3.0
2022,1235,1274,0,Tournament,-0.07196969696969702,-8.349431818181813,-8.030303030303031,-0.31912878787878185,-0.04567866335681986,0.049887057209544006,0.04515548964805072,-0.02261515797285349,-41.289610236449334,-15.0,-4.0,-2.746031746031747,1.0
2022,1314,1417,1,Tournament,-0.05397727272727271,1.1401515151515156,6.914772727272734,-5.774621212121218,0.031934221547366026,0.03751978174676411,-0.024468823575765797,0.00448391649121932,-21.066070898212274,22.0,15.0,19.867599067599066,4.0
2022,1345,1389,0,Tournament,0.17342799188640967,13.621703853955381,6.523326572008116,7.098377281947265,0.06811822344836971,-0.016077558119064222,0.03359949733294021,-0.01431241905046321,60.78265895605,-104.0,-131.0,-117.12481962481962,-12.0
2022,1116,1181,0,Tournament,-0.06595365418894827,-3.2370766488413523,1.3983957219251408,-4.635472370766493,-0.0577472074412807,0.017951910364498586,-0.0034691461042333227,0.0592105389633803,2.593731616878131,8.0,6.0,7.242424242424244,2.0
2022,1222,1437,0,Tournament,0.06506238859180036,3.18716577540107,-4.2085561497326225,7.3957219251336905,0.03502005068582492,0.03253165857477902,0.0797579060133824,-0.0499651192192013,-26.041645838657132,-7.0,-4.0,-1.4848484848484853,3.0
2022,1242,1274,1,Tournament,0.12655971479500883,3.770053475935839,-2.8832442067736253,6.653297682709464,-0.0055835549622378355,0.01831056249239421,0.09463658266316818,0.02707865348850569,95.78355467577194,-54.0,-61.0,-49.28066378066378,-9.0
2022,1314,1389,1,Tournament,0.10658307210031348,11.34273772204807,9.485893416927908,1.8568443051201626,0.028744997517848314,-0.027999676242943,-0.02086515575682557,-0.02738399870568531,43.07518251510737,-88.0,-114.0,-98.48449328449328,-7.0
2022,1242,1437,1,Tournament,0.035650623885918,5.951871657754012,5.056149732620312,0.8957219251336976,0.027296644671884973,0.01854366526814691,0.028833067734801265,0.0028801868642253925,-11.773905586249384,-5.0,-6.0,-5.09090909090909,-1.0
2022,1181,1314,0,Tournament,0.09625668449197855,2.6613190730837744,-4.580213903743328,7.241532976827102,0.03604970983007749,-0.0064148591479744055,0.013991960300991202,-0.0032410617699487054,23.551996605876184,-18.0,-14.0,-18.82214452214452,-6.0
2022,1242,1314,1,Tournament,0.09625668449197855,1.0730837789661365,-3.580213903743328,4.653297682709464,0.023744847046093587,-0.00010013259380531325,0.03096127929028286,0.00958345865286378,63.131897901707816,-24.0,-22.0,-26.03426573426573,-7.0
2023,1280,1338,0,Tournament,-0.030303030303030276,-10.212121212121218,-9.484848484848484,-0.7272727272727337,-0.06345482060585794,0.014807055872959607,0.07819468856578243,-0.028771093643290307,6.005742605637806,-28.0,-6.0,-15.446153846153848,0.0
2023,1369,1394,0,Tournament,-0.1400208986415883,-1.063740856844305,4.765935214211083,-5.829676071055388,0.004633716118028874,-0.002617471263362481,-0.07426059551654257,0.01702661313836401,-48.53169075154892,87.0,57.0,60.15625,0.0
2023,1113,1305,1,Tournament,-0.030360531309297834,-1.4829222011385212,0.4155597722960067,-1.898481973434528,-0.02848399348186842,0.00772297681172629,0.06613696358438592,-0.09835147809159298,4.688084018222526,25.0,-18.0,9.307692307692307,0.0
2023,1192,1411,1,Tournament,0.15625,8.34375,3.0625,5.28125,0.047006352748570346,-0.032811038113632285,0.009212656874415026,-0.030615454110938578,-1.7324138850508461,27.0,24.0,8.1875,0.0
2023,1104,1394,1,Tournament,0.19776876267748478,3.900608519269767,-4.431034482758619,8.331643002028386,0.00708452689699024,0.027868437808698715,0.006798947960614199,0.01306764500341373,136.93421416979254,-167.0,-198.0,-181.2840073529412,-15.0
2023,1116,1228,1,Tournament,-0.018939393939393923,-0.2320075757575779,0.4251893939393909,-0.6571969696969688,0.0016732402061598872,0.0052402375818485225,-0.025200244288014317,0.044909744387611694,15.136829881550057,-13.0,-4.0,-12.169230769230776,-1.0
2023,1120,1234,1,Tournament,0.03125,-7.5,-7.34375,-0.15625,-0.021456850011453088,0.030972756318837683,0.01001169853706052,0.020106468528686416,1.2191748501911661,-8.0,-5.0,-14.49230769230769,1.0
2023,1181,1331,1,Tournament,-0.10196078431372557,-9.937254901960785,-5.992156862745105,-3.9450980392156794,-0.024583021157213225,0.03557687723094108,0.11964652512172438,0.048465406159558216,26.477519599109655,-35.0,-61.0,-35.57488687782805,-7.0
2023,1202,1438,1,Tournament,-0.007056451612903247,12.574596774193552,11.137096774193552,1.4375,0.061474794428451385,0.023639959295904414,0.03146251602190331,0.003487142752094191,-19.51348595423906,55.0,51.0,64.34007352941177,9.0
2023,1222,1297,1,Tournament,0.2867647058823528,7.841911764705884,-8.21875,16.060661764705884,-0.02505221038453992,-0.025770796756623693,0.059797544484962994,0.02689178460981198,123.51255949369556,-160.0,-156.0,-149.59375,-15.0
2023,1224,1242,0,Tournament,-0.18121442125237186,-1.3282732447817835,4.6717267552182165,-6.0,0.01637295540537992,0.023170414243785104,0.053535218057413125,0.015483875790435808,-116.85100836250922,206.0,213.0,191.0579044117647,15.0
2023,1268,1452,1,Tournament,0.06060606060606055,-5.939393939393938,-7.8787878787878824,1.9393939393939448,-0.012317452846467125,-0.013924147623264299,-0.03349013126234823,-0.05330978220848781,-37.80378984811841,5.0,2.0,7.107692307692307,-1.0
2023,1281,1429,1,Tournament,-0.030303030303030276,1.7575757575757507,4.818181818181827,-3.0606060606060765,-0.015888362886755325,-0.007210691896091387,-0.0074220487028394955,-0.03604240236545861,-26.445266842482624,33.0,15.0,13.922171945701358,-3.0
2023,1129,1321,0,Tournament,0.0625,4.03125,2.1875,1.84375,0.03986646110469283,0.024825626340004903,-0.030716758228274327,0.010901653165264119,43.02058759482907,-11.0,16.0,-5.28427095292767,3.0
2023,1336,1401,1,Tournament,-0.10672268907563032,-0.9210084033613413,2.1941176470588317,-3.115126050420173,0.06382935904952441,-0.03287378180108359,-0.17580698880410428,-0.1945292267594909,-59.902013253648875,14.0,22.0,19.95067873303167,3.0
2023,1112,1343,0,Tournament,0.11982570806100212,7.713507625272328,2.6111111111111143,5.102396514161214,0.0028252648898133836,0.009587495785516181,0.01760777957503945,0.03842630132234698,72.04429828040384,-102.0,-99.0,-104.46047794117646,-13.0
2023,1158,1361,0,Tournament,0.09659090909090917,8.989583333333329,3.5511363636363598,5.438446969696969,0.013771652452243599,-0.01086940505688061,0.08293039980379302,-0.017898511010754375,-26.204223856845374,59.0,42.0,33.43805704099822,7.0
2023,1397,1418,1,Tournament,-0.0696969696969697,-3.778787878787881,-12.5030303030303,8.72424242424242,-0.015169263924371457,-0.004719277927765414,0.040416938831277394,-0.0191486532762227,-31.042714783671272,-87.0,-88.0,-73.90165441176471,-9.0
2023,1159,1400,0,Tournament,-0.007130124777183555,0.29857397504456173,1.8306595365419014,-1.5320855614973397,0.04729631153374392,0.0005748712851057769,-0.02913944505109431,-0.05155997441776661,-58.21516173663758,108.0,104.0,104.38878676470588,13.0
2023,1417,1421,1,Tournament,0.0716911764705882,0.9430147058823479,-8.955882352941174,9.898897058823522,-0.04717356223704494,-0.0473611269801707,0.07483139551379409,-0.05557540179764339,67.85331025091591,-144.0,-151.0,-128.12316176470588,-13.0
2023,1124,1364,1,Tournament,-0.09375,5.34375,4.5,0.84375,0.013430929461025642,0.010937803846843813,0.0739923905905216,0.005274264242268012,-11.154479749239727,-87.0,-93.0,-87.49816176470588,-11.0
2023,1163,1233,1,Tournament,-0.036541889483065915,2.0721925133689894,0.030303030303031164,2.041889483065958,0.009620492202072395,0.02315689261209619,0.07856076613496127,0.019852578939238086,-1.1705293538327624,-70.0,-73.0,-59.498161764705884,-9.0
2023,1166,1301,1,Tournament,-0.06060606060606066,-1.5454545454545467,-2.3030303030302974,0.7575757575757507,0.03515527291907994,0.026792388167481987,-0.050370775916181526,0.038442663607599015,12.274451808398908,-42.0,-35.0,-18.715269804822043,-5.0
2023,1192,1345,1,Tournament,-0.3216911764705882,3.193014705882348,13.233455882352942,-10.040441176470594,0.019128736645728228,-0.010023739910184182,-0.06706535149900877,-0.07626732334260478,-198.49192290836368,305.0,297.0,290.08547794117646,15.0
2023,1194,1272,1,Tournament,0.14154411764705888,-1.637867647058826,-6.659926470588232,5.022058823529406,0.009686127372217301,-0.023675210216626108,-0.032199530899335194,-0.1174055184165225,11.515929412648802,7.0,27.0,3.168894830659532,1.0
2023,1211,1213,1,Tournament,0.1875,14.1875,5.1875,9.0,0.03271409477974385,-0.010119499124225495,-0.0165235657961339,-0.029285357235620202,98.31195405306676,-101.0,-108.0,-96.84191176470588,-11.0
2023,1231,1245,1,Tournament,-0.14583333333333337,-0.6884469696969688,2.1107954545454533,-2.799242424242422,0.032335719654098094,0.012122469658803509,-0.006849284019785684,0.013825372913346484,-30.38113978839465,-41.0,-47.0,-35.87171945701357,-9.0
2023,1243,1286,1,Tournament,0.0,4.46875,2.09375,2.375,0.00989781040825044,0.01643158356857971,0.05627323354736752,-0.04348392919306038,-14.141011595621876,-86.0,-106.0,-91.98253676470588,-11.0
2023,1246,1344,1,Tournament,0.0,-3.03125,-3.28125,0.25,-0.003218290487261688,0.00119000557272389,0.04334357794542659,-0.04951498652642808,60.58765300057621,-16.0,-18.0,-21.207347876004597,-5.0
2023,1266,1436,1,Tournament,0.13602941176470584,7.784926470588232,3.869485294117652,3.91544117647058,0.017661830053946836,0.0026740682901008894,0.05550198322202038,-0.0110248918440633,80.89701551723897,-101.0,-92.0,-99.43566176470588,-13.0
2023,1179,1274,0,Tournament,0.006628787878787845,-5.557765151515156,-7.731060606060609,2.1732954545454515,-0.04485139291269413,0.003490238903667009,-0.03941320576167748,-0.014059143126758405,22.606912802569695,26.0,20.0,24.658088235294116,7.0
2023,1277,1425,1,Tournament,-0.07459677419354838,-2.555443548387103,0.1370967741935516,-2.692540322580655,0.013056745921889212,-0.014100172830797786,-0.040676542659963094,-0.03469516962527058,-16.460646177434683,-4.0,-6.0,-5.07692307692308,-3.0
2023,1235,1338,0,Tournament,-0.07291666666666663,-7.683712121212125,-7.734848484848484,0.05113636363635976,-0.024938230527480343,0.023366824569695993,0.04726785321677063,-0.06373642224742021,-9.414479614608808,-54.0,-27.0,-37.35384615384615,-5.0
2023,1388,1433,1,Tournament,-0.012867647058823484,-0.47242647058823195,-2.911764705882362,2.439338235294123,0.011726946605009836,-0.027961153190308313,0.032288493680268426,-0.05722762662076608,-37.63891418860521,-47.0,-28.0,-29.05542986425339,-7.0
2023,1113,1395,0,Tournament,0.010695187165775444,-4.858288770053477,-0.20320855614973254,-4.6550802139037435,-0.03157573742064779,-0.004606078191594198,-0.0382044648151591,-0.025164169853177376,-18.313963533507604,41.0,45.0,34.56486796785304,5.0
2023,1244,1462,0,Tournament,0.006641366223908873,-7.669829222011387,-3.2201138519924086,-4.449715370018978,-0.019054938604116556,0.0043341387012302,-0.03093547720516318,0.037234455847967,4.171426789819407,111.0,133.0,93.27205882352942,11.0
2023,1104,1268,1,Tournament,0.21657754010695185,11.81283422459893,5.348484848484851,6.464349376114079,0.0027408686504569735,0.038952841668028204,0.023944206891113595,0.040259206268218106,137.03555555887942,-19.0,-23.0,-31.86742081447964,-7.0
2023,1116,1242,1,Tournament,-0.1880570409982174,-0.5169340463458099,-0.547237076648841,0.030303030303031164,0.016812099738199804,-0.01082165697001028,0.03601251575550163,0.04582790037065851,-101.89876549700239,11.0,16.0,20.165837104072395,7.0
2023,1120,1222,0,Tournament,-0.2867647058823528,-2.310661764705884,10.5625,-12.873161764705884,0.024165929549840592,0.03345758495804829,-0.050198822427561296,0.03732950388751263,-136.8428419631357,28.0,24.0,28.71923076923077,8.0
2023,1281,1343,0,Tournament,0.023569023569023573,4.5218855218855225,5.686868686868692,-1.1649831649831697,-0.0226107325472934,-0.007360295406746903,-0.013875115661898224,0.015428777995633997,22.720104913897785,-61.0,-55.0,-74.72518382352942,-8.0
2023,1202,1361,0,Tournament,-0.03830645161290325,9.043346774193552,7.574596774193552,1.46875,0.060487489216155266,-0.005684239406485103,-0.004005518472308289,-0.025554023176864976,-70.86047725178355,75.0,52.0,73.07536764705883,8.0
2023,1181,1397,0,Tournament,0.06773618538324411,0.7415329768271022,5.910873440285201,-5.169340463458099,-0.0011279111659607821,0.0176550768793029,-0.011132762656522022,0.010216096081385406,101.04442882547619,16.0,5.0,4.029411764705886,1.0
2023,1336,1400,0,Tournament,-0.13613445378151257,-5.538655462184877,0.9882352941176578,-6.526890756302535,0.023735758801483042,-0.015552771945826813,-0.0785486724599383,-0.08852266846491869,-64.34584477745716,33.0,36.0,36.7447963800905,8.0
2023,1321,1417,0,Tournament,-0.1966911764705882,-6.255514705882348,2.174632352941174,-8.430147058823522,-0.013066808042371703,-0.003957684205172507,-0.04274630270443397,0.023375742197794286,-113.44436894232581,40.0,37.0,36.29060579455663,5.0
2023,1163,1388,1,Tournament,-0.02367424242424243,7.485795454545453,5.030303030303031,2.455492424242422,0.008370612768461294,0.013814967828471802,0.08555499424578877,-0.0027362855117601947,-1.364912618579865,-7.0,-11.0,-5.1470588235294095,-1.0
2023,1124,1166,0,Tournament,0.051136363636363646,0.5198863636363598,1.7651515151515156,-1.2452651515151558,-0.005151055304768781,0.012527467353930621,0.07666792988763368,0.057199209876661605,4.395364117988493,2.0,2.0,-9.5256804214223,-3.0
2023,1192,1194,0,Tournament,-0.375,-1.875,10.6875,-12.5625,-0.011553021493540871,-0.0002543054985073845,0.03354476126268813,0.04618283369749751,-214.8763317887474,286.0,265.0,273.0266544117647,7.0
2023,1211,1395,1,Tournament,0.20738636363636365,11.318181818181813,5.9659090909090935,5.35227272727272,0.0496938528591091,-0.009400575892991092,-0.037043589823316125,0.0013465707345915179,103.36677906520731,-19.0,-17.0,-20.887620719929764,-3.0
2023,1243,1246,1,Tournament,0.0625,0.4375,1.0,-0.5625,0.008404419342099845,0.04340001048202291,-0.0843232131226836,0.04509810114708171,-12.491732229621448,-4.0,5.0,-7.268217734855131,-3.0
2023,1231,1274,0,Tournament,-0.11458333333333337,-4.375946969696969,-3.6704545454545467,-0.7054924242424221,-0.014905122686823757,0.015044549202972712,-0.0032371543240356515,-0.003952428721395007,-26.715131203600777,-10.0,-17.0,-5.3088235294117645,-1.0
2023,1266,1277,0,Tournament,0.21062618595825422,9.715370018975335,3.2011385199241005,6.514231499051235,0.03353920692069501,-0.006242203558842113,-0.00045170201888430905,-0.02399185933554271,122.43165679034564,-20.0,-18.0,-25.521719457013575,-5.0
2023,1338,1462,0,Tournament,-0.06862745098039225,-5.290552584670223,-3.5739750445632836,-1.7165775401069396,-0.013394754493933902,-0.014423942819507013,-0.012404805573295097,0.048706913830841525,-43.37197433924598,61.0,43.0,46.64705882352941,8.0
2023,1116,1163,0,Tournament,-0.1515151515151515,-4.030303030303031,2.3636363636363598,-6.393939393939391,-0.0010751020948640555,0.0017989478041557094,-0.09482831060740837,0.0412259058657552,-61.68906002793233,16.0,17.0,16.37171945701357,4.0
2023,1194,1397,1,Tournament,0.20928030303030298,6.368371212121218,7.250946969696969,-0.8825757575757507,0.03148441477211372,-0.006298760998256797,-0.0863673475353337,-0.0521453111445718,96.99450944581918,21.0,33.0,10.500000000000002,5.0
2023,1211,1417,1,Tournament,-0.009191176470588203,12.588235294117652,13.580882352941174,-0.9926470588235219,0.07244110425670769,0.018178340523794495,-0.046393053831795705,0.050802441007049004,8.234467955678156,6.0,1.0,2.0,1.0
2023,1243,1277,1,Tournament,0.10584677419354838,5.274193548387103,1.6441532258064484,3.630040322580655,-0.004339128550409965,0.03931701202707599,0.05576488045443942,0.0627016240484812,21.6652999486505,-8.0,-5.0,-15.521719457013571,-4.0
2023,1166,1343,1,Tournament,-0.06734006734006737,1.6734006734006783,-0.4040404040404013,2.0774410774410796,-0.0028379197194592365,-0.003963683432520321,-0.024055073217793627,0.003143023409578005,-0.012781545373172776,-99.0,-96.0,-89.33185634328359,-9.0
2023,1222,1274,0,Tournament,0.1305147058823528,-4.376838235294116,-15.625,11.248161764705884,-0.07495682697778716,-0.01610869495643749,0.09646591857167752,-0.004600412992107811,61.81417933864441,-39.0,-33.0,-28.279411764705884,-4.0
2023,1104,1361,0,Tournament,0.0404411764705882,10.83272058823529,4.6875,6.14522058823529,0.014756970649801249,0.03341677814298799,0.03581128540617118,0.022556808030984532,13.591731960415927,-11.0,-27.0,-13.661764705882351,-4.0
2023,1400,1462,1,Tournament,0.02941176470588225,-3.558823529411754,-6.64705882352942,3.0882352941176663,-0.01865138350739648,-0.019102337850935402,-0.027598304340587576,0.037130622085583403,50.8891191525272,-10.0,-11.0,-11.88235294117647,-1.0
2023,1163,1211,1,Tournament,-0.08617424242424243,-8.045454545454547,-8.844696969696969,0.7992424242424221,-0.033029760629117444,0.016690636139483905,0.1238042014722508,-0.014227420127143009,-58.44032069054174,-4.0,2.0,3.25,1.0
2023,1194,1243,1,Tournament,0.1875,2.65625,-3.75,6.40625,0.020455642307517063,-0.04152803780027481,-0.02321210003388302,-0.1057084903609681,85.07656632672683,2.0,17.0,1.955882352941174,6.0
2023,1274,1400,1,Tournament,0.016544117647058876,1.553308823529406,4.713235294117652,-3.159926470588246,0.019037850476427698,-0.003773771173662621,0.009051752881873265,-0.0194487720770731,-37.32457111652025,34.0,30.0,24.058823529411768,3.0
2023,1166,1361,0,Tournament,-0.17613636363636365,5.29261363636364,4.672348484848484,0.6202651515151558,0.04262930177390761,-0.0034754028147061244,-0.034594937341938,-0.037994368618122276,-89.91462648363176,-1.0,-17.0,8.290386303775241,1.0
2023,1163,1274,1,Tournament,-0.02367424242424243,-0.9517045454545467,-7.094696969696969,6.142992424242422,-0.02574514758941371,0.023288012632872113,0.1279527825861994,0.0043293142566172005,-2.7899254627479877,-36.0,-29.0,-20.808823529411768,-1.0
2023,1194,1361,0,Tournament,0.09375,6.8125,1.46875,5.34375,0.0389199395668301,-0.008683433794000522,-0.0082434883055309,-0.08906649177106588,-4.441192336452559,12.0,14.0,7.470588235294118,4.0
2023,1163,1361,1,Tournament,-0.05492424242424243,7.110795454545453,1.2178030303030312,5.892992424242422,0.025819562063581325,0.009835067495772287,0.11747786178500819,-0.02843018861289698,-52.55906070892979,-10.0,-22.0,-5.735294117647058,-1.0
2024,1161,1438,1,Tournament,-0.009469696969697017,11.549242424242422,9.455492424242422,2.09375,0.06031550830060983,0.018545076199192587,-0.0067889650678150115,0.07900940458977959,1.1767995725629135,-31.0,,-14.24561403508772,0.0
2024,1224,1447,0,Tournament,0.017241379310344807,12.966594827586206,12.21551724137931,0.7510775862068968,0.07653889455732393,0.05159673863033459,0.033652595770277405,0.13373566881273968,24.966868830098974,-17.0,,-24.596491228070192,0.0
2024,1129,1160,0,Tournament,-0.03921568627450989,-5.02745098039216,-3.30980392156863,-1.7176470588235304,-0.03664478145652034,-0.025667053392631395,0.010641352315752084,-0.013871721849925578,-12.54288392906733,13.0,,12.929824561403514,0.0
2024,1212,1286,1,Tournament,0.06451612903225801,-8.516129032258064,-5.451612903225808,-3.0645161290322562,-0.0611690254548255,0.02421952374836009,0.0723275707140204,0.05070206327454099,13.115745982164071,54.0,,30.89473684210529,0.0
2024,1112,1253,1,Tournament,0.18181818181818177,11.393939393939391,-3.6969696969696884,15.09090909090908,0.03819000709395948,-0.006852935950167116,0.02557317773820833,-0.003251421384843578,75.03435961636592,-157.0,,-155.43070175438598,-13.0
2024,1103,1166,0,Tournament,-0.03125,-8.1875,-2.90625,-5.28125,-0.033800706754209986,0.011295344024778498,0.034337118703844594,0.0540197090380643,-77.62740458706594,105.0,,97.24649122807017,11.0
2024,1173,1305,1,Tournament,-0.007056451612903247,-1.1955645161290391,-1.0221774193548328,-0.17338709677420638,0.02468232455309527,0.0041657174887604065,-0.03049557102578529,-0.0399841364843328,-35.6167829374765,-4.0,,0.3347457627118686,-3.0
2024,1140,1182,0,Tournament,0.02049910873440286,11.789661319073076,3.3208556149732544,8.468805704099822,0.035763480207663845,-0.017285232458843613,0.03772158062674302,-0.05012689077783811,-36.11179756568299,-70.0,,-52.513529586678565,-5.0
2024,1211,1270,1,Tournament,-0.1223581757508343,5.1968854282536086,5.32035595105674,-0.12347052280313342,-0.012974014807645484,0.013883388684028594,0.008852573563145394,-0.01508755730306749,7.74773320196141,-45.0,,-48.30087719298246,-7.0
2024,1228,1287,1,Tournament,0.03137254901960784,11.97843137254901,8.127450980392155,3.850980392156856,-0.006721047758171506,-0.02696352769548338,0.06241015584824272,0.06504845369059528,89.76774224188466,-101.0,,-106.45526315789475,-11.0
2024,1235,1355,1,Tournament,0.18121442125237186,0.04269449715370399,-10.35104364326375,10.393738140417454,-0.05023371732136389,-0.0019764206171997978,0.08602791536433649,0.033399279762475476,128.39683342756825,-129.0,,-136.5201754385965,-13.0
2024,1242,1359,1,Tournament,-0.16633064516129037,-9.34375,-5.278225806451616,-4.065524193548384,0.007317342328143406,-0.010389135884744105,-0.04378555907345483,-0.02504688204508948,-52.14285832695987,-59.0,,-55.096491228070164,-9.0
2024,1277,1280,1,Tournament,-0.04188948306595364,-1.6434937611408174,-3.1194295900178304,1.475935828877013,-0.0024225162453813676,-0.03210348601229271,-0.05399815406133851,-0.0445667280814247,-11.688336334725363,-12.0,,-3.0,1.0
2024,1301,1403,1,Tournament,-0.08585858585858586,0.7853535353535364,3.3611111111111143,-2.5757575757575775,-0.019688403127648524,-0.02852113544400149,0.007953027267542323,-0.03421536839177211,-6.339578323694923,34.0,,31.666666666666657,5.0
2024,1314,1447,1,Tournament,0.3113590263691683,19.780933062880322,7.200811359026368,12.580121703853955,0.05298930110058314,-0.002364802341180111,0.009873961113160745,0.07151315220021659,184.11665141100866,-284.0,,-282.8622807017544,-15.0
2024,1246,1324,0,Tournament,0.04227941176470584,13.025735294117652,6.775735294117652,6.25,0.0384145064075212,-0.0160834564822825,-0.022535860940296415,0.0218830208950532,43.715876444048035,-118.0,,-103.38070175438598,-11.0
2024,1332,1376,1,Tournament,-0.11140819964349369,3.293226381461679,4.883244206773625,-1.5900178253119464,0.043389753353688054,-0.0014086650428407899,-0.03822260332339511,-0.004833741590714785,-28.048115254597406,6.0,,14.638596491228078,5.0
2024,1389,1397,0,Tournament,-0.16935483870967738,-14.371975806451616,-4.649193548387103,-9.72278225806452,-0.044363263367440564,0.03499434164411591,0.019989100859293174,0.0295213979941919,-89.46299740618224,180.0,,186.08508771929823,13.0
2024,1161,1400,0,Tournament,0.0625,-1.40625,-0.84375,-0.5625,-0.004141101894755694,-0.007451116899704707,-0.0553008049853797,0.009701876078578281,6.816906510302715,11.0,,7.596491228070171,3.0
2024,1179,1450,0,Tournament,0.09090909090909094,5.969696969696969,3.7272727272727337,2.2424242424242333,0.02496224640136102,-0.011029673510782101,-0.07556361076661569,0.026757769200006,54.30747316135853,9.0,,2.1561403508771946,3.0
2024,1104,1158,1,Tournament,-0.13162878787878785,10.75,8.123106060606062,2.6268939393939377,0.05788690161901283,0.021961573010055593,-0.0019298241196357702,0.0789844651947206,-42.832522742317906,-85.0,,-70.40440083258994,-9.0
2024,1124,1159,1,Tournament,-0.03977272727272729,9.880681818181813,7.219696969696969,2.660984848484844,0.02621273922908185,0.005281734780993003,0.08194437375626379,0.11905553864229901,38.750012933775224,-131.0,,-116.74824561403508,-11.0
2024,1155,1307,1,Tournament,-0.07904411764705888,-4.152573529411768,0.3125,-4.465073529411768,0.02287542907679735,0.0003162348801696996,-0.05872511829168969,0.002289656065919188,-64.31128238579004,11.0,,9.614035087719294,-5.0
2024,1160,1196,1,Tournament,0.020168067226890796,-5.848739495798313,-7.3663865546218545,1.5176470588235418,0.029466459142215795,0.02579119816394171,-0.07194093154200532,0.016354257255914884,-12.752879159948861,-3.0,,3.281004234724744,3.0
2024,1163,1391,1,Tournament,0.2988614800759012,6.98671726755218,-10.717267552182165,17.703984819734345,-0.0020100877127895433,-0.008625348964936302,0.11198726750276616,-0.01840525196064402,182.0966547845194,-217.0,,-183.75701754385963,-15.0
2024,1181,1436,1,Tournament,-0.0625,9.1875,3.59375,5.59375,0.0235452705739172,-0.006457763731022886,0.08482599962767381,0.04945926443804799,-26.025814314184345,-96.0,,-77.10438596491227,-9.0
2024,1213,1388,1,Tournament,0.09375,5.1875,7.0,-1.8125,0.0033727502254309316,0.017245391158682205,-0.04892086049715488,0.1849683451056739,-38.21751284116499,33.0,,24.18859649122807,7.0
2024,1222,1255,1,Tournament,0.30170777988614794,-0.7447817836812192,-12.706831119544582,11.96204933586337,-0.0339973763459277,-0.03510232188648249,-0.019006612396593014,-0.09582930474663529,172.04693212191978,-155.0,,-166.61929824561403,-15.0
2024,1241,1458,1,Tournament,0.2805194805194806,7.912554112554105,-0.45800865800865154,8.370562770562756,-0.029827064112833757,0.0073121414157771986,0.01727646709691877,-0.052253718836365814,53.44439886629743,42.0,,29.32378725891292,7.0
2024,1266,1443,1,Tournament,0.10196078431372557,-0.8058823529411683,-4.560784313725492,3.7549019607843235,0.0038339556625807125,-0.031020107564426802,-0.022053977272001785,-0.05581716117408242,110.14438751740022,-120.0,,-121.95263157894738,-13.0
2024,1194,1321,0,Tournament,0.10132575757575757,8.857954545454547,4.272727272727266,4.5852272727272805,0.0016247985291908407,0.018595027219173,0.07034753855707992,0.03650193871039609,38.66612235360071,-5.0,,-7.556261343012707,-1.0
2024,1212,1345,0,Tournament,-0.3304007820136853,-18.26490713587488,-1.2805474095796683,-16.98435972629521,-0.04933284750230427,0.016389914336508993,-0.10574420743817059,-0.06648815131473912,-142.9596934378717,264.0,,248.27807017543861,15.0
2024,1361,1412,1,Tournament,0.02083333333333337,-3.206439393939391,-8.474431818181813,5.267992424242422,-0.009258957557438996,-0.006229086948949691,-0.03399065322406969,-0.025024554964273693,-4.952509961808573,-85.0,,-64.43324412726732,-7.0
2024,1304,1401,0,Tournament,0.10873440285204994,2.781639928698752,-0.7326203208556166,3.5142602495543684,0.07518680837313885,0.026254592279097988,-0.173625604449534,-0.037505953167723816,16.73072545579771,-16.0,,-17.280701754385962,-1.0
2024,1395,1429,0,Tournament,-0.1700879765395894,0.27468230694037743,-0.30596285434994286,0.5806451612903203,0.0019552693701457846,0.01095371632018749,0.0792905968082358,-0.00714326872813309,-61.82144081921183,-15.0,,-0.2684210526315809,1.0
2024,1120,1463,0,Tournament,0.10446247464503033,9.771805273833678,-0.10851926977687754,9.880324543610556,-0.012582049619634716,0.012858665260387397,0.056422152650034085,0.08958841866227388,80.9663876435809,-80.0,,-79.58508771929824,-9.0
2024,1112,1173,1,Tournament,-0.016617790811339184,13.197458455522977,5.952101661779082,7.245356793743895,-0.014851108798853874,-0.006890317190446998,0.10737172415546534,-0.01060374875618797,5.595945286065216,-26.0,,-25.4,-5.0
2024,1166,1332,1,Tournament,0.04227941176470584,5.20772058823529,-2.134191176470594,7.341911764705884,0.031653814378326484,0.008961797951922396,-0.02571784778263908,-0.029559398839236306,15.539543043819094,-44.0,,-36.088596491228074,-8.0
2024,1211,1242,1,Tournament,0.09677419354838712,8.645161290322577,0.25806451612903913,8.387096774193536,0.008716116807195307,-0.02700288104286999,0.059899477934425904,-0.00434994759249871,63.150260605547146,-7.0,,-0.783333333333335,1.0
2024,1182,1228,0,Tournament,-0.08823529411764697,-14.35294117647058,-7.205882352941174,-7.147058823529406,-0.022816357575782376,0.022407441719691,-0.07060453548370821,-0.05208334432544748,-26.613994978260735,76.0,,62.665789473684214,8.0
2024,1235,1450,1,Tournament,0.06684491978609619,1.2557932263814706,-5.584670231729049,6.84046345811052,-0.006125051855898012,0.005339881799064805,-0.0014602787117274918,0.04164018997116917,90.76653341623933,-37.0,,-32.083333333333336,-5.0
2024,1301,1324,1,Tournament,-0.065359477124183,-0.050653594771233657,-0.21732026143790506,0.16666666666667185,-0.00940136654081769,-0.0195166447438853,-0.014058128492804689,0.0211671622333707,22.954386233680452,-79.0,,-64.28070175438599,-3.0
2024,1277,1314,0,Tournament,-0.21836007130124768,-8.349376114081991,-4.29590017825312,-4.053475935828871,0.009046585740013935,0.0016969256600816995,-0.008772439363693929,-0.058139484904794814,-92.84332369615458,9.0,,24.40614035087719,8.0
2024,1397,1400,1,Tournament,0.125,2.9375,-2.0,4.9375,-0.03715652656520385,-0.0205610578890833,0.031681061402269006,0.012923847517292197,61.094753236000315,-20.0,,-26.734210526315792,-5.0
2024,1104,1213,1,Tournament,-0.21875,12.34375,14.375,-2.03125,0.047272486906769995,-0.0099546579662102,0.01649331599758641,-0.08243742551506,-28.24414365665575,-40.0,,-32.913172762414504,-8.0
2024,1124,1155,0,Tournament,0.03125,2.65625,-0.0625,2.71875,0.019635484641069234,0.027093912380167007,0.061965126390191694,0.05121669101618842,52.15585655807422,-20.0,,-21.186842105263153,-3.0
2024,1163,1321,1,Tournament,0.2555147058823528,7.783088235294116,-4.588235294117652,12.371323529411768,-0.0020260356741717,0.00947583573583169,0.13572142893653538,-0.0017076394686309226,155.2921710864157,-45.0,,-42.213157894736845,-8.0
2024,1181,1241,1,Tournament,-0.15909090909090917,-3.125946969696969,-2.0473484848484844,-1.0785984848484844,0.05046534493222066,-0.008550602767396387,-0.021411997810050765,0.045922615602188105,-32.95204194467283,-51.0,,-39.45344827586207,-8.0
2024,1222,1401,1,Tournament,0.2941176470588235,-1.764705882352942,-13.852941176470587,12.088235294117652,0.009585550796627873,-0.002241073278929001,-0.0636374296121503,-0.09970547497364032,118.1846362871604,-42.0,,-45.16315789473684,-8.0
2024,1160,1266,0,Tournament,-0.02941176470588236,1.0,1.470588235294116,-0.470588235294116,0.01319538570535106,0.030671124437499503,0.0479350633281935,0.1028628865800657,-24.50193326913063,14.0,,17.198245614035088,8.0
2024,1345,1429,1,Tournament,0.07233626588465303,4.426197458455519,-1.3968719452590364,5.823069403714557,0.02649573202276556,0.018284062971418796,0.11293939613120979,0.07843478404876952,48.86034774309019,-45.0,,-34.61666666666667,-7.0
2024,1361,1463,1,Tournament,-0.0021551724137931494,0.635775862068968,-0.7941810344827616,1.4299568965517286,-0.029024253742081563,0.014715481057250707,0.04999958269450672,0.07499012982664457,6.482443428171337,-63.0,,-59.1876300921796,-8.0
2024,1104,1314,1,Tournament,-0.13786764705882348,9.279411764705884,10.827205882352942,-1.547794117647058,0.04663555182470369,0.018269431090353505,0.034787768286486775,0.02075262323255539,-62.203742038300334,4.0,,7.475423728813561,3.0
2024,1112,1155,0,Tournament,0.10132575757575757,10.533143939393938,0.9299242424242493,9.603219696969688,0.002402951880531634,0.013161345858902301,0.07547431357179302,0.022602922147488436,50.37842859778493,-28.0,,-28.55350877192982,-4.0
2024,1163,1361,1,Tournament,0.2242647058823528,7.283088235294116,-2.931985294117652,10.215073529411768,0.03446629661958195,-0.00753926687261991,0.06780188347124455,-0.04697539851310109,117.80087838320537,-20.0,,-23.797457627118643,-4.0
2024,1228,1235,1,Tournament,-0.02941176470588236,8.85294117647058,12.5,-3.64705882352942,0.017877468395230356,-0.015555730818666985,0.03543206281841521,0.0317216390459128,-26.823463125955186,5.0,,4.099999999999999,1.0
2024,1181,1222,1,Tournament,-0.13235294117647056,6.814338235294116,10.466911764705877,-3.652573529411768,0.0803110799596149,0.006465997155948006,-0.06658553920911608,0.0739968040077491,-95.02756296493021,6.0,,10.883333333333333,3.0
2024,1266,1301,0,Tournament,0.12418300653594772,1.9330065359477118,-2.988562091503269,4.921568627450981,0.018335912679091515,0.0101244099285865,-0.033421412478389506,-0.05882778750611681,22.652368004397204,-46.0,,-45.566666666666656,-9.0
2024,1211,1345,0,Tournament,-0.10459433040078203,0.2512218963831856,-0.7966764418377323,1.0478983382209144,-0.00416718732723953,-0.0327459334677751,-0.07214175771012021,-0.12156933298366021,-37.572534960547955,12.0,,15.433333333333334,4.0
2024,1166,1397,0,Tournament,-0.03125,1.0625,1.84375,-0.78125,0.052770887139488964,0.015956606883454794,-0.0742345355497866,-0.046665970664649614,-16.74116314078674,4.0,,7.066666666666667,1.0
2024,1104,1155,1,Tournament,0.0,13.34375,9.75,3.59375,0.026746435494761966,0.014542139436300006,0.0664914064101011,0.0420501973194608,36.951869399255656,-21.0,,-20.87808504311626,-2.0
2024,1163,1228,1,Tournament,0.1470588235294117,-2.941176470588232,-9.382352941176478,6.441176470588246,0.006701205665991861,0.00026668492620418593,0.02324787324660288,-0.06523260503651299,53.38762637366585,-9.0,,-7.933333333333333,-2.0
2024,1181,1301,0,Tournament,0.13888888888888884,3.4826388888888857,-5.256944444444443,8.739583333333329,0.034606838804823514,0.0005588779657873105,0.00873096961932951,0.012169112706779894,-2.099428387761691,-50.0,,-45.01666666666666,-7.0
2024,1345,1397,1,Tournament,0.12878787878787878,3.925189393939391,2.276515151515156,1.6486742424242369,0.037298007633208674,0.0350062053570383,0.0645743893050249,0.104232572307699,37.40521437599659,-4.0,,-3.666666666666666,-1.0
2024,1104,1163,0,Tournament,-0.2555147058823528,9.279411764705884,16.650735294117652,-7.371323529411768,0.026337911550356696,0.011578090487608106,-0.03998978080697507,0.0657825738518443,-121.15625935125445,12.0,,12.47542372881356,3.0
2024,1301,1345,0,Tournament,-0.2676767676767676,-7.032828282828277,2.542929292929287,-9.575757575757565,-0.026415397669128482,-0.036789916761522004,-0.0972964541855218,-0.10980469794125461,-65.87572286722093,55.0,,54.716666666666654,10.0
2024,1163,1345,1,Tournament,0.032976827094474026,-1.923351158645275,-5.739750445632808,3.816399286987531,-0.007712017788127912,-0.028106938881726606,-0.0028879652494386288,-0.12703391803626582,42.96600033295408,-2.0,,-0.9000000000000004,0.0
2025,1106,1384,1,Tournament,0.11212121212121212,4.181818181818187,-0.9818181818181841,5.163636363636371,-0.052836149503769025,-0.057756305717163794,0.016022502084125895,0.028729453008148498,18.54912041746934,-35.0,,-32.40740740740739,0.0
2025,1314,1361,1,Tournament,-0.06108374384236459,10.937931034482759,10.833497536945814,0.1044334975369452,0.03460006319623582,-0.006894737485904495,0.0103496353830147,0.036952898958320296,25.209595057464867,-23.0,,-13.666666666666664,0.0
2025,1110,1291,0,Tournament,-0.011363636363636354,-1.8901515151515156,-1.9365530303030312,0.04640151515151558,0.008313441406130773,-0.049541615785603094,-0.0624293440103415,0.002344043949362884,-2.1288267687953066,-11.0,,2.7962962962963047,0.0
2025,1400,1462,0,Tournament,-0.09742647058823528,0.40992647058823195,1.360294117647058,-0.950367647058826,-0.011233009798062743,-0.021352634269889995,0.07789730536809872,-0.012819283952146099,-27.645441743766696,-1.0,,4.611111111111107,0.0
2025,1116,1242,1,Tournament,-0.030303030303030276,0.3939393939393909,1.8787878787878896,-1.4848484848484986,-0.009438562059838507,-0.0019283497204741207,-0.020811358267331714,0.08250933164546362,24.980810220233252,19.0,,17.74074074074074,3.0
2025,1106,1120,0,Tournament,-0.3030303030303031,-11.666666666666657,2.8787878787878753,-14.545454545454534,-0.07468280892994739,-0.0008833489102936937,-0.06406650187259921,-0.021248581498698405,-157.94168387718923,271.0,,256.30820105820106,15.0
2025,1140,1433,1,Tournament,-0.09090909090909094,4.63636363636364,8.363636363636353,-3.7272727272727195,0.03910970854640228,0.008002470895825703,-0.04454783453504324,-0.037050298422131395,-14.761141151217998,-7.0,,-11.157407407407405,-5.0
2025,1166,1257,1,Tournament,-0.08823529411764697,-3.352941176470594,0.6176470588235361,-3.97058823529413,0.03229421234673702,0.012778923203388304,-0.0707299911057066,-0.03302343539599581,-51.282119738743404,13.0,,16.560185185185183,1.0
2025,1179,1281,1,Tournament,0.23655913978494614,-15.74486803519062,-14.106549364613876,-1.6383186705767425,-0.012982115249437043,0.007486919759298799,0.04901477848442948,-0.06347267312162547,90.24127482628137,43.0,,24.598544973544975,5.0
2025,1208,1211,0,Tournament,-0.13257575757575757,-11.07386363636364,-0.32386363636364024,-10.75,-0.026089776644992124,0.04139722884778431,0.041510235744416535,0.044509698477307874,-78.23011570960921,25.0,,17.009920634920636,1.0
2025,1188,1222,0,Tournament,-0.24901960784313726,-3.6058823529411796,9.496078431372545,-13.101960784313732,-0.014019645721992935,0.014334002378785404,-0.07277132125836072,-0.012976139370524692,-206.7778840577853,212.0,,203.29034391534387,15.0
2025,1155,1270,0,Tournament,0.011730205278592476,1.0107526881720332,1.569892473118287,-0.5591397849462574,0.0051651799884265825,-0.014069760087483896,0.0010726503314226754,-0.04395079959651649,29.44649388178891,-41.0,,-46.199074074074076,-7.0
2025,1276,1471,1,Tournament,-0.13970588235294112,0.327205882352942,8.391544117647058,-8.064338235294116,0.024942517554444432,0.0636536249822046,0.0962419169258828,0.011776912099092401,-16.550953949697032,-12.0,,-21.23809523809523,-7.0
2025,1219,1345,0,Tournament,0.17708333333333337,3.8399621212121247,-0.5596590909090935,4.399621212121218,-0.014861681364276791,-0.015989900625708903,0.04238236802284101,0.0634472132994297,44.449239968346774,65.0,,55.672619047619044,9.0
2025,1303,1385,0,Tournament,-0.25735294117647056,-0.955882352941174,10.086397058823536,-11.04227941176471,0.037893105209035494,0.0011339127623127832,-0.06015122379894211,0.060924819243592,-130.54487616707047,145.0,,140.85714285714286,13.0
2025,1397,1459,1,Tournament,0.2628676470588235,1.329044117647058,-7.626838235294109,8.955882352941174,-0.032525520188979806,-0.008778058225274513,-0.02932466987447907,0.0645909403801968,140.3019126595334,-113.0,,-137.6223544973545,-13.0
2025,1401,1463,1,Tournament,-0.0625,-6.6875,-2.6339285714285694,-4.053571428571431,-0.07030666100824767,0.018794570590846105,0.0988743399450645,0.05373143839102487,-11.494047814488795,-56.0,,-55.175264550264544,-9.0
2025,1403,1423,1,Tournament,-0.02367424242424243,4.1278409090909065,-2.392992424242422,6.520833333333329,0.031452856585241606,0.0006149562495491867,-0.017767187976024224,-0.0363595698678488,22.26529722251371,-99.0,,-82.2718253968254,-11.0
2025,1417,1429,1,Tournament,-0.09375,-5.0,-4.78125,-0.21875,-0.014085586342934109,0.0006236860723187743,0.010815266851394223,-0.016909706042004424,-0.5424066761001995,-27.0,,-13.722222222222214,-3.0
2025,1285,1458,0,Tournament,-0.03317972350230414,-4.2626728110599,4.248847926267274,-8.511520737327174,0.026942617131768154,0.021255847098823888,-0.05362280833283542,-0.009288261748614302,-46.927260694955294,148.0,,113.41071428571429,11.0
2025,1104,1352,1,Tournament,0.0,14.333333333333343,10.393939393939391,3.9393939393939537,0.05247265029998621,-0.01883519345959489,-0.03359444524386851,0.018565396336352014,51.4250967440355,-132.0,,-116.90939153439153,-13.0
2025,1103,1112,0,Tournament,0.1654411764705882,2.233455882352942,3.465073529411768,-1.231617647058826,0.006846211470301733,0.002500239546603611,-0.0514503739760947,-0.1010543214532949,9.306555398462251,83.0,,64.64021164021165,9.0
2025,1124,1280,1,Tournament,-0.07386363636363635,-4.257575757575751,-4.495265151515156,0.23768939393940514,0.008013854564258738,0.00645504327494191,0.015094804132824213,0.0070101143112984154,-3.0354045516946826,-3.0,,4.462962962962969,1.0
2025,1161,1272,1,Tournament,-0.11764705882352933,-4.911764705882348,-6.147058823529406,1.235294117647058,0.03164003188136488,-0.012247764382299797,-0.07455791782587232,-0.04887689643834059,0.8620855405085877,-6.0,,11.001984126984127,7.0
2025,1163,1328,1,Tournament,0.09090909090909094,-1.4545454545454533,-6.818181818181813,5.36363636363636,0.003911950553136867,-0.017229132113015605,0.09458601148017381,-0.09004589578420208,32.24692066994044,-3.0,,-8.74074074074074,-1.0
2025,1181,1291,1,Tournament,0.27540106951871646,13.190730837789658,-8.118538324420669,21.309269162210335,0.05174139656520116,-0.05534194058027239,0.008713361732297864,0.023337915696812706,171.41239587346354,-248.0,,-207.1005291005291,-15.0
2025,1196,1313,1,Tournament,0.20493358633776093,10.508538899430732,-1.7969639468690701,12.305502846299802,0.008527812232209775,-0.026604883708161886,0.0702929713966966,-0.0110209430863491,190.64028511363608,-178.0,,-160.46825396825398,-15.0
2025,1228,1462,1,Tournament,-0.019886363636363646,5.786931818181813,3.731060606060609,2.055871212121204,-0.02466538828210374,-0.007513175543559292,0.13256730917732193,-0.02735293024231511,19.725494245764594,-22.0,,-21.17261904761905,-5.0
2025,1235,1252,1,Tournament,0.008522727272727293,2.6761363636363598,0.31060606060606233,2.3655303030302957,-0.007023754671655724,0.025589423798673308,0.08094330694076801,0.03936860043980128,19.421873483880745,-72.0,,-82.0839947089947,-11.0
2025,1246,1407,1,Tournament,-0.010752688172043001,12.85141739980449,11.878787878787875,0.9726295210166143,0.05360324986517084,-0.03001196355492569,-0.10597187913139577,0.0017901640683045117,46.31358319928722,-77.0,,-86.6058201058201,-11.0
2025,1213,1268,0,Tournament,0.02367424242424243,-3.1666666666666714,2.65625,-5.822916666666671,-0.0231915699884207,0.035331498400325984,0.038532920992979725,0.03718223053772041,-46.73179476384439,81.0,,68.81944444444444,9.0
2025,1136,1277,0,Tournament,-0.16193181818181823,2.192234848484844,7.288825757575751,-5.096590909090908,0.013385710213744129,0.002798800329970902,0.0026783659797471326,-0.062445818197392505,-118.00757143847773,140.0,,134.6845238095238,13.0
2025,1279,1314,1,Tournament,0.03809523809523807,-3.61818181818181,-3.2441558441558414,-0.3740259740259688,-0.02864263525604993,-0.0183814494036615,-0.0359301865217011,0.010346531027172201,8.982565676242984,-4.0,,-12.25925925925926,-5.0
2025,1266,1307,0,Tournament,-0.08428030303030298,-3.0899621212121247,-2.2357954545454533,-0.8541666666666714,0.015143724527633629,-0.009702304968221595,-0.015755583211864932,-0.0699989752438756,-38.669519503322135,-15.0,,-9.399470899470899,-3.0
2025,1251,1332,0,Tournament,0.07917888563049846,-1.8572825024437947,-6.197458455522977,4.340175953079184,0.04829343552022458,-0.01284237776903599,-0.09232182526329849,-0.0315175816306964,6.938967492882057,27.0,,35.634006734006725,7.0
2025,1388,1435,1,Tournament,0.21875,-6.25,-13.40625,7.15625,-0.018742202409206654,0.001813421401057197,0.05802191939887241,-0.052322320946286305,96.07343105367386,-26.0,,-24.63756613756614,-3.0
2025,1116,1385,1,Tournament,-0.2762923351158645,-2.099821746880565,5.269162210338692,-7.368983957219257,0.024123046148142924,0.006292282839871682,-0.0863174487919337,0.0555902365327946,-106.8942991917163,28.0,,33.54232804232804,8.0
2025,1120,1166,1,Tournament,0.142602495543672,8.613190730837786,0.07664884135472505,8.536541889483063,0.008261356945118647,-0.0450146001080684,0.0755579276684662,0.021334573897195896,55.02987405313797,-32.0,,-31.86375661375661,-8.0
2025,1140,1458,1,Tournament,-0.01558441558441559,1.2554112554112606,0.45021645021644474,0.8051948051948141,0.028050596269185935,0.018207007738825692,0.04547335966839067,-0.05977978931084388,19.373580122019803,11.0,,9.660714285714286,3.0
2025,1211,1222,0,Tournament,-0.124777183600713,12.430481283422466,11.165775401069517,1.264705882352942,0.04122406978068571,-0.008076584660542604,-0.06543182525291064,-0.007443953490199301,-73.14686777646489,6.0,,14.428571428571427,7.0
2025,1276,1401,1,Tournament,0.047794117647058876,3.952205882352942,3.297794117647058,0.654411764705884,0.06533862438171745,0.029622758806677196,-0.08064614779638879,-0.03601807204661206,56.328080099889576,8.0,,-0.3035714285714306,1.0
2025,1270,1345,0,Tournament,0.13978494623655913,-2.55620723362658,-6.994134897360709,4.437927663734131,-0.04523154851601918,0.0048918429122778995,0.041322221253218716,0.004539740712596774,44.12248053469352,40.0,,44.41335978835979,8.0
2025,1397,1417,1,Tournament,0.10661764705882348,-0.014705882352942012,-2.689338235294109,2.674632352941174,-0.014712133721924814,-0.012087149398320993,-0.014350707655581996,0.041849448427886626,80.36944002177961,-22.0,,-22.640873015873012,-5.0
2025,1179,1403,0,Tournament,0.1456500488758552,-12.199413489736074,-7.83382209188661,-4.365591397849464,-0.002332633740283807,0.010386940151962204,0.045552424365394195,0.05117664638036781,41.54128743958677,51.0,,34.919973544973544,8.0
2025,1104,1388,1,Tournament,-0.08617424242424243,17.746212121212125,20.049242424242422,-2.3030303030302957,0.05763147588488693,0.010639168571045798,-0.040455426477512935,0.08375125089620039,9.634878197570515,-16.0,,-17.660714285714285,-5.0
2025,1112,1332,1,Tournament,-0.0802139037433155,5.52317290552584,1.5017825311942943,4.021390374331546,0.0006354733924683886,0.001686605962700899,0.08248681243608141,0.036385410414573605,-7.470201978395153,-19.0,,-7.950649350649357,-1.0
2025,1124,1181,0,Tournament,-0.3492647058823528,-7.205882352941174,7.744485294117638,-14.950367647058819,-0.04027886424154903,-0.002412093281688593,0.04302357044959054,-0.0037138118221722027,-162.64876469746537,28.0,,34.93386243386244,8.0
2025,1163,1196,0,Tournament,-0.18538324420677355,-8.017825311942957,-1.2049910873440268,-6.81283422459893,0.019631890546468522,0.007904065689040896,-0.0069025068349874985,-0.042886721288847074,-124.16654273047743,33.0,,31.357142857142858,7.0
2025,1228,1246,0,Tournament,-0.030303030303030276,-1.4848484848484844,-3.2727272727272663,1.7878787878787818,-0.036766902471429996,0.0022993594121523964,0.07544990726596612,-0.012670586403242923,-7.303162091491913,4.0,,8.303571428571427,3.0
2025,1161,1268,0,Tournament,-0.022281639928698693,-6.431372549019613,0.08823529411765207,-6.5196078431372655,0.02108956259790773,0.019293074095067697,-0.02360754777202448,-0.016573088039861184,20.685721861651928,33.0,,30.430555555555557,8.0
2025,1277,1307,1,Tournament,0.03693181818181823,-1.8172348484848442,-3.5388257575757507,1.7215909090909083,-0.006551405733152993,0.013059546348039908,0.03357288378393036,0.04308709425424351,68.41256020923834,-35.0,,-28.703042328042326,-8.0
2025,1235,1279,0,Tournament,0.06060606060606066,3.1818181818181728,-3.6666666666666714,6.848484848484842,0.021736461488230052,0.036171157052763206,0.07030378293725581,0.018290626695367296,-11.939477115477985,-16.0,,-9.213624338624339,-3.0
2025,1104,1140,1,Tournament,0.030303030303030276,10.151515151515156,10.545454545454547,-0.3939393939393874,0.0035210775000312777,-0.0066967485283797035,0.011190259812041914,0.07511425986933978,12.252797154974814,-18.0,,-18.19642857142857,-4.0
2025,1112,1181,0,Tournament,-0.264705882352941,-0.970588235294116,10.52941176470587,-11.499999999999993,-0.04089523526037708,0.012172451683115093,0.04594064676296383,0.047632124492825584,-101.86777548310624,13.0,,16.07142857142857,3.0
2025,1196,1268,1,Tournament,0.124777183600713,3.7450980392156765,2.235294117647058,1.5098039215686185,0.009363037970677834,-0.0013689277201480998,0.07744010135462642,0.013200501561222489,84.44504379178034,-9.0,,-10.482142857142858,-3.0
2025,1116,1403,0,Tournament,-0.1515151515151515,-4.303030303030297,3.575757575757578,-7.878787878787875,-0.018281014998882794,0.018152767127496305,-0.07664431958414719,0.034729531601996516,-34.18826275859965,33.0,,30.345899470899468,7.0
2025,1120,1276,1,Tournament,0.11319073083778963,5.583778966131902,-1.629233511586449,7.213012477718353,0.013500126099477039,-0.0618305853759063,0.006674386941136201,-0.022743386085560313,14.1508788910146,-21.0,,-16.607142857142854,-4.0
2025,1222,1345,1,Tournament,0.21568627450980393,-3.6729055258467014,-12.62032085561497,8.947415329768276,-0.054330921459175174,-0.013473616684513495,0.08408442218598783,-0.004365247138777506,150.34231639659765,-16.0,,-16.32142857142857,-3.0
2025,1277,1279,1,Tournament,0.1515151515151516,0.9696969696969688,-4.484848484848484,5.454545454545455,-0.01927756245893708,0.026756772430300294,0.10743587353720768,0.029336233708709525,72.22632027069221,-18.0,,-15.999338624338623,-4.0
2025,1246,1397,0,Tournament,-0.12745098039215685,10.56773618538324,14.849376114081984,-4.281639928698752,0.039069354621553254,0.009165373917103606,-0.03630374467990061,-0.0020876218934811064,-58.25686984424465,11.0,,9.553571428571429,1.0
2025,1104,1181,0,Tournament,-0.15418894830659524,8.41532976827095,19.51247771836006,-11.097147950089115,-0.007004885974087771,0.005739783414682703,0.013927401444300713,0.04856501302490088,-53.703562527569375,5.0,,3.3392857142857144,1.0
2025,1196,1403,1,Tournament,0.124777183600713,4.502673796791441,1.65953654188948,2.8431372549019613,-0.003172607783388681,-0.0011952419574855766,0.021573729344069925,0.04669550726013408,100.45209271690737,-5.0,,-9.696428571428571,-2.0
2025,1120,1277,1,Tournament,0.030303030303030276,5.696969696969688,2.3636363636363598,3.3333333333333286,0.06029876633203868,-0.0284467264077036,-0.0071222247469516775,-0.06229677315007481,-9.219017127898951,-4.0,,-6.160714285714286,-1.0
2025,1222,1397,1,Tournament,0.08823529411764708,-0.529411764705884,-4.558823529411768,4.029411764705884,-0.004888996017389569,-0.00015821055479749158,0.0541304410367337,-0.032976090984419115,60.64150056112271,-2.0,,-2.4642857142857144,-1.0
2025,1120,1196,0,Tournament,-0.033868092691622054,-1.5632798573975037,0.3707664884135511,-1.934046345811053,0.016639120935791007,-0.01524796278293411,-0.02778960971006511,-0.04432694169356077,-56.25140266861649,2.0,,-0.32142857142857073,0.0
2025,1181,1222,0,Tournament,0.02941176470588225,8.5,3.441176470588239,5.058823529411761,0.05568527807876278,0.0070588234135950945,-0.06669777502169943,-0.008640151009451286,-16.178195057620314,-2.0,,-1.125,0.0
2025,1196,1222,1,Tournament,0.0,11.205882352941174,10.764705882352935,0.44117647058823195,0.030525404685766033,0.002179088285201608,-0.011572918050043401,0.028950553910017274,-6.0349651045519295,-1.0,,-0.6964285714285716,0.0
